created_at,flowrate
2022-03-30 18:39:11+00:00,10.41
2022-03-30 18:49:53+00:00,10.45
2022-03-30 18:59:04+00:00,10.33
2022-03-30 19:09:43+00:00,10.37
2022-03-31 10:39:07+00:00,10.64
2022-03-31 10:49:46+00:00,10.49
2022-03-31 10:58:54+00:00,10.43
2022-03-31 11:09:33+00:00,10.44
2022-04-01 05:10:11+00:00,10.53
2022-04-01 05:19:19+00:00,10.45
2022-04-01 05:29:58+00:00,10.35
2022-04-01 05:39:06+00:00,10.36
2022-04-02 00:59:54+00:00,10.44
2022-04-02 01:09:02+00:00,10.45
2022-04-02 01:19:42+00:00,10.46
2022-04-02 01:30:22+00:00,10.51
2022-04-02 12:38:55+00:00,10.8
2022-04-02 12:49:35+00:00,10.42
2022-04-02 13:00:14+00:00,10.62
2022-04-02 13:09:21+00:00,10.35
2022-04-03 07:39:39+00:00,10.46
2022-04-03 07:48:55+00:00,10.48
2022-04-03 07:59:41+00:00,10.48
2022-04-03 08:08:55+00:00,10.41
2022-04-04 16:29:46+00:00,10.56
2022-04-04 16:38:56+00:00,10.36
2022-04-04 16:49:39+00:00,10.43
2022-04-04 17:00:22+00:00,10.33
2022-04-04 17:09:34+00:00,10.39
2022-04-05 08:59:31+00:00,10.41
2022-04-05 09:10:16+00:00,10.34
2022-04-05 09:19:28+00:00,10.27
2022-04-05 09:30:15+00:00,10.26
2022-04-06 20:09:10+00:00,10.37
2022-04-06 20:20:06+00:00,10.44
2022-04-06 20:29:21+00:00,10.23
2022-04-06 20:40:08+00:00,10.26
2022-04-07 08:00:20+00:00,10.43
2022-04-07 08:09:35+00:00,10.35
2022-04-07 08:20:21+00:00,10.37
2022-04-07 08:29:40+00:00,10.28
2022-04-08 01:59:57+00:00,10.6
2022-04-08 02:09:14+00:00,10.48
2022-04-08 02:20:03+00:00,10.49
2022-04-08 02:29:21+00:00,10.44
2022-04-08 12:09:27+00:00,10.49
2022-04-08 12:19:39+00:00,10.59
2022-04-08 12:28:54+00:00,10.54
2022-04-08 12:39:44+00:00,10.48
2022-04-09 06:19:01+00:00,10.36
2022-04-09 06:29:58+00:00,10.48
2022-04-09 06:39:20+00:00,10.48
2022-04-09 06:50:15+00:00,10.42
2022-04-10 00:19:37+00:00,10.54
2022-04-10 00:28:54+00:00,10.46
2022-04-10 00:39:46+00:00,10.41
2022-04-10 00:49:03+00:00,10.27
2022-04-11 06:59:16+00:00,10.38
2022-04-11 07:08:34+00:00,10.29
2022-04-11 07:19:31+00:00,10.32
2022-04-11 07:28:51+00:00,10.31
2022-04-12 01:49:21+00:00,10.46
2022-04-12 02:00:15+00:00,10.52
2022-04-12 02:09:36+00:00,10.42
2022-04-12 02:18:55+00:00,10.49
2022-04-12 09:50:05+00:00,10.44
2022-04-12 09:59:32+00:00,10.35
2022-04-12 10:08:53+00:00,10.29
2022-04-12 10:19:52+00:00,10.36
2022-04-13 02:59:34+00:00,10.51
2022-04-13 03:08:56+00:00,10.47
2022-04-13 03:19:47+00:00,10.48
2022-04-13 03:29:08+00:00,10.36
2022-04-13 21:48:55+00:00,10.43
2022-04-13 21:59:48+00:00,10.57
2022-04-13 22:09:09+00:00,10.53
2022-04-13 22:19:59+00:00,10.39
2022-04-14 10:00:07+00:00,10.52
2022-04-14 10:09:29+00:00,10.43
2022-04-14 10:18:50+00:00,10.45
2022-04-14 10:29:42+00:00,10.42
2022-04-14 10:39:06+00:00,10.39
2022-04-15 05:19:53+00:00,10.37
2022-04-15 05:29:12+00:00,10.47
2022-04-15 05:40:04+00:00,10.35
2022-04-15 05:49:28+00:00,10.37
2022-04-16 01:49:19+00:00,10.38
2022-04-16 02:00:13+00:00,10.51
2022-04-16 02:09:34+00:00,10.42
2022-04-16 02:18:53+00:00,10.43
2022-04-16 12:20:20+00:00,10.53
2022-04-16 12:29:40+00:00,10.59
2022-04-16 12:39:00+00:00,10.54
2022-04-16 12:49:54+00:00,10.52
2022-04-17 07:10:04+00:00,10.42
2022-04-17 07:19:28+00:00,10.37
2022-04-17 07:28:52+00:00,10.38
2022-04-17 07:39:51+00:00,10.3
2022-04-17 07:49:15+00:00,10.33
2022-04-18 02:48:59+00:00,10.45
2022-04-18 02:59:56+00:00,10.42
2022-04-18 03:09:22+00:00,10.48
2022-04-18 03:20:19+00:00,10.34
2022-04-18 13:40:03+00:00,10.46
2022-04-18 13:49:31+00:00,10.41
2022-04-18 13:58:55+00:00,10.56
2022-04-18 14:09:56+00:00,10.47
2022-04-19 04:10:09+00:00,10.49
2022-04-19 04:19:32+00:00,10.39
2022-04-19 04:28:58+00:00,10.38
2022-04-19 04:39:56+00:00,10.35
2022-04-19 04:49:23+00:00,10.36
2022-04-19 10:40:20+00:00,10.23
2022-04-19 10:49:42+00:00,10.17
2022-04-19 10:59:07+00:00,10.24
2022-04-19 11:10:06+00:00,10.18
2022-04-20 06:29:54+00:00,10.72
2022-04-20 06:39:19+00:00,10.47
2022-04-20 06:50:20+00:00,10.39
2022-04-20 06:59:45+00:00,10.39
2022-04-20 07:09:09+00:00,10.42
2022-04-21 03:49:56+00:00,10.46
2022-04-21 03:59:21+00:00,10.51
2022-04-21 04:10:22+00:00,10.41
2022-04-21 04:19:48+00:00,10.42
2022-04-25 01:09:03+00:00,10.49
2022-04-25 01:20:11+00:00,10.41
2022-04-25 01:29:41+00:00,10.32
2022-04-25 01:39:13+00:00,10.32
2022-04-25 09:30:11+00:00,10.41
2022-04-25 09:39:42+00:00,10.36
2022-04-25 09:49:17+00:00,10.19
2022-04-25 09:58:51+00:00,10.26
2022-04-25 10:09:56+00:00,10.23
2022-04-26 04:10:21+00:00,10.52
2022-04-26 04:19:52+00:00,10.36
2022-04-26 04:29:24+00:00,10.46
2022-04-26 04:38:57+00:00,10.39
2022-04-27 02:00:18+00:00,10.48
2022-04-27 02:09:48+00:00,10.48
2022-04-27 02:19:18+00:00,10.4
2022-04-27 02:28:49+00:00,10.45
2022-04-27 11:30:17+00:00,10.51
2022-04-27 11:39:47+00:00,10.5
2022-04-27 11:47:44+00:00,10.45
2022-04-29 04:39:19+00:00,10.48
2022-04-29 04:48:54+00:00,10.49
2022-04-29 05:00:04+00:00,10.46
2022-04-29 05:09:39+00:00,10.41
2022-04-30 01:40:11+00:00,10.52
2022-04-30 01:49:47+00:00,10.52
2022-04-30 01:59:23+00:00,10.42
2022-04-30 02:10:35+00:00,10.43
2022-05-03 13:39:33+00:00,10.41
2022-05-03 13:49:12+00:00,10.42
2022-05-03 14:00:24+00:00,10.37
2022-05-03 14:10:00+00:00,10.46
2022-05-07 01:40:13+00:00,10.45
2022-05-07 01:49:49+00:00,10.35
2022-05-07 01:59:24+00:00,10.41
2022-05-07 02:10:36+00:00,10.39
2022-05-07 09:30:37+00:00,10.43
2022-05-07 09:40:13+00:00,10.41
2022-05-07 09:49:49+00:00,10.37
2022-05-07 09:59:25+00:00,10.37
2022-05-08 05:00:07+00:00,10.57
2022-05-08 05:09:42+00:00,10.54
2022-05-08 05:19:18+00:00,10.41
2022-05-08 05:30:30+00:00,10.35
2022-05-09 01:50:22+00:00,10.48
2022-05-09 01:59:58+00:00,10.48
2022-05-09 02:09:33+00:00,10.52
2022-05-09 02:19:09+00:00,10.39
2022-05-09 09:59:55+00:00,10.6
2022-05-09 10:09:31+00:00,10.56
2022-05-09 10:20:43+00:00,10.57
2022-05-09 10:30:24+00:00,10.52
2022-05-10 04:49:45+00:00,10.24
2022-05-10 04:59:20+00:00,10.2
2022-05-10 05:10:33+00:00,10.22
2022-05-10 05:20:09+00:00,10.15
2022-05-10 12:19:27+00:00,10.46
2022-05-10 12:30:39+00:00,10.45
2022-05-10 12:40:15+00:00,10.35
2022-05-10 12:49:54+00:00,10.4
2022-05-11 07:39:48+00:00,10.46
2022-05-11 07:49:24+00:00,10.42
2022-05-11 08:00:35+00:00,10.39
2022-05-11 08:10:11+00:00,10.33
2022-05-12 04:09:07+00:00,10.48
2022-05-12 04:20:19+00:00,10.59
2022-05-12 04:29:56+00:00,10.45
2022-05-12 04:39:32+00:00,10.39
2022-05-12 04:49:08+00:00,10.36
2022-05-15 03:00:29+00:00,10.41
2022-05-15 03:10:05+00:00,10.4
2022-05-15 03:19:40+00:00,10.37
2022-05-15 03:29:16+00:00,10.45
2022-05-15 14:20:21+00:00,10.59
2022-05-15 14:29:59+00:00,10.54
2022-05-15 14:39:35+00:00,10.51
2022-05-15 14:49:11+00:00,10.3
2022-05-16 04:40:28+00:00,10.21
2022-05-16 04:50:04+00:00,10.22
2022-05-16 04:59:41+00:00,10.27
2022-05-16 05:09:17+00:00,10.17
2022-05-16 05:20:29+00:00,10.16
2022-05-16 08:29:25+00:00,10.21
2022-05-16 08:40:37+00:00,10.16
2022-05-16 08:50:13+00:00,10.23
2022-05-16 08:59:48+00:00,10.09
2022-05-17 02:59:57+00:00,10.41
2022-05-17 03:09:34+00:00,10.44
2022-05-17 03:19:10+00:00,10.39
2022-05-17 03:30:22+00:00,10.31
2022-05-17 16:20:11+00:00,10.49
2022-05-17 16:29:46+00:00,10.47
2022-05-17 16:39:22+00:00,10.4
2022-05-17 16:50:35+00:00,10.32
2022-05-18 05:40:17+00:00,10.26
2022-05-18 05:49:53+00:00,10.29
2022-05-18 05:59:29+00:00,10.05
2022-05-18 06:10:40+00:00,10.17
2022-05-19 03:19:12+00:00,10.4
2022-05-19 03:30:24+00:00,10.28
2022-05-19 03:39:59+00:00,10.33
2022-05-19 03:49:35+00:00,10.24
2022-05-19 18:20:16+00:00,10.49
2022-05-19 18:29:52+00:00,10.41
2022-05-19 18:39:28+00:00,10.46
2022-05-19 18:49:06+00:00,10.4
2022-05-20 10:10:13+00:00,10.47
2022-05-20 10:23:01+00:00,10.36
2022-05-20 10:27:50+00:00,10.36
2022-05-20 10:34:14+00:00,10.4
2022-05-20 10:39:02+00:00,10.3
2022-05-20 10:45:25+00:00,10.43
2022-05-21 04:36:24+00:00,10.43
2022-05-21 04:41:12+00:00,10.37
2022-05-21 04:46:00+00:00,10.47
2022-05-21 04:52:24+00:00,10.33
2022-05-21 04:57:12+00:00,10.32
2022-05-21 05:03:36+00:00,10.39
2022-05-21 05:08:24+00:00,10.28
2022-05-21 05:13:12+00:00,10.3
2022-05-21 10:07:36+00:00,10.46
2022-05-21 10:12:23+00:00,10.41
2022-05-21 10:18:48+00:00,10.42
2022-05-21 10:23:34+00:00,10.38
2022-05-21 10:28:26+00:00,10.45
2022-05-21 10:34:51+00:00,10.55
2022-05-21 10:39:39+00:00,10.37
2022-05-24 04:46:22+00:00,10.3
2022-05-24 04:51:10+00:00,10.38
2022-05-24 04:57:34+00:00,10.33
2022-05-24 05:02:22+00:00,10.27
2022-05-24 05:08:46+00:00,10.33
2022-05-24 05:13:34+00:00,10.28
2022-05-24 05:19:58+00:00,10.25
2022-05-24 05:24:46+00:00,10.25
2022-05-25 02:24:31+00:00,10.55
2022-05-25 02:29:19+00:00,10.47
2022-05-25 02:35:43+00:00,10.55
2022-05-25 02:40:31+00:00,10.34
2022-05-25 02:46:54+00:00,10.46
2022-05-25 02:51:42+00:00,10.46
2022-05-25 02:58:06+00:00,10.41
2022-05-25 03:02:54+00:00,10.4
2022-05-25 07:42:54+00:00,10.27
2022-05-25 07:47:42+00:00,10.22
2022-05-25 07:54:07+00:00,10.14
2022-05-25 07:58:55+00:00,10.18
2022-05-25 08:05:19+00:00,10.13
2022-05-25 08:10:07+00:00,10.09
2022-05-25 08:16:31+00:00,10.14
2022-05-25 08:21:19+00:00,10.17
2022-05-26 01:57:25+00:00,10.53
2022-05-26 02:03:48+00:00,10.51
2022-05-26 02:08:36+00:00,10.51
2022-05-26 02:15:00+00:00,10.4
2022-05-26 02:19:48+00:00,10.36
2022-05-26 02:26:12+00:00,10.52
2022-05-26 02:31:00+00:00,10.36
2022-05-27 01:36:44+00:00,10.42
2022-05-27 01:41:32+00:00,10.4
2022-05-27 01:47:56+00:00,10.47
2022-05-27 01:52:44+00:00,10.42
2022-05-27 01:59:08+00:00,10.4
2022-05-27 02:03:56+00:00,10.44
2022-05-27 02:10:20+00:00,10.44
2022-05-27 02:15:07+00:00,10.38
2022-05-27 15:43:17+00:00,10.36
2022-05-27 15:48:05+00:00,10.34
2022-05-27 15:51:22+00:00,10.37
2022-05-27 15:59:17+00:00,10.49
2022-05-27 16:04:05+00:00,10.33
2022-05-27 16:05:41+00:00,10.45
2022-05-28 08:34:18+00:00,10.46
2022-05-28 08:39:06+00:00,10.45
2022-05-28 08:43:57+00:00,10.42
2022-05-28 08:50:21+00:00,10.37
2022-05-28 08:55:09+00:00,10.34
2022-05-28 08:59:56+00:00,10.25
2022-05-28 09:06:20+00:00,10.31
2022-05-28 09:11:12+00:00,10.25
2022-05-29 06:04:01+00:00,10.51
2022-05-29 06:10:25+00:00,10.34
2022-05-29 06:15:13+00:00,10.38
2022-05-29 06:20:01+00:00,10.26
2022-05-29 06:26:25+00:00,10.33
2022-05-29 06:31:12+00:00,10.39
2022-05-29 06:37:36+00:00,10.37
2022-05-29 06:42:24+00:00,10.21
2022-05-30 02:55:30+00:00,10.56
2022-05-30 03:00:18+00:00,10.65
2022-05-30 03:06:42+00:00,10.57
2022-05-30 03:11:30+00:00,10.55
2022-05-30 03:16:18+00:00,10.47
2022-05-30 03:22:42+00:00,10.47
2022-05-30 03:27:30+00:00,10.46
2022-05-30 03:32:18+00:00,10.49
2022-05-31 02:53:30+00:00,10.54
2022-05-31 03:03:06+00:00,10.48
2022-05-31 03:12:42+00:00,10.58
2022-05-31 03:23:54+00:00,10.41
2022-05-31 03:35:06+00:00,10.44
2022-06-01 04:22:47+00:00,10.45
2022-06-01 04:34:00+00:00,10.37
2022-06-01 04:45:12+00:00,10.41
2022-06-01 04:56:24+00:00,10.4
2022-06-01 05:07:36+00:00,10.29
2022-06-01 05:18:48+00:00,10.24
2022-06-01 05:29:59+00:00,10.23
2022-06-01 06:05:11+00:00,10.41
2022-06-01 08:08:21+00:00,10.46
2022-06-01 08:19:32+00:00,10.5
2022-06-01 08:30:44+00:00,10.54
2022-06-01 08:41:57+00:00,10.39
2022-06-01 08:53:08+00:00,10.26
2022-06-02 04:11:41+00:00,10.32
2022-06-02 04:24:29+00:00,10.24
2022-06-02 04:35:40+00:00,10.23
2022-06-02 04:46:52+00:00,10.15
2022-06-02 04:58:04+00:00,10.1
2022-06-02 09:23:36+00:00,10.34
2022-06-02 09:36:24+00:00,10.34
2022-06-02 09:49:12+00:00,10.18
2022-06-02 10:02:00+00:00,10.2
2022-06-03 06:16:16+00:00,10.23
2022-06-03 06:29:04+00:00,10.31
2022-06-03 06:41:52+00:00,10.15
2022-06-03 06:54:39+00:00,10.19
2022-06-07 00:03:00+00:00,10.34
2022-06-07 00:17:20+00:00,10.37
2022-06-07 00:30:05+00:00,10.32
2022-06-07 14:18:14+00:00,10.46
2022-06-07 14:35:51+00:00,10.44
2022-06-07 14:53:26+00:00,10.45
2022-06-08 09:39:41+00:00,10.46
2022-06-08 09:54:02+00:00,10.42
2022-06-08 10:06:49+00:00,10.38
2022-06-08 10:21:11+00:00,10.37
2022-06-09 05:33:13+00:00,10.32
2022-06-09 05:49:11+00:00,10.33
2022-06-09 06:03:33+00:00,10.31
2022-06-10 02:49:52+00:00,10.49
2022-06-10 03:05:49+00:00,10.37
2022-06-10 03:12:07+00:00,10.32
2022-06-10 07:29:52+00:00,10.32
2022-06-10 07:44:14+00:00,10.18
2022-06-10 08:00:12+00:00,10.3
2022-06-11 04:02:20+00:00,10.57
2022-06-11 04:15:07+00:00,10.5
2022-06-11 04:29:27+00:00,10.49
2022-06-11 04:42:14+00:00,10.49
2022-06-11 20:30:57+00:00,10.47
2022-06-11 20:45:18+00:00,10.42
2022-06-11 20:59:40+00:00,10.29
2022-06-11 21:14:02+00:00,10.19
2022-06-12 11:38:52+00:00,10.6
2022-06-12 11:53:14+00:00,10.36
2022-06-12 12:07:36+00:00,10.3
2022-06-13 06:00:30+00:00,10.44
2022-06-13 06:14:53+00:00,10.3
2022-06-13 06:30:51+00:00,10.36
2022-06-13 06:45:13+00:00,10.29
2022-06-13 15:59:54+00:00,10.48
2022-06-13 16:15:50+00:00,10.51
2022-06-13 16:30:14+00:00,10.46
2022-06-15 21:43:00+00:00,10.67
2022-06-15 21:57:22+00:00,10.41
2022-06-15 22:11:46+00:00,10.35
2022-06-15 22:29:19+00:00,10.29
2022-06-16 04:49:26+00:00,10.47
2022-06-16 05:05:24+00:00,10.34
2022-06-16 05:19:46+00:00,10.23
2022-06-16 05:35:45+00:00,10.23
2022-06-20 03:22:48+00:00,10.45
2022-06-20 03:37:12+00:00,10.24
2022-06-20 03:53:11+00:00,10.23
2022-07-06 19:33:11+00:00,10.68
2022-07-06 19:34:43+00:00,10.25
2022-07-06 19:36:15+00:00,10.35
2022-07-06 19:37:46+00:00,10.37
2022-07-06 19:39:18+00:00,10.45
2022-07-06 19:40:50+00:00,10.38
2022-07-06 19:42:22+00:00,10.42
2022-07-06 19:43:58+00:00,10.32
2022-07-06 19:45:34+00:00,10.34
2022-07-06 19:47:06+00:00,10.4
2022-07-06 19:48:38+00:00,10.42
2022-07-06 19:50:10+00:00,10.3
2022-07-06 19:51:42+00:00,10.3
2022-07-06 19:53:14+00:00,10.4
2022-07-06 19:54:46+00:00,10.38
2022-07-06 19:56:17+00:00,10.46
2022-07-06 19:57:49+00:00,10.3
2022-07-06 19:59:21+00:00,10.42
2022-07-06 20:02:26+00:00,10.37
2022-07-06 20:04:02+00:00,10.41
2022-07-06 20:05:38+00:00,10.3
2022-07-06 20:07:09+00:00,10.38
2022-07-06 20:08:41+00:00,10.35
2022-07-06 20:10:13+00:00,10.32
2022-07-06 20:11:45+00:00,10.3
2022-07-06 20:13:18+00:00,10.31
2022-07-06 20:14:50+00:00,10.33
2022-07-06 20:16:22+00:00,10.31
2022-07-06 20:17:55+00:00,10.28
2022-07-07 13:27:22+00:00,10.84
2022-07-07 13:28:53+00:00,10.48
2022-07-07 13:30:26+00:00,10.44
2022-07-07 13:31:57+00:00,10.32
2022-07-07 13:33:30+00:00,10.4
2022-07-07 13:35:02+00:00,10.37
2022-07-07 13:36:33+00:00,10.32
2022-07-07 13:38:04+00:00,10.47
2022-07-07 13:39:37+00:00,10.23
2022-07-07 13:41:12+00:00,10.38
2022-07-07 13:42:49+00:00,10.31
2022-07-07 13:44:20+00:00,10.26
2022-07-07 13:45:51+00:00,10.25
2022-07-07 13:47:24+00:00,10.25
2022-07-07 13:48:56+00:00,10.26
2022-07-07 13:50:27+00:00,10.32
2022-07-07 13:52:01+00:00,10.24
2022-07-07 13:53:32+00:00,10.32
2022-07-07 13:55:03+00:00,10.16
2022-07-07 13:56:36+00:00,10.23
2022-07-07 13:58:08+00:00,10.22
2022-07-07 13:59:44+00:00,10.29
2022-07-07 14:01:18+00:00,10.27
2022-07-07 14:02:49+00:00,10.32
2022-07-07 14:04:23+00:00,10.31
2022-07-07 14:05:54+00:00,10.29
2022-07-07 14:07:25+00:00,10.32
2022-07-07 14:08:58+00:00,10.26
2022-07-07 14:10:30+00:00,10.3
2022-07-07 14:12:01+00:00,10.25
2022-07-08 14:44:21+00:00,10.63
2022-07-08 14:45:53+00:00,10.45
2022-07-08 14:47:26+00:00,10.34
2022-07-08 14:49:02+00:00,10.41
2022-07-08 14:50:37+00:00,10.4
2022-07-08 14:52:09+00:00,10.43
2022-07-08 14:53:41+00:00,10.49
2022-07-08 14:55:13+00:00,10.5
2022-07-08 14:56:45+00:00,10.44
2022-07-08 14:58:17+00:00,10.4
2022-07-08 14:59:49+00:00,10.45
2022-07-08 15:01:21+00:00,10.52
2022-07-08 15:02:52+00:00,10.5
2022-07-08 15:04:24+00:00,10.43
2022-07-08 15:06:00+00:00,10.35
2022-07-08 15:07:36+00:00,10.32
2022-07-08 15:09:08+00:00,10.35
2022-07-08 15:10:40+00:00,10.41
2022-07-08 15:12:12+00:00,10.4
2022-07-08 15:13:44+00:00,10.41
2022-07-08 15:15:16+00:00,10.4
2022-07-08 15:16:47+00:00,10.35
2022-07-08 15:18:19+00:00,10.29
2022-07-08 15:19:51+00:00,10.41
2022-07-08 15:21:23+00:00,10.29
2022-07-08 15:22:59+00:00,10.33
2022-07-08 15:24:33+00:00,10.35
2022-07-08 15:26:05+00:00,10.32
2022-07-08 15:27:37+00:00,10.33
2022-07-08 15:29:09+00:00,10.44
2022-07-12 18:26:52+00:00,10.47
2022-07-12 18:28:24+00:00,10.31
2022-07-12 18:29:55+00:00,10.41
2022-07-12 18:32:59+00:00,10.43
2022-07-12 18:34:30+00:00,10.54
2022-07-12 18:36:06+00:00,10.36
2022-07-12 18:37:42+00:00,10.49
2022-07-12 18:39:14+00:00,10.43
2022-07-12 18:40:45+00:00,10.41
2022-07-12 18:43:51+00:00,10.47
2022-07-12 18:45:22+00:00,10.35
2022-07-12 18:46:56+00:00,10.33
2022-07-12 18:48:27+00:00,10.49
2022-07-12 18:49:59+00:00,10.46
2022-07-12 18:51:31+00:00,10.36
2022-07-12 18:53:03+00:00,10.39
2022-07-12 18:54:35+00:00,10.33
2022-07-12 18:56:06+00:00,10.38
2022-07-12 18:59:13+00:00,10.39
2022-07-12 19:00:51+00:00,10.29
2022-07-12 19:02:23+00:00,10.29
2022-07-12 19:03:54+00:00,10.3
2022-07-12 19:05:27+00:00,10.32
2022-07-12 19:06:59+00:00,10.39
2022-07-12 19:08:30+00:00,10.42
2022-07-12 19:11:34+00:00,10.28
2022-07-23 13:22:16+00:00,10.84
2022-07-23 13:23:48+00:00,10.5
2022-07-23 13:25:24+00:00,10.45
2022-07-23 13:27:00+00:00,10.5
2022-07-23 13:28:32+00:00,10.45
2022-07-23 13:30:06+00:00,10.48
2022-07-23 13:31:38+00:00,10.45
2022-07-23 13:33:10+00:00,10.4
2022-07-23 13:34:42+00:00,10.43
2022-07-23 13:37:46+00:00,10.42
2022-07-23 13:39:20+00:00,10.42
2022-07-23 13:40:52+00:00,10.52
2022-07-23 13:42:24+00:00,10.47
2022-07-23 13:44:00+00:00,10.34
2022-07-23 13:45:36+00:00,10.42
2022-07-23 13:47:08+00:00,10.48
2022-07-23 13:48:40+00:00,10.44
2022-07-23 13:50:12+00:00,10.42
2022-07-23 13:53:16+00:00,10.32
2022-07-23 13:54:48+00:00,10.48
2022-07-23 13:56:20+00:00,10.36
2022-07-23 13:57:52+00:00,10.43
2022-07-23 13:59:24+00:00,10.38
2022-07-23 14:00:56+00:00,10.32
2022-07-23 14:02:29+00:00,10.28
2022-07-23 14:04:01+00:00,10.42
2022-07-23 14:05:37+00:00,10.45
2022-07-24 13:59:57+00:00,10.76
2022-07-24 14:03:05+00:00,10.43
2022-07-24 14:04:41+00:00,10.37
2022-07-24 14:06:14+00:00,10.33
2022-07-24 14:07:46+00:00,10.37
2022-07-24 14:09:18+00:00,10.31
2022-07-24 14:12:22+00:00,10.37
2022-07-24 14:13:55+00:00,10.43
2022-07-24 14:15:26+00:00,10.36
2022-07-24 14:16:59+00:00,10.36
2022-07-24 14:18:30+00:00,10.39
2022-07-24 14:20:02+00:00,10.41
2022-07-24 14:23:06+00:00,10.33
2022-07-24 14:24:38+00:00,10.36
2022-07-24 14:26:14+00:00,10.28
2022-07-24 14:27:51+00:00,10.29
2022-07-24 14:29:23+00:00,10.43
2022-07-24 14:30:55+00:00,10.33
2022-07-24 14:33:59+00:00,10.22
2022-07-24 14:35:31+00:00,10.26
2022-07-24 14:37:03+00:00,10.24
2022-07-24 14:38:35+00:00,10.4
2022-07-24 14:40:07+00:00,10.32
2022-07-24 14:41:39+00:00,10.36
2022-07-24 14:44:43+00:00,10.38
2022-07-25 14:40:25+00:00,10.65
2022-07-25 14:41:57+00:00,10.48
2022-07-25 14:43:29+00:00,10.57
2022-07-25 14:45:01+00:00,10.44
2022-07-25 14:48:05+00:00,10.5
2022-07-25 14:49:37+00:00,10.49
2022-07-25 14:51:09+00:00,10.39
2022-07-25 14:52:41+00:00,10.39
2022-07-25 14:54:13+00:00,10.38
2022-07-25 14:55:45+00:00,10.45
2022-07-25 14:58:53+00:00,10.48
2022-07-25 15:00:29+00:00,10.44
2022-07-25 15:02:02+00:00,10.44
2022-07-25 15:03:34+00:00,10.45
2022-07-25 15:06:38+00:00,10.4
2022-07-25 15:08:10+00:00,10.39
2022-07-25 15:09:42+00:00,10.4
2022-07-25 15:11:15+00:00,10.42
2022-07-25 15:12:47+00:00,10.5
2022-07-25 15:15:51+00:00,10.42
2022-07-25 15:17:24+00:00,10.47
2022-07-25 15:18:56+00:00,10.47
2022-07-25 15:20:28+00:00,10.33
2022-07-25 15:22:00+00:00,10.4
2022-07-26 20:20:18+00:00,10.67
2022-07-26 20:23:22+00:00,10.44
2022-07-26 20:24:54+00:00,10.33
2022-07-26 20:26:28+00:00,10.55
2022-07-26 20:28:03+00:00,10.49
2022-07-26 20:29:39+00:00,10.47
2022-07-26 20:31:11+00:00,10.44
2022-07-26 20:32:43+00:00,10.42
2022-07-26 20:35:47+00:00,10.41
2022-07-26 20:37:19+00:00,10.34
2022-07-26 20:38:51+00:00,10.35
2022-07-26 20:40:23+00:00,10.39
2022-07-26 20:41:55+00:00,10.34
2022-07-26 20:43:27+00:00,10.34
2022-07-26 20:46:32+00:00,10.35
2022-07-26 20:48:08+00:00,10.28
2022-07-26 20:49:44+00:00,10.36
2022-07-26 20:51:19+00:00,10.41
2022-07-26 20:52:51+00:00,10.32
2022-07-26 20:54:23+00:00,10.33
2022-07-26 20:57:27+00:00,10.4
2022-07-26 20:58:59+00:00,10.38
2022-07-26 21:00:31+00:00,10.34
2022-07-26 21:02:03+00:00,10.31
2022-07-26 21:03:35+00:00,10.35
2022-07-29 21:37:20+00:00,10.64
2022-07-29 21:38:56+00:00,10.49
2022-07-29 21:40:28+00:00,10.59
2022-07-29 21:42:01+00:00,10.52
2022-07-29 21:43:34+00:00,10.49
2022-07-29 21:45:09+00:00,10.56
2022-07-29 21:46:42+00:00,10.56
2022-07-29 21:48:14+00:00,10.54
2022-07-29 21:49:47+00:00,10.53
2022-07-29 21:51:21+00:00,10.52
2022-07-29 21:52:54+00:00,10.52
2022-07-29 21:54:28+00:00,10.55
2022-07-29 21:56:01+00:00,10.52
2022-07-29 21:57:33+00:00,10.59
2022-07-29 21:59:06+00:00,10.51
2022-07-29 22:00:38+00:00,10.51
2022-07-29 22:02:11+00:00,10.48
2022-07-29 22:03:44+00:00,10.5
2022-07-29 22:05:16+00:00,10.38
2022-07-29 22:06:49+00:00,10.38
2022-07-29 22:08:22+00:00,10.46
2022-07-29 22:09:54+00:00,10.47
2022-07-29 22:11:27+00:00,10.53
2022-07-29 22:12:59+00:00,10.37
2022-07-29 22:14:34+00:00,10.45
2022-07-29 22:16:07+00:00,10.45
2022-07-29 22:17:39+00:00,10.45
2022-07-29 22:19:12+00:00,10.41
2022-07-29 22:20:47+00:00,10.38
2022-07-30 16:01:57+00:00,10.68
2022-07-30 16:03:29+00:00,10.31
2022-07-30 16:05:02+00:00,10.37
2022-07-30 16:06:36+00:00,10.33
2022-07-30 16:08:12+00:00,10.39
2022-07-30 16:09:45+00:00,10.32
2022-07-30 16:11:17+00:00,10.24
2022-07-30 16:12:50+00:00,10.32
2022-07-30 16:14:23+00:00,10.3
2022-07-30 16:15:56+00:00,10.43
2022-07-30 16:17:28+00:00,10.3
2022-07-30 16:19:01+00:00,10.41
2022-07-30 16:20:34+00:00,10.37
2022-07-30 16:22:07+00:00,10.22
2022-07-30 16:23:42+00:00,10.28
2022-07-30 16:25:14+00:00,10.29
2022-07-30 16:26:47+00:00,10.25
2022-07-30 16:28:20+00:00,10.35
2022-07-30 16:29:52+00:00,10.32
2022-07-30 16:31:25+00:00,10.35
2022-07-30 16:32:58+00:00,10.37
2022-07-30 16:34:30+00:00,10.24
2022-07-30 16:36:03+00:00,10.3
2022-07-30 16:37:36+00:00,10.34
2022-07-30 16:39:12+00:00,10.26
2022-07-30 16:40:45+00:00,10.31
2022-07-30 16:42:17+00:00,10.33
2022-07-30 16:43:50+00:00,10.28
2022-07-30 16:45:26+00:00,10.18
2022-07-30 16:46:59+00:00,10.24
2022-07-31 18:44:34+00:00,10.57
2022-07-31 18:46:10+00:00,10.34
2022-07-31 18:47:43+00:00,10.34
2022-07-31 18:49:16+00:00,10.35
2022-07-31 18:50:49+00:00,10.3
2022-07-31 18:52:22+00:00,10.3
2022-07-31 18:53:55+00:00,10.38
2022-07-31 18:55:28+00:00,10.41
2022-07-31 18:57:01+00:00,10.29
2022-07-31 18:58:35+00:00,10.34
2022-07-31 19:00:11+00:00,10.35
2022-07-31 19:01:44+00:00,10.35
2022-07-31 19:03:17+00:00,10.23
2022-07-31 19:04:50+00:00,10.23
2022-07-31 19:06:23+00:00,10.3
2022-07-31 19:07:56+00:00,10.28
2022-07-31 19:09:29+00:00,10.22
2022-07-31 19:11:03+00:00,10.29
2022-07-31 19:12:36+00:00,10.3
2022-07-31 19:14:12+00:00,10.29
2022-07-31 19:15:45+00:00,10.21
2022-07-31 19:17:18+00:00,10.28
2022-07-31 19:18:51+00:00,10.28
2022-07-31 19:20:24+00:00,10.28
2022-07-31 19:21:57+00:00,10.29
2022-07-31 19:23:30+00:00,10.21
2022-07-31 19:25:03+00:00,10.31
2022-07-31 19:26:36+00:00,10.25
2022-07-31 19:28:12+00:00,10.27
2022-07-31 19:29:45+00:00,10.19
2022-08-01 23:45:43+00:00,10.57
2022-08-01 23:47:17+00:00,10.5
2022-08-01 23:48:50+00:00,10.44
2022-08-01 23:50:23+00:00,10.45
2022-08-01 23:51:57+00:00,10.44
2022-08-01 23:53:30+00:00,10.42
2022-08-01 23:55:03+00:00,10.33
2022-08-01 23:56:36+00:00,10.39
2022-08-01 23:58:09+00:00,10.41
2022-08-01 23:59:42+00:00,10.47
2022-08-02 00:01:16+00:00,10.38
2022-08-02 00:02:49+00:00,10.37
2022-08-02 00:04:25+00:00,10.39
2022-08-02 00:05:58+00:00,10.3
2022-08-02 00:07:31+00:00,10.33
2022-08-02 00:09:04+00:00,10.41
2022-08-02 00:10:38+00:00,10.32
2022-08-02 00:12:13+00:00,10.24
2022-08-02 00:13:47+00:00,10.37
2022-08-02 00:15:20+00:00,10.36
2022-08-02 00:16:53+00:00,10.19
2022-08-02 00:18:27+00:00,10.25
2022-08-02 00:20:03+00:00,10.39
2022-08-02 00:21:36+00:00,10.24
2022-08-02 00:23:09+00:00,10.31
2022-08-02 00:24:43+00:00,10.31
2022-08-02 00:26:16+00:00,10.3
2022-08-02 00:27:50+00:00,10.16
2022-08-02 00:29:23+00:00,10.14
2022-08-02 00:30:56+00:00,10.34
2022-08-02 22:49:56+00:00,11.1
2022-08-02 22:51:29+00:00,10.4
2022-08-02 22:53:02+00:00,10.57
2022-08-02 22:54:35+00:00,10.53
2022-08-02 22:56:08+00:00,10.52
2022-08-02 22:57:44+00:00,10.5
2022-08-02 22:59:17+00:00,10.5
2022-08-02 23:00:50+00:00,10.42
2022-08-02 23:02:23+00:00,10.47
2022-08-02 23:03:57+00:00,10.4
2022-08-02 23:05:31+00:00,10.45
2022-08-02 23:07:04+00:00,10.46
2022-08-02 23:08:37+00:00,10.38
2022-08-02 23:10:10+00:00,10.46
2022-08-02 23:11:46+00:00,10.49
2022-08-02 23:13:19+00:00,10.44
2022-08-02 23:14:52+00:00,10.43
2022-08-02 23:16:25+00:00,10.35
2022-08-02 23:17:58+00:00,10.43
2022-08-02 23:19:32+00:00,10.41
2022-08-02 23:21:05+00:00,10.4
2022-08-02 23:22:38+00:00,10.41
2022-08-02 23:24:11+00:00,10.4
2022-08-02 23:25:47+00:00,10.5
2022-08-02 23:27:20+00:00,10.4
2022-08-02 23:28:53+00:00,10.47
2022-08-02 23:30:27+00:00,10.43
2022-08-02 23:32:01+00:00,10.33
2022-08-02 23:33:37+00:00,10.29
2022-08-02 23:35:10+00:00,10.4
2022-08-05 18:29:49+00:00,10.8
2022-08-05 18:31:22+00:00,10.49
2022-08-05 18:32:54+00:00,10.45
2022-08-05 18:34:29+00:00,10.45
2022-08-05 18:36:01+00:00,10.45
2022-08-05 18:37:34+00:00,10.44
2022-08-05 18:39:06+00:00,10.41
2022-08-05 18:40:39+00:00,10.44
2022-08-05 18:42:11+00:00,10.32
2022-08-05 18:43:44+00:00,10.41
2022-08-05 18:45:18+00:00,10.32
2022-08-05 18:46:50+00:00,10.23
2022-08-05 18:48:23+00:00,10.28
2022-08-05 18:49:56+00:00,10.24
2022-08-05 18:51:28+00:00,10.33
2022-08-05 18:53:01+00:00,10.31
2022-08-05 18:54:33+00:00,10.37
2022-08-05 18:56:07+00:00,10.28
2022-08-05 18:57:40+00:00,10.32
2022-08-05 18:59:13+00:00,10.27
2022-08-05 19:00:45+00:00,10.3
2022-08-05 19:02:18+00:00,10.23
2022-08-05 19:03:51+00:00,10.21
2022-08-05 19:05:23+00:00,10.23
2022-08-05 19:06:56+00:00,10.25
2022-08-05 19:08:29+00:00,10.18
2022-08-05 19:10:02+00:00,10.28
2022-08-05 19:11:35+00:00,10.16
2022-08-05 19:13:07+00:00,10.2
2022-08-05 19:14:40+00:00,10.25
2022-08-06 13:04:03+00:00,10.61
2022-08-06 13:05:36+00:00,10.51
2022-08-06 13:07:09+00:00,10.4
2022-08-06 13:08:42+00:00,10.38
2022-08-06 13:10:14+00:00,10.39
2022-08-06 13:11:47+00:00,10.38
2022-08-06 13:13:20+00:00,10.35
2022-08-06 13:14:52+00:00,10.36
2022-08-06 13:16:27+00:00,10.41
2022-08-06 13:18:01+00:00,10.4
2022-08-06 13:19:33+00:00,10.44
2022-08-06 13:21:07+00:00,10.35
2022-08-06 13:22:39+00:00,10.4
2022-08-06 13:24:13+00:00,10.45
2022-08-06 13:25:46+00:00,10.3
2022-08-06 13:27:19+00:00,10.3
2022-08-06 13:28:52+00:00,10.38
2022-08-06 13:30:25+00:00,10.47
2022-08-06 13:31:58+00:00,10.36
2022-08-06 13:33:30+00:00,10.3
2022-08-06 13:35:03+00:00,10.4
2022-08-06 13:36:36+00:00,10.45
2022-08-06 13:38:09+00:00,10.37
2022-08-06 13:39:42+00:00,10.34
2022-08-06 13:41:14+00:00,10.36
2022-08-06 13:42:47+00:00,10.31
2022-08-06 13:44:19+00:00,10.33
2022-08-06 13:45:52+00:00,10.29
2022-08-06 13:47:25+00:00,10.33
2022-08-06 13:48:58+00:00,10.31
2022-08-07 12:24:07+00:00,10.57
2022-08-07 12:25:40+00:00,10.36
2022-08-07 12:27:12+00:00,10.34
2022-08-07 12:28:45+00:00,10.42
2022-08-07 12:30:17+00:00,10.5
2022-08-07 12:31:51+00:00,10.4
2022-08-07 12:33:24+00:00,10.38
2022-08-07 12:34:57+00:00,10.37
2022-08-07 12:36:30+00:00,10.42
2022-08-07 12:38:02+00:00,10.4
2022-08-07 12:39:34+00:00,10.38
2022-08-07 12:41:07+00:00,10.27
2022-08-07 12:42:40+00:00,10.4
2022-08-07 12:44:13+00:00,10.44
2022-08-07 12:45:45+00:00,10.33
2022-08-07 12:47:18+00:00,10.41
2022-08-07 12:48:50+00:00,10.36
2022-08-07 12:50:23+00:00,10.36
2022-08-07 12:51:56+00:00,10.43
2022-08-07 12:53:28+00:00,10.35
2022-08-07 12:55:01+00:00,10.37
2022-08-07 12:56:33+00:00,10.32
2022-08-07 12:58:06+00:00,10.28
2022-08-07 12:59:39+00:00,10.37
2022-08-07 13:01:12+00:00,10.32
2022-08-07 13:02:45+00:00,10.42
2022-08-07 13:04:17+00:00,10.28
2022-08-07 13:05:50+00:00,10.24
2022-08-07 13:07:22+00:00,10.27
2022-08-07 13:08:55+00:00,10.32
2022-08-08 12:17:35+00:00,10.64
2022-08-08 12:19:08+00:00,10.33
2022-08-08 12:20:41+00:00,10.33
2022-08-08 12:22:14+00:00,10.43
2022-08-08 12:23:47+00:00,10.33
2022-08-08 12:25:20+00:00,10.32
2022-08-08 12:26:53+00:00,10.25
2022-08-08 12:28:26+00:00,10.35
2022-08-08 12:29:59+00:00,10.33
2022-08-08 12:31:31+00:00,10.27
2022-08-08 12:33:05+00:00,10.41
2022-08-08 12:34:38+00:00,10.33
2022-08-08 12:36:10+00:00,10.2
2022-08-08 12:37:43+00:00,10.3
2022-08-08 12:39:16+00:00,10.24
2022-08-08 12:40:49+00:00,10.28
2022-08-08 12:42:22+00:00,10.31
2022-08-08 12:43:55+00:00,10.39
2022-08-08 12:45:28+00:00,10.24
2022-08-08 12:47:02+00:00,10.36
2022-08-08 12:48:34+00:00,10.33
2022-08-08 12:50:07+00:00,10.22
2022-08-08 12:51:40+00:00,10.3
2022-08-08 12:53:12+00:00,10.39
2022-08-08 12:54:45+00:00,10.35
2022-08-08 12:56:18+00:00,10.26
2022-08-08 12:57:50+00:00,10.26
2022-08-08 12:59:23+00:00,10.31
2022-08-08 13:01:00+00:00,10.21
2022-08-09 10:07:03+00:00,10.75
2022-08-09 10:08:36+00:00,10.29
2022-08-09 10:10:09+00:00,10.36
2022-08-09 10:11:42+00:00,10.37
2022-08-09 10:13:15+00:00,10.41
2022-08-09 10:14:47+00:00,10.44
2022-08-09 10:16:20+00:00,10.37
2022-08-09 10:17:53+00:00,10.4
2022-08-09 10:19:26+00:00,10.38
2022-08-09 10:20:59+00:00,10.23
2022-08-09 10:22:31+00:00,10.36
2022-08-09 10:24:04+00:00,10.42
2022-08-09 10:25:37+00:00,10.44
2022-08-09 10:27:10+00:00,10.31
2022-08-09 10:28:43+00:00,10.24
2022-08-09 10:30:16+00:00,10.21
2022-08-09 10:31:49+00:00,10.36
2022-08-09 10:33:22+00:00,10.36
2022-08-09 10:34:54+00:00,10.34
2022-08-09 10:36:27+00:00,10.35
2022-08-09 10:38:00+00:00,10.35
2022-08-09 10:39:33+00:00,10.3
2022-08-09 10:41:06+00:00,10.33
2022-08-09 10:42:39+00:00,10.32
2022-08-09 10:44:13+00:00,10.34
2022-08-09 10:45:46+00:00,10.3
2022-08-09 10:47:19+00:00,10.34
2022-08-09 10:48:52+00:00,10.31
2022-08-09 10:50:25+00:00,10.32
2022-08-09 10:51:57+00:00,10.24
2022-08-10 06:15:24+00:00,10.61
2022-08-10 06:17:01+00:00,10.29
2022-08-10 06:18:39+00:00,10.37
2022-08-10 06:21:43+00:00,10.26
2022-08-10 06:23:20+00:00,10.39
2022-08-13 02:44:40+00:00,10.51
2022-08-13 02:46:13+00:00,10.51
2022-08-13 02:47:45+00:00,10.41
2022-08-13 02:49:19+00:00,10.39
2022-08-13 02:50:52+00:00,10.45
2022-08-13 02:52:24+00:00,10.35
2022-08-13 02:53:58+00:00,10.36
2022-08-13 02:55:31+00:00,10.44
2022-08-13 02:57:04+00:00,10.31
2022-08-13 02:58:37+00:00,10.33
2022-08-13 03:00:10+00:00,10.28
2022-08-13 03:01:43+00:00,10.29
2022-08-13 03:03:16+00:00,10.41
2022-08-13 03:04:49+00:00,10.37
2022-08-13 03:06:22+00:00,10.3
2022-08-13 03:07:55+00:00,10.35
2022-08-13 03:09:28+00:00,10.33
2022-08-13 03:11:01+00:00,10.26
2022-08-13 03:12:34+00:00,10.29
2022-08-13 03:14:07+00:00,10.34
2022-08-13 03:15:40+00:00,10.26
2022-08-13 03:17:13+00:00,10.27
2022-08-13 03:18:45+00:00,10.22
2022-08-13 03:20:18+00:00,10.25
2022-08-13 03:21:51+00:00,10.21
2022-08-13 03:23:25+00:00,10.23
2022-08-13 03:25:00+00:00,10.31
2022-08-13 03:26:33+00:00,10.28
2022-08-13 03:28:06+00:00,10.25
2022-08-13 03:29:38+00:00,10.21
2022-08-13 03:31:11+00:00,10.16
2022-08-15 05:44:47+00:00,10.93
2022-08-15 05:46:20+00:00,10.5
2022-08-15 05:47:54+00:00,10.53
2022-08-15 05:49:27+00:00,10.53
2022-08-15 05:51:01+00:00,10.57
2022-08-15 05:52:34+00:00,10.5
2022-08-15 05:54:08+00:00,10.66
2022-08-15 05:55:41+00:00,10.51
2022-08-15 05:57:14+00:00,10.43
2022-08-15 05:58:47+00:00,10.56
2022-08-15 06:00:20+00:00,10.57
2022-08-15 06:01:53+00:00,10.54
2022-08-15 06:03:27+00:00,10.53
2022-08-15 06:05:00+00:00,10.53
2022-08-15 06:06:33+00:00,10.48
2022-08-15 06:08:06+00:00,10.56
2022-08-15 06:09:39+00:00,10.48
2022-08-15 06:11:11+00:00,10.48
2022-08-15 06:12:45+00:00,10.48
2022-08-15 06:14:18+00:00,10.5
2022-08-15 06:15:51+00:00,10.46
2022-08-15 06:17:24+00:00,10.47
2022-08-15 06:18:57+00:00,10.5
2022-08-15 06:20:30+00:00,10.55
2022-08-15 06:22:03+00:00,10.4
2022-08-15 06:23:37+00:00,10.45
2022-08-15 06:25:11+00:00,10.42
2022-08-15 06:26:44+00:00,10.39
2022-08-15 06:28:17+00:00,10.45
2022-08-15 06:29:50+00:00,10.44
2022-08-16 04:46:48+00:00,10.3
2022-08-16 04:48:22+00:00,10.42
2022-08-16 04:49:55+00:00,10.36
2022-08-16 04:51:28+00:00,10.32
2022-08-16 04:53:02+00:00,10.37
2022-08-16 04:54:35+00:00,10.39
2022-08-16 04:56:08+00:00,10.34
2022-08-16 04:57:41+00:00,10.37
2022-08-16 04:59:14+00:00,10.3
2022-08-16 05:00:47+00:00,10.18
2022-08-16 05:02:20+00:00,10.35
2022-08-16 05:03:53+00:00,10.2
2022-08-16 05:05:28+00:00,10.27
2022-08-16 05:07:02+00:00,10.31
2022-08-16 05:08:36+00:00,10.25
2022-08-16 05:10:09+00:00,10.24
2022-08-16 05:11:42+00:00,10.36
2022-08-16 05:13:17+00:00,10.29
2022-08-16 05:14:50+00:00,10.21
2022-08-16 05:16:23+00:00,10.3
2022-08-16 05:17:57+00:00,10.21
2022-08-16 05:19:31+00:00,10.25
2022-08-16 05:21:04+00:00,10.27
2022-08-16 05:22:37+00:00,10.21
2022-08-16 05:24:10+00:00,10.19
2022-08-16 05:25:43+00:00,10.2
2022-08-16 05:27:16+00:00,10.1
2022-08-16 05:28:49+00:00,10.23
2022-08-16 05:30:23+00:00,10.17
2022-08-16 05:31:57+00:00,10.09
2022-08-16 05:33:30+00:00,10.15
2022-08-16 12:56:45+00:00,10.68
2022-08-16 12:58:18+00:00,10.42
2022-08-16 12:59:51+00:00,10.42
2022-08-16 13:01:25+00:00,10.39
2022-08-16 13:02:58+00:00,10.3
2022-08-16 13:04:31+00:00,10.4
2022-08-16 13:06:04+00:00,10.38
2022-08-16 13:07:38+00:00,10.35
2022-08-16 13:09:11+00:00,10.31
2022-08-16 13:10:44+00:00,10.3
2022-08-16 13:12:18+00:00,10.29
2022-08-16 13:13:51+00:00,10.36
2022-08-16 13:15:24+00:00,10.35
2022-08-16 13:16:57+00:00,10.22
2022-08-16 13:18:31+00:00,10.33
2022-08-16 13:20:04+00:00,10.25
2022-08-16 13:21:38+00:00,10.2
2022-08-16 13:23:12+00:00,10.19
2022-08-16 13:24:46+00:00,10.36
2022-08-16 13:26:19+00:00,10.3
2022-08-16 13:27:52+00:00,10.16
2022-08-16 13:29:25+00:00,10.34
2022-08-16 13:30:58+00:00,10.33
2022-08-16 13:32:32+00:00,10.39
2022-08-16 13:34:05+00:00,10.28
2022-08-16 13:35:39+00:00,10.21
2022-08-16 13:37:12+00:00,10.27
2022-08-16 13:38:45+00:00,10.31
2022-08-16 13:40:19+00:00,10.22
2022-08-17 19:30:43+00:00,11.11
2022-08-17 19:33:50+00:00,11.18
2022-08-17 19:52:33+00:00,9.86
2022-08-17 19:54:06+00:00,7.29
2022-08-17 19:55:39+00:00,7.51
2022-08-17 21:08:50+00:00,10.79
2022-08-17 21:10:23+00:00,10.34
2022-08-17 21:11:56+00:00,10.42
2022-08-17 21:13:29+00:00,10.38
2022-08-17 21:15:03+00:00,10.42
2022-08-17 21:16:36+00:00,10.38
2022-08-17 21:18:09+00:00,10.37
2022-08-17 21:19:44+00:00,10.37
2022-08-17 21:21:17+00:00,10.44
2022-08-17 21:22:50+00:00,10.4
2022-08-17 21:24:23+00:00,10.34
2022-08-17 21:25:57+00:00,10.34
2022-08-17 21:27:30+00:00,10.4
2022-08-17 21:29:03+00:00,10.39
2022-08-17 21:30:36+00:00,10.43
2022-08-17 21:32:10+00:00,10.4
2022-08-17 21:33:43+00:00,10.38
2022-08-17 21:35:16+00:00,10.33
2022-08-17 21:36:49+00:00,10.34
2022-08-17 21:38:23+00:00,10.31
2022-08-17 21:39:56+00:00,10.38
2022-08-17 21:41:29+00:00,10.29
2022-08-17 21:43:02+00:00,10.27
2022-08-17 21:44:35+00:00,10.25
2022-08-17 21:46:09+00:00,10.29
2022-08-17 21:47:42+00:00,10.28
2022-08-17 21:49:16+00:00,10.39
2022-08-17 21:50:49+00:00,10.26
2022-08-17 21:52:23+00:00,10.31
2022-08-18 12:09:56+00:00,10.89
2022-08-18 12:11:28+00:00,10.5
2022-08-18 12:13:01+00:00,10.48
2022-08-18 12:14:35+00:00,10.45
2022-08-18 12:16:09+00:00,10.46
2022-08-18 12:17:41+00:00,10.44
2022-08-18 12:19:15+00:00,10.47
2022-08-18 12:20:48+00:00,10.36
2022-08-18 12:22:20+00:00,10.41
2022-08-18 12:23:56+00:00,10.35
2022-08-18 12:25:29+00:00,10.39
2022-08-18 12:27:01+00:00,10.39
2022-08-18 12:28:35+00:00,10.46
2022-08-18 12:30:08+00:00,10.29
2022-08-18 12:31:41+00:00,10.4
2022-08-18 12:33:16+00:00,10.38
2022-08-18 12:34:48+00:00,10.37
2022-08-18 12:36:20+00:00,10.4
2022-08-18 12:37:56+00:00,10.38
2022-08-18 12:39:28+00:00,10.3
2022-08-18 12:41:00+00:00,10.35
2022-08-18 12:42:35+00:00,10.32
2022-08-18 12:44:08+00:00,10.36
2022-08-18 12:45:40+00:00,10.32
2022-08-18 12:47:15+00:00,10.38
2022-08-18 12:48:48+00:00,10.31
2022-08-18 12:50:20+00:00,10.33
2022-08-18 12:51:56+00:00,10.32
2022-08-18 12:53:29+00:00,10.37
2022-08-18 12:55:01+00:00,10.37
2022-08-19 10:24:15+00:00,11.42
2022-08-19 10:25:50+00:00,10.41
2022-08-19 10:27:23+00:00,10.29
2022-08-19 10:28:56+00:00,10.48
2022-08-19 10:30:30+00:00,10.48
2022-08-19 10:32:03+00:00,10.45
2022-08-19 10:33:37+00:00,10.43
2022-08-19 10:35:10+00:00,10.33
2022-08-19 10:36:43+00:00,10.42
2022-08-19 10:38:17+00:00,10.44
2022-08-19 10:39:53+00:00,10.42
2022-08-19 10:41:26+00:00,10.51
2022-08-19 10:43:00+00:00,10.49
2022-08-19 10:44:33+00:00,10.42
2022-08-19 10:46:06+00:00,10.37
2022-08-19 10:47:40+00:00,10.43
2022-08-19 10:49:14+00:00,10.37
2022-08-19 10:50:48+00:00,10.38
2022-08-19 10:52:21+00:00,10.35
2022-08-19 10:53:54+00:00,10.31
2022-08-19 10:55:28+00:00,10.45
2022-08-19 10:57:01+00:00,10.4
2022-08-19 10:58:35+00:00,10.36
2022-08-19 11:00:10+00:00,10.35
2022-08-19 11:01:43+00:00,10.53
2022-08-19 11:03:16+00:00,10.37
2022-08-19 11:04:50+00:00,10.39
2022-08-19 11:06:23+00:00,10.45
2022-08-19 11:07:57+00:00,10.41
2022-08-19 11:09:31+00:00,10.34
2022-08-20 09:32:05+00:00,10.68
2022-08-20 09:33:38+00:00,10.39
2022-08-20 09:35:11+00:00,10.47
2022-08-20 09:36:45+00:00,10.37
2022-08-20 09:38:19+00:00,10.3
2022-08-20 09:39:52+00:00,10.18
2022-08-20 09:41:26+00:00,10.22
2022-08-20 09:42:59+00:00,10.33
2022-08-20 09:44:33+00:00,10.36
2022-08-20 09:46:07+00:00,10.36
2022-08-20 09:47:40+00:00,10.32
2022-08-20 09:49:14+00:00,10.31
2022-08-20 09:50:48+00:00,10.25
2022-08-20 09:52:21+00:00,10.31
2022-08-20 09:53:55+00:00,10.32
2022-08-20 09:55:28+00:00,10.31
2022-08-20 09:57:01+00:00,10.24
2022-08-20 09:58:35+00:00,10.24
2022-08-20 10:00:08+00:00,10.22
2022-08-20 10:01:41+00:00,10.25
2022-08-20 10:03:15+00:00,10.31
2022-08-20 10:04:49+00:00,10.24
2022-08-20 10:06:23+00:00,10.25
2022-08-20 10:07:56+00:00,10.21
2022-08-20 10:09:29+00:00,10.29
2022-08-20 10:11:02+00:00,10.3
2022-08-20 10:12:36+00:00,10.13
2022-08-20 10:14:09+00:00,10.16
2022-08-20 10:15:42+00:00,10.3
2022-08-20 10:17:16+00:00,10.22
2022-08-21 12:25:10+00:00,10.53
2022-08-21 12:26:43+00:00,10.42
2022-08-21 12:28:16+00:00,10.39
2022-08-21 12:29:50+00:00,10.33
2022-08-21 12:31:23+00:00,10.5
2022-08-21 12:32:57+00:00,10.47
2022-08-21 12:34:30+00:00,10.43
2022-08-21 12:36:03+00:00,10.37
2022-08-21 12:37:36+00:00,10.48
2022-08-21 12:39:10+00:00,10.41
2022-08-21 12:40:43+00:00,10.36
2022-08-21 12:42:16+00:00,10.37
2022-08-21 12:43:50+00:00,10.39
2022-08-21 12:45:23+00:00,10.26
2022-08-21 12:46:56+00:00,10.33
2022-08-21 12:48:29+00:00,10.42
2022-08-21 12:50:03+00:00,10.38
2022-08-21 12:51:36+00:00,10.32
2022-08-21 12:53:10+00:00,10.25
2022-08-21 12:54:44+00:00,10.28
2022-08-21 12:56:17+00:00,10.27
2022-08-21 12:57:50+00:00,10.21
2022-08-21 12:59:24+00:00,10.27
2022-08-21 13:00:59+00:00,10.19
2022-08-21 13:02:32+00:00,10.27
2022-08-21 13:04:06+00:00,10.27
2022-08-21 13:05:39+00:00,10.26
2022-08-21 13:07:12+00:00,10.3
2022-08-21 13:08:46+00:00,10.25
2022-08-22 12:23:00+00:00,10.81
2022-08-22 12:24:33+00:00,10.38
2022-08-22 12:26:07+00:00,10.45
2022-08-22 12:27:40+00:00,10.42
2022-08-22 12:29:13+00:00,10.45
2022-08-22 12:30:46+00:00,10.47
2022-08-22 12:32:19+00:00,10.42
2022-08-22 12:33:52+00:00,10.48
2022-08-22 12:35:26+00:00,10.49
2022-08-22 12:36:59+00:00,10.42
2022-08-22 12:38:32+00:00,10.33
2022-08-22 12:40:06+00:00,10.45
2022-08-22 12:41:39+00:00,10.38
2022-08-22 12:43:12+00:00,10.4
2022-08-22 12:44:45+00:00,10.34
2022-08-22 12:46:19+00:00,10.36
2022-08-22 12:47:52+00:00,10.28
2022-08-22 12:49:25+00:00,10.44
2022-08-22 12:50:58+00:00,10.37
2022-08-22 12:52:32+00:00,10.34
2022-08-22 12:54:05+00:00,10.4
2022-08-22 12:55:39+00:00,10.39
2022-08-22 12:57:12+00:00,10.31
2022-08-22 12:58:45+00:00,10.3
2022-08-22 13:00:18+00:00,10.34
2022-08-22 13:01:51+00:00,10.33
2022-08-22 13:03:24+00:00,10.37
2022-08-22 13:04:58+00:00,10.37
2022-08-22 13:06:31+00:00,10.31
2022-08-22 13:08:04+00:00,10.24
2022-08-22 13:09:37+00:00,10.26
2022-08-23 08:37:45+00:00,11.07
2022-08-23 08:39:19+00:00,10.41
2022-08-23 08:40:52+00:00,10.44
2022-08-23 08:42:25+00:00,10.44
2022-08-23 08:43:59+00:00,10.43
2022-08-23 08:45:32+00:00,10.45
2022-08-23 08:47:05+00:00,10.41
2022-08-23 08:48:38+00:00,10.32
2022-08-23 08:50:12+00:00,10.4
2022-08-23 08:51:45+00:00,10.4
2022-08-23 08:53:18+00:00,10.34
2022-08-23 08:54:51+00:00,10.31
2022-08-23 08:56:25+00:00,10.33
2022-08-23 08:57:58+00:00,10.34
2022-08-23 08:59:32+00:00,10.26
2022-08-23 09:01:06+00:00,10.34
2022-08-23 09:02:40+00:00,10.27
2022-08-23 09:04:13+00:00,10.33
2022-08-23 09:05:47+00:00,10.28
2022-08-23 09:07:21+00:00,10.24
2022-08-23 09:08:55+00:00,10.22
2022-08-23 09:10:28+00:00,10.19
2022-08-23 09:12:01+00:00,10.18
2022-08-23 09:13:34+00:00,10.35
2022-08-23 09:15:08+00:00,10.25
2022-08-23 09:16:41+00:00,10.23
2022-08-23 09:18:15+00:00,10.2
2022-08-23 09:19:48+00:00,10.19
2022-08-23 09:21:21+00:00,10.12
2022-08-23 09:22:54+00:00,10.23
2022-08-23 09:24:27+00:00,10.11
2022-08-23 09:26:01+00:00,10.14
2022-08-24 07:19:49+00:00,10.79
2022-08-24 07:21:22+00:00,10.42
2022-08-24 07:22:55+00:00,10.4
2022-08-24 07:24:28+00:00,10.35
2022-08-24 07:26:01+00:00,10.35
2022-08-24 07:27:34+00:00,10.42
2022-08-24 07:29:07+00:00,10.43
2022-08-24 07:30:41+00:00,10.41
2022-08-24 07:32:14+00:00,10.31
2022-08-24 07:33:47+00:00,10.38
2022-08-24 07:35:20+00:00,10.32
2022-08-24 07:36:54+00:00,10.46
2022-08-24 07:38:27+00:00,10.34
2022-08-24 07:40:00+00:00,10.37
2022-08-24 07:41:33+00:00,10.33
2022-08-24 07:43:07+00:00,10.21
2022-08-24 07:44:41+00:00,10.28
2022-08-24 07:46:14+00:00,10.4
2022-08-24 07:47:48+00:00,10.34
2022-08-24 07:49:22+00:00,10.33
2022-08-24 07:50:55+00:00,10.34
2022-08-24 07:52:28+00:00,10.38
2022-08-24 07:54:01+00:00,10.25
2022-08-24 07:55:34+00:00,10.27
2022-08-24 07:57:08+00:00,10.31
2022-08-24 07:58:41+00:00,10.22
2022-08-24 08:00:14+00:00,10.31
2022-08-24 08:01:47+00:00,10.32
2022-08-24 08:03:20+00:00,10.3
2022-08-24 08:04:53+00:00,10.27
2022-08-25 07:45:04+00:00,10.73
2022-08-25 07:46:37+00:00,10.4
2022-08-25 07:48:11+00:00,10.35
2022-08-25 07:49:44+00:00,10.41
2022-08-25 07:51:18+00:00,10.39
2022-08-25 07:52:51+00:00,10.32
2022-08-25 07:54:24+00:00,10.32
2022-08-25 07:55:58+00:00,10.35
2022-08-25 07:57:31+00:00,10.36
2022-08-25 07:59:04+00:00,10.3
2022-08-25 08:00:38+00:00,10.37
2022-08-25 08:02:11+00:00,10.24
2022-08-25 08:03:44+00:00,10.37
2022-08-25 08:05:18+00:00,10.28
2022-08-25 08:06:51+00:00,10.29
2022-08-25 08:08:24+00:00,10.27
2022-08-25 08:09:58+00:00,10.34
2022-08-25 08:11:31+00:00,10.25
2022-08-25 08:13:04+00:00,10.24
2022-08-25 08:14:38+00:00,10.23
2022-08-25 08:16:11+00:00,10.21
2022-08-25 08:17:44+00:00,10.24
2022-08-25 08:19:18+00:00,10.21
2022-08-25 08:20:51+00:00,10.24
2022-08-25 08:22:24+00:00,10.19
2022-08-25 08:23:58+00:00,10.23
2022-08-25 08:25:32+00:00,10.3
2022-08-25 08:27:05+00:00,10.18
2022-08-25 08:28:39+00:00,10.22
2022-08-25 08:30:12+00:00,10.24
2022-09-03 11:06:54+00:00,10.85
2022-09-03 11:08:28+00:00,10.43
2022-09-03 11:11:37+00:00,10.35
2022-09-03 11:13:11+00:00,10.48
2022-09-03 11:14:44+00:00,10.43
2022-09-03 11:16:18+00:00,10.45
2022-09-03 11:19:28+00:00,10.35
2022-09-03 11:21:04+00:00,10.42
2022-09-03 11:22:38+00:00,10.4
2022-09-03 11:25:45+00:00,10.33
2022-09-03 11:27:19+00:00,10.43
2022-09-03 11:28:55+00:00,10.36
2022-09-03 11:32:03+00:00,10.31
2022-09-03 11:33:36+00:00,10.43
2022-09-03 11:35:10+00:00,10.34
2022-09-03 11:36:44+00:00,10.36
2022-09-03 11:39:54+00:00,10.28
2022-09-03 11:41:27+00:00,10.3
2022-09-03 11:43:02+00:00,10.43
2022-09-03 11:46:10+00:00,10.38
2022-09-03 11:47:46+00:00,10.34
2022-09-03 11:49:19+00:00,10.43
2022-09-04 09:49:35+00:00,10.38
2022-09-04 09:52:44+00:00,10.31
2022-09-04 09:54:20+00:00,10.3
2022-09-04 09:55:53+00:00,10.34
2022-09-04 09:59:01+00:00,10.46
2022-09-04 10:00:35+00:00,10.33
2022-09-04 10:02:10+00:00,10.36
2022-09-04 10:05:18+00:00,10.28
2022-09-04 10:06:52+00:00,10.3
2022-09-04 10:08:25+00:00,10.36
2022-09-04 10:11:35+00:00,10.39
2022-09-04 10:13:11+00:00,10.32
2022-09-04 10:14:45+00:00,10.32
2022-09-04 10:16:19+00:00,10.19
2022-09-04 10:19:26+00:00,10.39
2022-09-04 10:21:02+00:00,10.29
2022-09-04 10:22:36+00:00,10.3
2022-09-04 10:25:45+00:00,10.18
2022-09-04 10:27:18+00:00,10.21
2022-09-04 10:28:52+00:00,10.28
2022-09-04 10:32:02+00:00,10.22
2022-09-04 10:33:36+00:00,8.57
2022-09-05 05:20:39+00:00,10.53
2022-09-05 05:23:49+00:00,10.24
2022-09-05 05:25:23+00:00,10.1
2022-09-05 05:26:57+00:00,10.17
2022-09-05 05:30:05+00:00,10.14
2022-09-05 05:31:41+00:00,10.21
2022-09-05 05:33:15+00:00,10.19
2022-09-05 05:36:23+00:00,10.16
2022-09-05 05:37:57+00:00,10.16
2022-09-05 05:39:31+00:00,10.08
2022-09-05 05:42:40+00:00,10.08
2022-09-05 05:44:14+00:00,10.14
2022-09-05 05:45:48+00:00,10.09
2022-09-05 05:48:57+00:00,10.03
2022-09-05 05:50:33+00:00,10.13
2022-09-05 05:52:06+00:00,10.05
2022-09-05 05:55:14+00:00,10.11
2022-09-05 05:56:48+00:00,10.18
2022-09-05 05:58:22+00:00,10.06
2022-09-05 06:01:32+00:00,10.11
2022-09-05 06:03:06+00:00,10.08
2022-09-05 06:04:40+00:00,10.14
2022-09-05 06:07:47+00:00,10.02
2022-09-06 05:04:13+00:00,10.23
2022-09-06 05:05:47+00:00,10.25
2022-09-06 05:08:55+00:00,10.13
2022-09-06 05:10:31+00:00,10.14
2022-09-06 05:12:05+00:00,10.14
2022-09-06 05:15:12+00:00,10.18
2022-09-06 05:16:46+00:00,10.26
2022-09-06 05:18:20+00:00,10.2
2022-09-06 05:21:32+00:00,10.16
2022-09-06 05:23:05+00:00,10.2
2022-09-06 05:24:40+00:00,10.15
2022-09-06 05:27:47+00:00,10.18
2022-09-06 05:29:21+00:00,10.18
2022-09-06 05:30:57+00:00,10.22
2022-09-06 05:34:05+00:00,10.07
2022-09-06 05:35:39+00:00,10.07
2022-09-06 05:38:46+00:00,10.16
2022-09-06 05:40:22+00:00,10.11
2022-09-06 05:41:56+00:00,10.1
2022-09-06 05:45:04+00:00,10.06
2022-09-06 05:46:38+00:00,10.09
2022-09-06 05:48:12+00:00,7.83
2022-09-07 04:43:43+00:00,11.16
2022-09-07 04:45:17+00:00,10.25
2022-09-07 04:48:27+00:00,10.27
2022-09-07 04:50:02+00:00,10.28
2022-09-07 04:51:36+00:00,10.23
2022-09-07 04:54:44+00:00,10.32
2022-09-07 04:56:18+00:00,10.31
2022-09-07 04:57:54+00:00,10.26
2022-09-07 05:01:02+00:00,10.22
2022-09-07 05:02:36+00:00,10.2
2022-09-07 05:04:09+00:00,10.31
2022-09-07 05:07:19+00:00,10.31
2022-09-07 05:08:53+00:00,10.27
2022-09-07 05:12:01+00:00,10.24
2022-09-07 05:13:35+00:00,10.2
2022-09-07 05:15:12+00:00,10.12
2022-09-07 05:18:22+00:00,10.26
2022-09-07 05:19:56+00:00,10.28
2022-09-07 05:21:30+00:00,10.24
2022-09-07 05:24:39+00:00,10.28
2022-09-07 05:26:16+00:00,10.24
2022-09-07 05:27:52+00:00,10.18
2022-09-07 07:24:18+00:00,10.4
2022-09-07 07:27:26+00:00,10.27
2022-09-07 07:29:00+00:00,10.28
2022-09-07 07:32:10+00:00,10.33
2022-09-07 07:33:44+00:00,10.26
2022-09-08 10:25:21+00:00,10.36
2022-09-08 10:26:55+00:00,10.26
2022-09-08 10:30:06+00:00,10.3
2022-09-08 10:31:40+00:00,10.37
2022-09-08 10:34:48+00:00,10.38
2022-09-08 10:36:22+00:00,10.41
2022-09-08 10:37:56+00:00,10.43
2022-09-08 10:41:06+00:00,10.35
2022-09-08 10:42:42+00:00,10.34
2022-09-08 10:44:16+00:00,10.33
2022-09-08 10:47:25+00:00,10.32
2022-09-08 10:48:59+00:00,10.23
2022-09-08 10:52:10+00:00,10.34
2022-09-08 10:53:44+00:00,10.31
2022-09-08 10:55:20+00:00,10.34
2022-09-08 10:58:29+00:00,10.28
2022-09-08 11:00:04+00:00,10.35
2022-09-08 11:03:12+00:00,10.25
2022-09-08 11:04:48+00:00,10.23
2022-09-08 11:06:24+00:00,10.34
2022-09-08 11:09:32+00:00,10.35
2022-09-10 11:16:09+00:00,10.76
2022-09-10 11:17:43+00:00,10.26
2022-09-10 11:19:17+00:00,10.43
2022-09-10 11:20:50+00:00,10.34
2022-09-10 11:23:58+00:00,10.4
2022-09-10 11:25:34+00:00,10.41
2022-09-10 11:27:08+00:00,10.44
2022-09-10 11:30:17+00:00,10.36
2022-09-10 11:31:51+00:00,10.33
2022-09-10 11:33:27+00:00,10.39
2022-09-10 11:36:36+00:00,10.36
2022-09-10 11:38:09+00:00,10.37
2022-09-10 11:39:45+00:00,10.36
2022-09-10 11:42:55+00:00,10.3
2022-09-10 11:44:29+00:00,10.38
2022-09-10 11:46:02+00:00,10.35
2022-09-10 11:49:10+00:00,10.25
2022-09-10 11:50:44+00:00,10.22
2022-09-10 11:52:17+00:00,10.2
2022-09-10 11:55:29+00:00,10.24
2022-09-10 11:57:03+00:00,10.38
2022-09-10 11:58:37+00:00,10.38
2022-09-10 12:00:11+00:00,10.27
2022-09-11 17:31:27+00:00,10.84
2022-09-11 17:33:04+00:00,10.37
2022-09-11 17:34:37+00:00,10.5
2022-09-11 17:37:45+00:00,10.42
2022-09-11 17:39:19+00:00,10.45
2022-09-11 17:40:53+00:00,10.4
2022-09-11 17:44:03+00:00,10.46
2022-09-11 17:45:37+00:00,10.35
2022-09-11 17:47:11+00:00,10.43
2022-09-11 17:50:19+00:00,10.4
2022-09-11 17:51:55+00:00,10.41
2022-09-11 17:53:29+00:00,10.47
2022-09-11 17:55:03+00:00,10.42
2022-09-11 17:58:11+00:00,10.38
2022-09-11 17:59:47+00:00,10.34
2022-09-11 18:01:22+00:00,10.39
2022-09-11 18:04:31+00:00,10.28
2022-09-11 18:06:05+00:00,10.31
2022-09-11 18:07:39+00:00,10.4
2022-09-11 18:10:49+00:00,10.26
2022-09-11 18:12:23+00:00,10.41
2022-09-11 18:13:57+00:00,10.37
2022-09-13 01:09:29+00:00,10.37
2022-09-13 01:11:03+00:00,10.42
2022-09-13 01:14:13+00:00,10.39
2022-09-13 01:15:49+00:00,10.43
2022-09-13 01:17:23+00:00,10.39
2022-09-13 01:20:30+00:00,10.39
2022-09-13 01:22:04+00:00,10.45
2022-09-13 01:23:38+00:00,10.4
2022-09-13 01:26:48+00:00,10.43
2022-09-13 01:28:22+00:00,10.27
2022-09-13 01:29:56+00:00,10.31
2022-09-13 01:33:03+00:00,10.28
2022-09-13 01:34:39+00:00,10.33
2022-09-13 01:37:47+00:00,10.34
2022-09-13 01:39:22+00:00,10.28
2022-09-13 01:40:56+00:00,10.31
2022-09-13 01:44:05+00:00,10.34
2022-09-13 01:45:41+00:00,10.28
2022-09-13 01:47:15+00:00,10.37
2022-09-13 01:48:48+00:00,10.31
2022-09-13 01:51:56+00:00,10.4
2022-09-13 01:53:30+00:00,10.32
2022-09-14 03:02:01+00:00,10.61
2022-09-14 03:03:35+00:00,10.17
2022-09-14 03:06:43+00:00,10.36
2022-09-14 03:08:19+00:00,10.31
2022-09-14 03:11:27+00:00,10.28
2022-09-14 03:13:00+00:00,10.35
2022-09-14 03:14:35+00:00,10.34
2022-09-14 03:17:45+00:00,10.32
2022-09-14 03:19:19+00:00,10.26
2022-09-14 03:20:53+00:00,10.23
2022-09-14 03:24:00+00:00,10.22
2022-09-14 03:25:34+00:00,10.29
2022-09-14 03:28:44+00:00,10.31
2022-09-14 03:30:18+00:00,10.33
2022-09-14 03:31:52+00:00,10.29
2022-09-14 03:35:00+00:00,10.32
2022-09-14 03:36:33+00:00,10.24
2022-09-14 03:39:45+00:00,10.25
2022-09-14 03:41:19+00:00,10.3
2022-09-14 03:42:52+00:00,10.25
2022-09-14 03:46:00+00:00,10.32
2022-09-14 22:01:20+00:00,10.67
2022-09-14 22:02:53+00:00,10.6
2022-09-14 22:04:28+00:00,10.52
2022-09-14 22:07:37+00:00,10.66
2022-09-14 22:09:12+00:00,10.57
2022-09-14 22:12:20+00:00,10.59
2022-09-14 22:13:55+00:00,10.58
2022-09-14 22:15:31+00:00,10.53
2022-09-14 22:18:39+00:00,10.56
2022-09-14 22:20:12+00:00,10.56
2022-09-14 22:23:20+00:00,10.54
2022-09-14 22:24:56+00:00,10.54
2022-09-14 22:26:32+00:00,10.55
2022-09-14 22:29:40+00:00,10.51
2022-09-14 22:31:14+00:00,10.52
2022-09-14 22:34:22+00:00,10.45
2022-09-14 22:35:58+00:00,10.51
2022-09-14 22:37:32+00:00,10.4
2022-09-14 22:40:40+00:00,10.55
2022-09-14 22:42:14+00:00,10.4
2022-09-15 14:54:21+00:00,10.53
2022-09-15 14:57:31+00:00,10.46
2022-09-15 14:59:05+00:00,10.47
2022-09-15 15:02:14+00:00,10.4
2022-09-15 15:03:50+00:00,10.36
2022-09-15 15:05:24+00:00,10.43
2022-09-15 15:08:31+00:00,10.37
2022-09-15 15:10:05+00:00,10.35
2022-09-15 15:13:15+00:00,10.41
2022-09-15 15:14:49+00:00,10.37
2022-09-15 15:16:24+00:00,10.35
2022-09-15 15:19:32+00:00,10.35
2022-09-15 15:21:05+00:00,10.45
2022-09-15 15:24:15+00:00,10.36
2022-09-15 15:25:50+00:00,10.37
2022-09-15 15:27:24+00:00,10.36
2022-09-15 15:30:32+00:00,10.21
2022-09-15 15:32:08+00:00,10.28
2022-09-15 15:35:16+00:00,10.34
2022-09-15 15:36:50+00:00,10.36
2022-09-16 17:50:29+00:00,10.84
2022-09-16 17:53:38+00:00,10.59
2022-09-16 17:55:13+00:00,10.42
2022-09-16 17:56:47+00:00,10.49
2022-09-16 17:59:59+00:00,10.51
2022-09-16 18:01:34+00:00,10.38
2022-09-16 18:04:44+00:00,10.55
2022-09-16 18:06:19+00:00,10.51
2022-09-16 18:09:33+00:00,10.48
2022-09-16 18:11:09+00:00,10.39
2022-09-16 18:14:18+00:00,10.38
2022-09-16 18:15:52+00:00,10.42
2022-09-16 18:19:01+00:00,10.37
2022-09-16 18:20:37+00:00,10.43
2022-09-16 18:23:45+00:00,10.44
2022-09-16 18:25:19+00:00,10.43
2022-09-16 18:26:54+00:00,10.35
2022-09-16 18:30:02+00:00,10.42
2022-09-16 18:33:12+00:00,10.46
2022-09-16 18:34:46+00:00,10.41
2022-09-17 20:00:16+00:00,10.82
2022-09-17 20:03:25+00:00,10.42
2022-09-17 20:04:59+00:00,10.42
2022-09-17 20:08:11+00:00,10.47
2022-09-17 20:11:21+00:00,10.45
2022-09-17 20:12:55+00:00,10.39
2022-09-17 20:16:04+00:00,10.48
2022-09-17 20:17:39+00:00,10.37
2022-09-17 20:20:47+00:00,10.5
2022-09-17 20:23:59+00:00,10.34
2022-09-17 20:25:33+00:00,10.44
2022-09-17 20:28:42+00:00,10.32
2022-09-17 20:30:19+00:00,10.41
2022-09-17 20:33:27+00:00,10.36
2022-09-17 20:36:37+00:00,10.39
2022-09-17 20:38:13+00:00,10.29
2022-09-17 20:41:25+00:00,10.39
2022-09-17 20:43:00+00:00,10.32
2022-09-19 02:02:04+00:00,10.36
2022-09-19 02:05:13+00:00,10.4
2022-09-19 02:06:49+00:00,10.38
2022-09-19 02:09:59+00:00,10.42
2022-09-19 02:11:33+00:00,10.49
2022-09-19 02:13:07+00:00,10.47
2022-09-19 02:16:16+00:00,10.43
2022-09-19 02:17:50+00:00,10.39
2022-09-19 02:21:02+00:00,10.41
2022-09-19 02:22:36+00:00,10.29
2022-09-19 02:25:44+00:00,10.41
2022-09-19 02:27:18+00:00,10.41
2022-09-19 02:30:26+00:00,10.39
2022-09-19 02:32:02+00:00,10.43
2022-09-19 02:35:12+00:00,10.35
2022-09-19 02:36:46+00:00,10.34
2022-09-19 02:39:54+00:00,10.27
2022-09-19 02:41:28+00:00,10.2
2022-09-19 02:44:38+00:00,10.38
2022-09-19 02:46:14+00:00,10.34
2022-09-20 05:20:06+00:00,10.69
2022-09-20 05:23:21+00:00,10.38
2022-09-20 05:24:57+00:00,10.32
2022-09-20 05:28:06+00:00,10.32
2022-09-20 05:29:40+00:00,10.29
2022-09-20 05:32:49+00:00,10.32
2022-09-20 05:34:23+00:00,10.28
2022-09-20 05:37:34+00:00,10.35
2022-09-20 05:40:44+00:00,10.28
2022-09-20 05:42:18+00:00,10.45
2022-09-20 05:45:27+00:00,10.41
2022-09-20 05:47:01+00:00,10.27
2022-09-20 05:50:09+00:00,10.37
2022-09-20 05:51:44+00:00,10.34
2022-09-20 05:54:54+00:00,10.33
2022-09-20 05:56:31+00:00,10.3
2022-09-20 05:59:39+00:00,10.3
2022-09-20 06:01:13+00:00,10.39
2022-09-20 06:04:21+00:00,10.2
2022-09-20 06:05:56+00:00,10.35
2022-09-21 05:28:19+00:00,10.53
2022-09-21 05:31:27+00:00,10.44
2022-09-21 05:33:01+00:00,10.34
2022-09-21 05:36:13+00:00,10.41
2022-09-21 05:39:25+00:00,10.4
2022-09-21 05:41:01+00:00,10.26
2022-09-21 05:44:09+00:00,10.34
2022-09-21 05:47:17+00:00,10.38
2022-09-21 05:48:52+00:00,10.37
2022-09-21 05:52:00+00:00,10.36
2022-09-21 05:53:36+00:00,10.34
2022-09-21 05:56:44+00:00,10.21
2022-09-21 05:59:53+00:00,10.26
2022-09-21 06:01:28+00:00,10.34
2022-09-21 06:04:37+00:00,10.31
2022-09-21 06:07:46+00:00,10.29
2022-09-21 06:09:20+00:00,10.3
2022-09-21 06:12:29+00:00,10.31
2022-09-22 09:09:11+00:00,10.66
2022-09-22 09:12:21+00:00,10.53
2022-09-22 09:15:30+00:00,10.38
2022-09-22 09:17:04+00:00,10.5
2022-09-22 09:20:13+00:00,10.49
2022-09-22 09:21:47+00:00,10.51
2022-09-22 09:24:58+00:00,10.47
2022-09-22 09:28:10+00:00,10.56
2022-09-22 09:31:19+00:00,10.49
2022-09-22 09:32:53+00:00,10.62
2022-09-22 09:36:02+00:00,10.39
2022-09-22 09:39:10+00:00,10.43
2022-09-22 09:40:45+00:00,10.41
2022-09-22 09:43:54+00:00,10.38
2022-09-22 09:45:28+00:00,10.39
2022-09-22 09:48:38+00:00,10.43
2022-09-22 09:51:50+00:00,10.37
2022-09-22 09:53:24+00:00,10.42
2022-09-23 07:54:41+00:00,11.23
2022-09-23 07:57:54+00:00,10.56
2022-09-23 08:01:02+00:00,10.58
2022-09-23 08:02:36+00:00,10.6
2022-09-23 08:05:46+00:00,10.46
2022-09-23 08:08:54+00:00,10.54
2022-09-23 08:10:29+00:00,10.53
2022-09-23 08:13:42+00:00,10.49
2022-09-23 08:16:53+00:00,10.46
2022-09-23 08:20:02+00:00,10.43
2022-09-23 08:21:37+00:00,10.39
2022-09-23 08:24:46+00:00,10.56
2022-09-23 08:27:57+00:00,10.42
2022-09-23 08:29:33+00:00,10.38
2022-09-23 08:32:44+00:00,10.39
2022-09-23 08:35:54+00:00,10.42
2022-09-23 08:37:29+00:00,10.46
2022-09-24 07:52:35+00:00,11.9
2022-09-24 07:54:10+00:00,10.53
2022-09-24 07:57:19+00:00,10.45
2022-09-24 08:00:28+00:00,10.32
2022-09-24 08:03:39+00:00,10.54
2022-09-24 08:06:51+00:00,10.42
2022-09-24 08:08:27+00:00,10.37
2022-09-24 08:11:36+00:00,10.39
2022-09-24 08:14:45+00:00,10.51
2022-09-24 08:17:56+00:00,10.4
2022-09-24 08:21:05+00:00,10.4
2022-09-24 08:22:40+00:00,10.42
2022-09-24 08:25:51+00:00,10.4
2022-09-24 08:29:02+00:00,10.39
2022-09-24 08:32:12+00:00,10.42
2022-09-24 08:35:21+00:00,10.3
2022-09-24 08:36:55+00:00,10.38
2022-09-26 10:34:52+00:00,11.08
2022-09-26 10:38:01+00:00,10.67
2022-09-26 10:41:12+00:00,10.61
2022-09-26 10:42:47+00:00,10.62
2022-09-26 10:45:56+00:00,10.66
2022-09-26 10:49:05+00:00,10.57
2022-09-26 10:50:41+00:00,10.56
2022-09-26 10:53:52+00:00,10.56
2022-09-26 10:57:01+00:00,10.63
2022-09-26 11:00:10+00:00,10.6
2022-09-26 11:01:45+00:00,10.59
2022-09-26 11:04:57+00:00,10.61
2022-09-26 11:08:09+00:00,10.58
2022-09-26 11:11:21+00:00,10.63
2022-09-26 11:12:57+00:00,10.55
2022-09-26 11:16:09+00:00,10.49
2022-09-29 02:18:24+00:00,10.81
2022-09-29 02:21:36+00:00,10.44
2022-09-29 02:26:24+00:00,10.48
2022-09-29 02:31:11+00:00,10.42
2022-09-29 02:35:59+00:00,10.4
2022-09-29 02:39:11+00:00,10.32
2022-09-29 02:43:58+00:00,10.36
2022-09-29 02:48:46+00:00,10.33
2022-09-29 02:53:34+00:00,10.47
2022-09-29 02:56:46+00:00,10.34
2022-09-29 03:01:33+00:00,10.36
2022-09-30 10:55:26+00:00,10.62
2022-09-30 11:00:14+00:00,10.5
2022-09-30 11:06:39+00:00,10.46
2022-09-30 11:11:27+00:00,10.51
2022-09-30 11:16:15+00:00,10.47
2022-09-30 11:21:03+00:00,10.43
2022-09-30 11:27:27+00:00,10.49
2022-09-30 11:32:16+00:00,10.41
2022-10-02 00:48:55+00:00,10.4
2022-10-02 00:53:43+00:00,10.45
2022-10-02 01:00:07+00:00,10.44
2022-10-02 01:04:55+00:00,10.43
2022-10-02 01:09:43+00:00,10.45
2022-10-02 01:16:07+00:00,10.4
2022-10-02 01:20:55+00:00,10.38
2022-10-02 01:27:19+00:00,10.25
2022-10-03 04:03:44+00:00,11.14
2022-10-03 04:08:32+00:00,10.62
2022-10-03 04:13:20+00:00,10.57
2022-10-03 04:18:08+00:00,10.54
2022-10-03 04:24:31+00:00,10.52
2022-10-03 04:29:19+00:00,10.58
2022-10-03 04:34:08+00:00,10.44
2022-10-03 04:38:56+00:00,10.54
2022-10-03 04:45:20+00:00,10.52
2022-10-03 04:50:07+00:00,10.52
2022-10-04 04:37:41+00:00,10.57
2022-10-04 04:42:29+00:00,10.62
2022-10-04 04:47:17+00:00,10.62
2022-10-04 04:53:41+00:00,10.54
2022-10-04 04:58:30+00:00,10.58
2022-10-04 05:03:18+00:00,10.59
2022-10-04 05:09:43+00:00,10.58
2022-10-04 05:14:31+00:00,10.54
2022-10-05 06:59:44+00:00,10.56
2022-10-05 07:04:32+00:00,10.55
2022-10-05 07:09:21+00:00,10.6
2022-10-05 07:15:45+00:00,10.55
2022-10-05 07:20:34+00:00,10.48
2022-10-05 07:26:58+00:00,10.44
2022-10-05 07:31:47+00:00,10.53
2022-10-05 07:36:36+00:00,10.37
2022-10-06 12:17:52+00:00,10.44
2022-10-06 12:22:40+00:00,10.43
2022-10-06 12:29:06+00:00,10.44
2022-10-06 12:33:54+00:00,10.5
2022-10-06 12:40:19+00:00,10.42
2022-10-06 12:45:07+00:00,10.44
2022-10-06 12:51:32+00:00,10.43
2022-10-06 12:57:58+00:00,10.36
2022-10-07 21:31:01+00:00,10.71
2022-10-07 21:35:50+00:00,10.65
2022-10-07 21:42:15+00:00,10.58
2022-10-07 21:47:04+00:00,10.63
2022-10-07 21:53:29+00:00,10.65
2022-10-07 21:58:19+00:00,10.68
2022-10-07 22:04:44+00:00,10.61
2022-10-14 01:18:01+00:00,10.39
2022-10-14 01:22:49+00:00,10.52
2022-10-14 01:29:13+00:00,10.46
2022-10-14 01:34:01+00:00,10.46
2022-10-14 01:40:25+00:00,10.51
2022-10-14 01:45:13+00:00,10.35
2022-10-14 01:51:36+00:00,10.42
2022-10-14 01:56:25+00:00,10.43
2022-10-15 04:41:25+00:00,10.36
2022-10-15 04:46:13+00:00,10.32
2022-10-15 04:52:38+00:00,10.23
2022-10-15 04:59:02+00:00,10.29
2022-10-15 05:03:50+00:00,10.24
2022-10-15 05:10:14+00:00,10.21
2022-10-15 05:15:01+00:00,10.37
2022-10-16 06:55:03+00:00,10.85
2022-10-16 06:59:51+00:00,10.62
2022-10-16 07:06:16+00:00,10.56
2022-10-16 07:12:40+00:00,10.59
2022-10-16 07:19:04+00:00,10.54
2022-10-16 07:23:52+00:00,10.5
2022-10-16 07:30:17+00:00,10.49
2022-10-16 07:36:41+00:00,10.57
2022-10-17 07:53:10+00:00,10.47
2022-10-17 07:59:33+00:00,10.46
2022-10-17 08:04:25+00:00,10.37
2022-10-17 08:10:49+00:00,10.36
2022-10-17 08:17:13+00:00,10.33
2022-10-17 08:22:01+00:00,10.39
2022-10-17 08:28:25+00:00,10.39
2022-10-17 08:33:13+00:00,10.45
2022-10-18 11:01:20+00:00,10.67
2022-10-18 11:07:45+00:00,10.6
2022-10-18 11:12:33+00:00,10.64
2022-10-18 11:18:57+00:00,10.61
2022-10-18 11:25:21+00:00,10.43
2022-10-18 11:30:09+00:00,10.54
2022-10-18 11:36:33+00:00,10.52
2022-10-18 11:42:57+00:00,10.47
2022-10-19 14:21:29+00:00,10.44
2022-10-19 14:27:54+00:00,10.55
2022-10-19 14:34:19+00:00,10.47
2022-10-19 14:39:07+00:00,10.42
2022-10-19 14:45:31+00:00,10.37
2022-10-19 14:51:55+00:00,10.35
2022-10-19 14:56:43+00:00,10.4
2022-10-19 15:03:07+00:00,10.36
2022-10-21 01:55:00+00:00,10.61
2022-10-21 02:01:24+00:00,10.48
2022-10-21 02:06:16+00:00,10.5
2022-10-21 02:12:45+00:00,10.61
2022-10-22 03:49:53+00:00,10.87
2022-10-22 03:56:17+00:00,10.59
2022-10-22 04:02:41+00:00,10.43
2022-10-22 04:09:05+00:00,10.56
2022-10-22 04:15:29+00:00,10.46
2022-10-22 04:21:53+00:00,10.55
2022-10-22 04:26:41+00:00,10.43
2022-10-22 04:33:06+00:00,10.44
2022-10-25 06:40:46+00:00,10.61
2022-10-25 06:47:10+00:00,10.53
2022-10-25 06:53:34+00:00,10.59
2022-10-25 06:58:22+00:00,10.59
2022-10-25 07:04:46+00:00,10.53
2022-10-25 07:11:10+00:00,10.59
2022-10-25 07:17:34+00:00,10.54
2022-10-26 07:46:38+00:00,10.49
2022-10-26 07:53:02+00:00,10.56
2022-10-26 07:59:26+00:00,10.58
2022-10-26 08:04:14+00:00,10.55
2022-10-26 08:10:38+00:00,10.48
2022-10-26 08:17:01+00:00,10.47
2022-10-26 08:23:25+00:00,10.28
2022-10-27 09:12:10+00:00,10.58
2022-10-27 09:16:57+00:00,10.61
2022-10-27 09:23:21+00:00,10.62
2022-10-27 09:29:45+00:00,10.64
2022-10-27 09:36:09+00:00,10.51
2022-10-27 09:42:33+00:00,10.47
2022-10-27 09:48:58+00:00,10.48
2022-10-27 09:53:47+00:00,10.52
2022-10-29 07:47:24+00:00,10.69
2022-10-29 07:52:12+00:00,10.68
2022-10-29 07:57:00+00:00,10.59
2022-10-29 08:01:48+00:00,10.74
2022-10-29 08:05:00+00:00,10.56
2022-10-29 08:09:48+00:00,10.61
2022-10-29 08:14:36+00:00,10.61
2022-10-29 08:19:24+00:00,10.68
2022-10-29 08:24:12+00:00,10.57
2022-10-29 08:27:24+00:00,10.59
2022-11-07 09:06:46+00:00,10.6
2022-11-07 09:13:11+00:00,10.47
2022-11-07 09:19:37+00:00,10.53
2022-11-07 09:26:01+00:00,10.38
2022-11-07 09:32:25+00:00,10.37
2022-11-07 09:38:49+00:00,10.43
2022-11-07 09:45:13+00:00,10.3
2022-11-09 11:44:30+00:00,10.41
2022-11-09 11:50:54+00:00,10.43
2022-11-09 11:57:17+00:00,10.43
2022-11-09 12:03:41+00:00,10.42
2022-11-09 12:10:05+00:00,10.42
2022-11-09 12:14:53+00:00,10.4
2022-11-09 12:21:17+00:00,10.46
2022-11-09 12:26:05+00:00,10.39
2022-11-10 11:57:45+00:00,10.56
2022-11-10 12:02:33+00:00,10.71
2022-11-10 12:08:58+00:00,10.59
2022-11-10 12:15:22+00:00,10.53
2022-11-10 12:20:10+00:00,10.55
2022-11-10 12:26:34+00:00,10.55
2022-11-10 12:32:58+00:00,10.51
2022-11-11 06:23:14+00:00,10.49
2022-11-11 06:29:39+00:00,10.41
2022-11-11 06:36:03+00:00,10.4
2022-11-11 06:40:51+00:00,10.37
2022-11-11 06:47:14+00:00,10.32
2022-11-11 06:53:38+00:00,10.32
2022-11-11 06:58:26+00:00,10.39
2022-11-11 07:04:50+00:00,10.41
2022-11-12 07:37:49+00:00,11.02
2022-11-12 07:44:12+00:00,10.52
2022-11-12 07:49:00+00:00,10.54
2022-11-12 07:55:24+00:00,10.56
2022-11-12 08:01:48+00:00,10.49
2022-11-12 08:06:38+00:00,10.46
2022-11-12 08:13:01+00:00,10.45
2022-11-12 08:19:29+00:00,10.46
2022-11-12 08:24:16+00:00,10.44
2022-11-13 04:26:50+00:00,10.47
2022-11-13 04:33:13+00:00,10.52
2022-11-13 04:39:37+00:00,10.46
2022-11-13 04:46:02+00:00,10.53
2022-11-13 04:52:25+00:00,10.55
2022-11-13 04:57:13+00:00,10.49
2022-11-13 05:03:37+00:00,10.48
2022-11-13 05:10:02+00:00,10.44
2022-11-14 03:50:18+00:00,10.6
2022-11-14 03:56:42+00:00,10.54
2022-11-14 04:03:05+00:00,10.47
2022-11-14 04:09:29+00:00,10.33
2022-11-14 04:15:53+00:00,10.45
2022-11-14 04:22:17+00:00,10.45
2022-11-14 04:28:41+00:00,10.39
2022-11-14 04:35:04+00:00,10.35
2022-11-15 02:38:10+00:00,10.47
2022-11-15 02:42:58+00:00,10.41
2022-11-15 02:49:22+00:00,10.47
2022-11-15 02:55:46+00:00,10.43
2022-11-15 03:00:33+00:00,10.37
2022-11-15 03:06:57+00:00,10.37
2022-11-15 03:13:21+00:00,10.4
2022-11-15 20:58:13+00:00,10.32
2022-11-15 22:07:02+00:00,10.57
2022-11-15 22:11:50+00:00,10.57
2022-11-15 22:18:14+00:00,10.67
2022-11-15 22:23:02+00:00,10.71
2022-11-15 22:29:25+00:00,10.52
2022-11-15 22:34:15+00:00,10.54
2022-11-15 22:40:39+00:00,10.45
2022-11-15 22:47:02+00:00,10.54
2022-11-16 23:41:09+00:00,10.82
2022-11-16 23:45:57+00:00,10.6
2022-11-16 23:52:21+00:00,10.54
2022-11-16 23:58:44+00:00,10.59
2022-11-17 00:03:32+00:00,10.51
2022-11-17 00:09:56+00:00,10.5
2022-11-17 00:14:44+00:00,10.54
2022-11-17 00:21:08+00:00,10.37
2022-11-17 11:32:06+00:00,11.02
2022-11-17 11:38:30+00:00,10.58
2022-11-17 11:44:55+00:00,10.55
2022-11-17 11:49:42+00:00,10.53
2022-11-17 11:56:06+00:00,10.44
2022-11-17 12:01:00+00:00,10.52
2022-11-17 12:07:24+00:00,10.53
2022-11-17 12:13:48+00:00,10.42
2022-11-18 09:41:00+00:00,10.66
2022-11-18 09:45:48+00:00,10.63
2022-11-18 09:52:12+00:00,10.63
2022-11-18 09:57:01+00:00,10.6
2022-11-18 10:03:25+00:00,10.68
2022-11-18 10:08:13+00:00,10.55
2022-11-18 10:14:36+00:00,10.58
2022-11-18 10:19:24+00:00,10.57
2022-11-19 07:53:23+00:00,10.57
2022-11-19 07:58:11+00:00,10.53
2022-11-19 08:04:38+00:00,10.52
2022-11-19 08:09:25+00:00,10.51
2022-11-19 08:15:53+00:00,10.53
2022-11-19 08:22:17+00:00,10.38
2022-11-19 08:27:04+00:00,10.4
2022-11-19 08:33:29+00:00,10.45
2022-11-20 05:25:22+00:00,10.8
2022-11-20 13:01:52+00:00,10.63
2022-11-20 13:08:16+00:00,10.67
2022-11-20 13:13:08+00:00,10.64
2022-11-20 13:19:32+00:00,10.58
2022-11-20 13:24:23+00:00,10.5
2022-11-20 13:30:47+00:00,10.49
2022-11-20 13:37:10+00:00,10.47
2022-11-20 13:42:00+00:00,10.61
2022-11-21 12:31:05+00:00,10.64
2022-11-21 12:37:29+00:00,10.55
2022-11-21 12:43:53+00:00,10.49
2022-11-21 12:50:17+00:00,10.45
2022-11-21 12:55:07+00:00,10.56
2022-11-21 13:01:31+00:00,10.48
2022-11-21 13:07:56+00:00,10.45
2022-11-22 13:20:42+00:00,10.53
2022-11-22 13:27:06+00:00,10.5
2022-11-22 13:33:32+00:00,10.38
2022-11-22 13:39:57+00:00,10.46
2022-11-22 13:46:21+00:00,10.38
2022-11-22 13:52:47+00:00,10.44
2022-11-22 13:59:10+00:00,10.47
2022-11-23 07:35:50+00:00,8.13
2022-11-23 07:40:38+00:00,10.62
2022-11-23 07:48:37+00:00,10.63
2022-11-23 07:53:25+00:00,10.52
2022-11-23 07:59:49+00:00,10.58
2022-11-23 08:06:13+00:00,10.44
2022-11-23 08:12:37+00:00,10.44
2022-11-23 08:19:01+00:00,10.4
2022-11-24 06:42:26+00:00,10.38
2022-11-24 06:48:50+00:00,10.46
2022-11-24 06:55:15+00:00,10.39
2022-11-24 07:03:16+00:00,10.42
2022-11-24 07:09:40+00:00,10.41
2022-11-24 07:16:04+00:00,10.43
2022-11-25 07:10:22+00:00,10.57
2022-11-25 07:18:22+00:00,10.43
2022-11-25 07:24:49+00:00,10.57
2022-11-25 07:32:48+00:00,10.42
2022-11-25 07:39:12+00:00,10.51
2022-11-25 07:47:12+00:00,10.54
2022-11-25 07:53:36+00:00,10.33
2022-11-26 04:31:07+00:00,10.47
2022-11-26 04:39:07+00:00,10.48
2022-11-26 04:47:07+00:00,10.47
2022-11-26 04:55:07+00:00,10.44
2022-11-26 05:03:08+00:00,10.32
2022-11-26 05:11:07+00:00,10.42
2022-11-27 04:13:49+00:00,10.54
2022-11-27 04:21:49+00:00,10.5
2022-11-27 04:29:50+00:00,10.55
2022-11-27 04:37:50+00:00,10.43
2022-11-27 04:45:50+00:00,10.34
2022-11-27 04:53:50+00:00,10.42
2022-11-28 03:14:45+00:00,10.54
2022-11-28 03:25:57+00:00,10.49
2022-11-28 03:37:09+00:00,10.41
2022-11-28 03:46:44+00:00,10.42
2022-11-29 01:48:37+00:00,10.51
2022-11-29 01:53:25+00:00,10.49
2022-11-29 01:59:49+00:00,10.47
2022-11-29 02:06:13+00:00,10.47
2022-11-29 02:12:37+00:00,10.38
2022-11-29 02:19:02+00:00,10.38
2022-11-29 02:25:25+00:00,10.49
2022-11-30 01:40:50+00:00,10.46
2022-11-30 01:47:14+00:00,10.42
2022-11-30 01:53:38+00:00,10.4
2022-11-30 02:00:01+00:00,10.35
2022-11-30 02:04:49+00:00,10.36
2022-11-30 02:11:13+00:00,10.41
2022-11-30 02:17:37+00:00,10.38
2022-11-30 02:24:01+00:00,10.46
2022-11-30 12:35:21+00:00,7.95
2022-12-01 02:16:47+00:00,10.6
2022-12-01 02:23:11+00:00,10.57
2022-12-01 02:29:35+00:00,10.56
2022-12-01 02:35:58+00:00,10.58
2022-12-01 02:40:46+00:00,10.52
2022-12-01 02:47:10+00:00,10.5
2022-12-01 02:53:34+00:00,10.41
2022-12-01 11:24:12+00:00,11.14
2022-12-01 11:30:35+00:00,10.48
2022-12-01 11:37:00+00:00,10.43
2022-12-01 11:43:24+00:00,10.44
2022-12-01 11:49:48+00:00,10.41
2022-12-01 11:56:12+00:00,10.46
2022-12-01 12:02:36+00:00,10.56
2022-12-02 14:21:33+00:00,10.56
2022-12-02 14:27:57+00:00,10.43
2022-12-02 14:34:21+00:00,10.55
2022-12-02 14:42:21+00:00,10.54
2022-12-02 14:48:45+00:00,10.48
2022-12-02 14:55:09+00:00,10.51
2022-12-02 15:01:33+00:00,10.42
2022-12-03 09:38:20+00:00,10.43
2022-12-03 09:44:44+00:00,10.39
2022-12-03 09:51:08+00:00,10.38
2022-12-03 09:57:32+00:00,10.45
2022-12-03 10:05:32+00:00,10.36
2022-12-03 10:11:56+00:00,10.4
2022-12-03 10:18:20+00:00,10.37
2022-12-04 13:21:00+00:00,10.5
2022-12-04 13:27:23+00:00,10.58
2022-12-04 13:33:47+00:00,10.49
2022-12-04 13:40:11+00:00,10.51
2022-12-04 13:46:35+00:00,10.43
2022-12-04 13:54:35+00:00,10.44
2022-12-05 11:49:26+00:00,10.54
2022-12-05 11:55:50+00:00,10.53
2022-12-05 12:03:50+00:00,10.52
2022-12-05 12:10:13+00:00,10.51
2022-12-05 12:16:37+00:00,10.49
2022-12-05 12:21:25+00:00,10.36
2022-12-05 12:27:49+00:00,10.35
2022-12-06 14:08:25+00:00,10.56
2022-12-06 14:14:50+00:00,10.62
2022-12-06 14:21:14+00:00,10.43
2022-12-06 14:27:37+00:00,10.53
2022-12-06 14:34:01+00:00,10.53
2022-12-06 14:40:25+00:00,10.41
2022-12-06 14:46:49+00:00,10.45
2022-12-07 13:41:40+00:00,10.64
2022-12-07 13:48:04+00:00,10.59
2022-12-07 13:54:28+00:00,10.5
2022-12-07 14:00:52+00:00,10.62
2022-12-07 14:07:16+00:00,10.49
2022-12-07 14:15:17+00:00,10.57
2022-12-07 14:21:41+00:00,10.5
2022-12-08 18:39:19+00:00,10.59
2022-12-08 18:47:18+00:00,10.62
2022-12-08 18:53:42+00:00,10.48
2022-12-10 03:01:56+00:00,10.5
2022-12-10 03:09:56+00:00,10.34
2022-12-10 03:17:56+00:00,10.28
2022-12-10 03:25:56+00:00,10.4
2022-12-10 03:32:20+00:00,10.32
2022-12-10 03:40:20+00:00,10.38
2022-12-10 03:46:44+00:00,10.18
2022-12-10 07:03:27+00:00,10.7
2022-12-10 07:11:27+00:00,10.62
2022-12-10 07:19:29+00:00,10.55
2022-12-10 07:25:53+00:00,10.67
2022-12-10 07:33:53+00:00,10.72
2022-12-10 07:41:53+00:00,10.6
2022-12-11 06:04:34+00:00,11.81
2022-12-11 06:12:34+00:00,10.57
2022-12-11 06:20:34+00:00,10.42
2022-12-11 06:26:58+00:00,10.52
2022-12-11 06:34:58+00:00,10.44
2022-12-11 06:42:58+00:00,10.42
2022-12-12 07:16:31+00:00,10.72
2022-12-12 07:24:31+00:00,10.6
2022-12-12 07:30:55+00:00,10.66
2022-12-12 07:38:54+00:00,10.58
2022-12-12 07:47:03+00:00,10.47
2022-12-13 07:07:47+00:00,10.45
2022-12-13 07:15:50+00:00,10.42
2022-12-13 07:23:50+00:00,10.37
2022-12-13 07:33:27+00:00,10.44
2022-12-13 07:41:27+00:00,10.43
2022-12-14 08:06:16+00:00,10.58
2022-12-14 08:12:40+00:00,10.51
2022-12-14 08:19:04+00:00,10.53
2022-12-14 08:25:29+00:00,10.49
2022-12-14 08:30:17+00:00,10.53
2022-12-14 08:36:41+00:00,10.47
2022-12-14 08:43:05+00:00,10.49
2022-12-15 09:17:49+00:00,11.03
2022-12-15 09:24:14+00:00,10.4
2022-12-15 09:30:38+00:00,10.51
2022-12-15 09:35:26+00:00,10.45
2022-12-15 09:41:51+00:00,10.36
2022-12-15 09:48:15+00:00,10.38
2022-12-15 09:54:42+00:00,10.41
2022-12-15 10:01:06+00:00,10.38
2022-12-16 04:59:00+00:00,10.33
2022-12-16 05:03:47+00:00,10.39
2022-12-16 05:10:12+00:00,10.37
2022-12-16 05:16:36+00:00,10.32
2022-12-16 05:21:24+00:00,10.28
2022-12-16 05:27:48+00:00,10.41
2022-12-16 05:32:36+00:00,10.24
2022-12-16 05:39:01+00:00,10.23
2022-12-19 07:11:24+00:00,10.5
2022-12-19 07:17:48+00:00,10.44
2022-12-19 07:22:36+00:00,10.44
2022-12-19 07:29:00+00:00,10.53
2022-12-19 07:33:49+00:00,10.62
2022-12-19 07:40:13+00:00,10.6
2022-12-19 07:45:01+00:00,10.58
2022-12-20 04:30:17+00:00,10.37
2022-12-20 04:36:41+00:00,10.37
2022-12-20 04:41:29+00:00,10.3
2022-12-20 04:47:53+00:00,10.18
2022-12-20 04:52:41+00:00,10.08
2022-12-20 04:59:06+00:00,10.21
2022-12-20 05:03:54+00:00,10.14
2022-12-20 05:10:18+00:00,10.27
2022-12-21 05:28:57+00:00,10.54
2022-12-21 05:36:57+00:00,10.52
2022-12-21 05:46:34+00:00,10.47
2022-12-21 05:54:34+00:00,10.42
2022-12-21 06:02:34+00:00,10.44
2022-12-21 06:10:34+00:00,10.31
2022-12-23 04:54:18+00:00,10.72
2022-12-23 05:03:54+00:00,10.41
2022-12-23 05:13:30+00:00,10.41
2022-12-23 05:23:06+00:00,10.38
2022-12-23 05:32:42+00:00,10.37
2022-12-23 15:49:42+00:00,10.73
2022-12-23 15:57:42+00:00,10.45
2022-12-23 16:07:20+00:00,10.53
2022-12-23 16:16:59+00:00,10.47
2022-12-23 16:25:02+00:00,10.43
2022-12-26 10:06:12+00:00,11.01
2022-12-26 10:15:48+00:00,10.42
2022-12-26 10:27:00+00:00,10.39
2022-12-26 10:36:36+00:00,10.46
2022-12-26 10:46:12+00:00,10.39
2022-12-27 15:50:54+00:00,10.99
2022-12-27 16:02:07+00:00,10.53
2022-12-27 16:11:43+00:00,10.34
2022-12-27 16:21:19+00:00,10.39
2022-12-27 16:32:31+00:00,10.48
2022-12-28 22:59:54+00:00,10.56
2022-12-28 23:11:06+00:00,10.42
2022-12-28 23:22:18+00:00,10.42
2022-12-28 23:33:30+00:00,10.42
2022-12-29 11:38:38+00:00,10.62
2022-12-29 11:51:27+00:00,10.57
2022-12-29 12:02:39+00:00,10.64
2022-12-29 12:13:54+00:00,10.4
2022-12-30 08:14:59+00:00,10.55
2022-12-30 08:27:47+00:00,10.51
2022-12-30 08:38:59+00:00,10.58
2022-12-30 08:51:48+00:00,10.4
2023-01-02 05:32:01+00:00,10.33
2023-01-02 23:59:36+00:00,10.36
2023-01-03 00:10:48+00:00,10.33
2023-01-03 00:23:36+00:00,10.09
2023-01-03 00:33:12+00:00,10.25
2023-01-03 08:55:50+00:00,11.16
2023-01-03 09:08:38+00:00,10.42
2023-01-03 09:21:27+00:00,10.36
2023-01-03 09:32:39+00:00,10.39
2023-01-04 06:23:51+00:00,10.44
2023-01-04 06:36:40+00:00,10.47
2023-01-04 06:49:28+00:00,10.31
2023-01-05 04:06:52+00:00,10.38
2023-01-05 04:18:04+00:00,10.29
2023-01-05 04:30:52+00:00,10.38
2023-01-05 04:42:04+00:00,10.34
2023-01-06 01:03:49+00:00,10.43
2023-01-06 01:16:56+00:00,10.45
2023-01-06 01:29:47+00:00,10.33
2023-01-06 01:42:37+00:00,10.33
2023-01-06 13:58:04+00:00,10.34
2023-01-06 14:09:18+00:00,10.27
2023-01-06 14:22:08+00:00,10.37
2023-01-06 14:34:58+00:00,10.34
2023-01-07 12:06:03+00:00,10.41
2023-01-07 12:20:29+00:00,10.37
2023-01-07 12:33:19+00:00,10.39
2023-01-08 09:06:12+00:00,10.49
2023-01-08 09:20:39+00:00,10.34
2023-01-08 09:35:08+00:00,10.33
2023-01-09 04:30:19+00:00,10.39
2023-01-09 04:44:45+00:00,10.47
2023-01-09 04:59:14+00:00,10.35
2023-01-09 05:13:46+00:00,10.36
2023-01-09 13:00:41+00:00,10.39
2023-01-09 13:16:46+00:00,10.28
2023-01-09 13:29:38+00:00,10.26
2023-01-10 10:56:09+00:00,10.45
2023-01-10 11:12:13+00:00,10.33
2023-01-10 11:28:15+00:00,10.35
2023-01-11 05:06:05+00:00,10.41
2023-01-11 05:25:23+00:00,10.3
2023-01-13 07:37:01+00:00,10.42
2023-01-13 08:02:49+00:00,10.42
2023-01-14 01:55:41+00:00,10.43
2023-01-14 02:18:14+00:00,10.36
2023-01-14 17:44:43+00:00,10.4
2023-01-14 18:07:20+00:00,10.37
2023-01-15 16:49:57+00:00,10.5
2023-01-16 16:01:47+00:00,10.47
2023-01-17 19:25:17+00:00,10.51
2023-01-18 14:44:49+00:00,10.57
2023-01-18 15:13:48+00:00,10.36
2023-01-19 16:29:22+00:00,10.62
2023-01-19 17:01:38+00:00,10.45
2023-01-20 08:57:28+00:00,10.49
2023-01-20 09:37:38+00:00,10.36
2023-01-21 04:48:00+00:00,10.23
2023-01-22 05:29:35+00:00,10.33
2023-01-23 05:16:23+00:00,10.43
2023-01-24 03:23:29+00:00,10.44
2023-01-24 22:28:11+00:00,10.45
2023-01-25 14:06:13+00:00,10.35
2023-01-26 09:25:28+00:00,10.45
2023-01-27 07:08:41+00:00,10.52
2023-01-28 05:55:30+00:00,10.4
2023-01-28 13:00:09+00:00,10.27
2023-01-29 16:45:36+00:00,10.4
2023-01-30 10:20:39+00:00,10.32
2023-01-31 06:35:23+00:00,10.54
2023-02-02 04:19:45+00:00,10.19
2023-02-03 03:30:14+00:00,10.48
2023-02-03 03:51:12+00:00,10.26
2023-02-03 04:10:37+00:00,10.27
2023-02-03 09:32:36+00:00,10.42
2023-02-03 10:00:38+00:00,10.4
2023-02-04 06:00:30+00:00,10.46
2023-02-04 06:09:45+00:00,10.38
2023-02-04 06:20:35+00:00,10.19
2023-02-04 06:29:52+00:00,10.21
2023-02-05 06:09:27+00:00,7.97
2023-02-05 06:20:16+00:00,10.29
2023-02-05 06:29:32+00:00,10.31
2023-02-05 06:40:17+00:00,10.32
2023-02-05 06:49:34+00:00,10.2
2023-02-06 03:40:27+00:00,10.36
2023-02-06 03:49:42+00:00,10.3
2023-02-06 04:00:29+00:00,10.34
2023-02-06 04:09:43+00:00,10.3
2023-02-06 04:20:32+00:00,10.28
2023-02-07 02:40:36+00:00,10.47
2023-02-07 02:49:52+00:00,10.43
2023-02-07 02:59:08+00:00,10.42
2023-02-07 03:09:54+00:00,10.41
2023-02-07 03:19:09+00:00,10.44
2023-02-07 18:40:41+00:00,10.26
2023-02-07 18:50:00+00:00,10.38
2023-02-07 18:59:15+00:00,10.33
2023-02-07 19:10:01+00:00,10.33
2023-02-08 10:50:25+00:00,11.21
2023-02-08 10:59:40+00:00,10.5
2023-02-08 11:10:27+00:00,10.35
2023-02-08 11:19:48+00:00,10.36
2023-02-08 11:29:02+00:00,10.35
2023-02-09 07:59:19+00:00,10.95
2023-02-09 08:10:08+00:00,10.37
2023-02-09 08:19:23+00:00,10.34
2023-02-09 08:30:11+00:00,10.42
2023-02-09 08:39:26+00:00,10.37
2023-02-10 04:59:51+00:00,10.28
2023-02-10 05:09:06+00:00,10.33
2023-02-10 05:19:51+00:00,10.19
2023-02-10 05:29:08+00:00,10.32
2023-02-10 05:39:55+00:00,10.26
2023-02-10 13:09:39+00:00,10.46
2023-02-10 13:18:54+00:00,10.34
2023-02-10 13:29:48+00:00,10.37
2023-02-10 13:39:03+00:00,10.34
2023-02-10 13:49:50+00:00,10.26
2023-02-11 08:19:21+00:00,10.37
2023-02-11 08:30:08+00:00,10.35
2023-02-11 08:39:29+00:00,10.33
2023-02-11 08:50:17+00:00,10.22
2023-02-12 07:29:16+00:00,10.48
2023-02-12 07:40:03+00:00,10.64
2023-02-12 07:49:21+00:00,10.5
2023-02-12 08:00:11+00:00,10.47
2023-02-12 08:09:28+00:00,10.47
2023-02-13 04:00:27+00:00,10.76
2023-02-13 04:09:42+00:00,10.37
2023-02-13 04:18:59+00:00,10.29
2023-02-13 04:29:51+00:00,10.34
2023-02-13 04:39:25+00:00,10.31
2023-02-13 22:20:06+00:00,10.31
2023-02-13 22:29:19+00:00,10.39
2023-02-13 22:40:08+00:00,10.25
2023-02-13 22:49:23+00:00,10.27
2023-02-14 15:39:49+00:00,10.41
2023-02-14 15:49:05+00:00,10.28
2023-02-14 15:59:54+00:00,10.5
2023-02-14 16:09:13+00:00,10.38
2023-02-14 16:20:02+00:00,10.3
2023-02-15 07:10:19+00:00,10.43
2023-02-15 07:19:34+00:00,10.32
2023-02-15 07:30:20+00:00,10.39
2023-02-15 07:39:34+00:00,10.27
2023-02-15 07:50:25+00:00,10.27
2023-02-16 04:29:24+00:00,10.76
2023-02-16 04:40:24+00:00,10.19
2023-02-16 04:49:44+00:00,10.05
2023-02-16 04:59:01+00:00,10.15
2023-02-16 05:09:50+00:00,10.16
2023-02-16 19:20:06+00:00,10.43
2023-02-16 19:29:23+00:00,10.37
2023-02-16 19:40:11+00:00,10.43
2023-02-16 19:49:29+00:00,10.35
2023-02-17 05:59:45+00:00,10.23
2023-02-17 06:09:01+00:00,10.25
2023-02-17 06:29:06+00:00,10.26
2023-02-17 06:39:54+00:00,10.19
2023-02-17 06:49:09+00:00,10.28
2023-02-17 11:19:20+00:00,10.85
2023-02-17 11:30:07+00:00,10.26
2023-02-17 11:39:22+00:00,10.23
2023-02-17 11:50:12+00:00,10.24
2023-02-17 11:59:29+00:00,10.35
2023-02-18 00:29:46+00:00,10.44
2023-02-18 00:39:02+00:00,10.27
2023-02-18 00:49:49+00:00,10.32
2023-02-18 00:59:04+00:00,10.37
2023-02-18 01:09:50+00:00,10.17
2023-02-18 10:39:28+00:00,10.4
2023-02-18 10:50:21+00:00,10.38
2023-02-18 10:59:38+00:00,10.34
2023-02-18 11:10:26+00:00,10.31
2023-02-18 11:19:41+00:00,10.32
2023-02-19 04:09:24+00:00,10.4
2023-02-19 04:20:14+00:00,10.35
2023-02-19 04:29:30+00:00,10.31
2023-02-19 04:40:18+00:00,10.38
2023-02-19 04:49:33+00:00,10.35
2023-02-19 16:20:14+00:00,10.46
2023-02-19 16:29:29+00:00,10.44
2023-02-19 16:40:18+00:00,10.28
2023-02-19 16:49:33+00:00,10.2
2023-02-19 17:00:22+00:00,10.2
2023-02-20 05:09:05+00:00,10.36
2023-02-20 05:19:59+00:00,10.24
2023-02-20 05:29:14+00:00,10.42
2023-02-20 05:39:58+00:00,10.34
2023-02-20 16:39:23+00:00,10.35
2023-02-20 16:50:13+00:00,10.33
2023-02-20 16:59:30+00:00,10.3
2023-02-20 17:10:18+00:00,10.21
2023-02-21 05:20:17+00:00,10.45
2023-02-21 05:29:34+00:00,10.29
2023-02-21 05:40:22+00:00,10.39
2023-02-21 05:49:37+00:00,10.25
2023-02-21 06:00:26+00:00,10.25
2023-02-23 15:59:15+00:00,10.33
2023-02-23 16:10:02+00:00,10.27
2023-02-23 16:19:19+00:00,10.31
2023-02-23 16:30:10+00:00,10.28
2023-02-23 16:39:25+00:00,10.08
2023-02-24 03:19:01+00:00,10.5
2023-02-24 03:29:50+00:00,10.39
2023-02-24 03:39:06+00:00,10.24
2023-02-24 03:49:55+00:00,10.24
2023-02-24 03:59:10+00:00,10.25
2023-02-24 07:38:59+00:00,10.38
2023-02-24 07:49:48+00:00,10.26
2023-02-24 07:59:06+00:00,10.27
2023-02-24 08:09:54+00:00,10.23
2023-02-24 08:19:11+00:00,10.2
2023-02-24 13:59:16+00:00,11.46
2023-02-24 14:10:05+00:00,10.3
2023-02-24 14:19:20+00:00,10.26
2023-02-24 14:30:08+00:00,10.22
2023-02-24 14:39:26+00:00,10.27
2023-02-25 03:20:08+00:00,10.37
2023-02-25 03:29:24+00:00,10.41
2023-02-25 03:38:57+00:00,10.16
2023-02-25 03:49:49+00:00,10.34
2023-02-25 03:59:08+00:00,10.27
2023-02-25 07:40:18+00:00,10.35
2023-02-25 07:49:37+00:00,10.32
2023-02-25 08:00:30+00:00,10.38
2023-02-25 08:09:47+00:00,10.36
2023-02-25 08:19:04+00:00,10.28
2023-02-25 16:29:05+00:00,10.6
2023-02-25 16:39:55+00:00,10.38
2023-02-25 16:49:12+00:00,10.37
2023-02-25 17:00:00+00:00,10.45
2023-02-25 17:09:16+00:00,10.32
2023-02-26 05:29:17+00:00,10.33
2023-02-26 05:38:34+00:00,10.24
2023-02-26 05:49:25+00:00,10.27
2023-02-26 05:58:41+00:00,10.17
2023-02-26 06:09:30+00:00,10.2
2023-02-26 15:19:45+00:00,10.43
2023-02-26 15:29:01+00:00,10.43
2023-02-26 15:39:50+00:00,10.31
2023-02-26 15:49:05+00:00,10.33
2023-02-26 15:58:23+00:00,10.46
2023-02-27 03:38:47+00:00,9.13
2023-02-27 03:49:36+00:00,10.28
2023-02-27 03:58:52+00:00,10.29
2023-02-27 04:09:41+00:00,10.39
2023-02-27 04:18:58+00:00,10.18
2023-02-27 10:09:58+00:00,10.38
2023-02-27 10:19:14+00:00,10.39
2023-02-27 10:30:02+00:00,10.28
2023-02-27 10:39:18+00:00,10.21
2023-02-27 10:50:07+00:00,10.2
2023-02-27 22:10:20+00:00,10.28
2023-02-27 22:19:35+00:00,10.21
2023-02-27 22:30:26+00:00,10.26
2023-02-27 22:39:42+00:00,10.07
2023-02-28 06:09:17+00:00,10.36
2023-02-28 06:20:08+00:00,10.27
2023-02-28 06:29:26+00:00,10.31
2023-02-28 06:40:14+00:00,10.22
2023-02-28 06:49:31+00:00,10.2
2023-02-28 15:30:31+00:00,10.41
2023-02-28 15:39:48+00:00,10.28
2023-02-28 15:49:03+00:00,10.31
2023-02-28 15:59:51+00:00,10.29
2023-02-28 16:09:07+00:00,10.27
2023-03-01 04:20:17+00:00,10.31
2023-03-01 04:29:35+00:00,10.31
2023-03-01 04:40:22+00:00,10.27
2023-03-01 04:49:38+00:00,10.33
2023-03-01 05:00:27+00:00,10.3
2023-03-01 13:39:56+00:00,10.26
2023-03-01 13:49:14+00:00,10.25
2023-03-01 14:00:02+00:00,10.27
2023-03-01 14:09:18+00:00,10.22
2023-03-01 14:20:07+00:00,10.26
2023-03-02 04:39:31+00:00,10.32
2023-03-02 04:50:19+00:00,10.36
2023-03-02 04:54:57+00:00,10.35
2023-03-02 05:09:11+00:00,10.29
2023-03-02 05:20:28+00:00,10.21
2023-03-02 18:10:09+00:00,10.43
2023-03-02 18:19:25+00:00,10.28
2023-03-02 18:30:16+00:00,10.42
2023-03-02 18:39:33+00:00,10.31
2023-03-03 05:19:14+00:00,10.28
2023-03-03 05:30:03+00:00,10.19
2023-03-03 05:39:23+00:00,10.14
2023-03-03 05:50:11+00:00,10.14
2023-03-03 05:59:26+00:00,10.25
2023-03-03 11:59:49+00:00,10.72
2023-03-03 12:09:07+00:00,10.33
2023-03-03 12:19:56+00:00,10.24
2023-03-03 12:29:13+00:00,10.26
2023-03-03 12:40:02+00:00,10.24
2023-03-04 04:30:15+00:00,10.49
2023-03-04 04:39:33+00:00,10.33
2023-03-04 04:50:23+00:00,10.43
2023-03-04 04:59:40+00:00,10.35
2023-03-04 05:10:30+00:00,10.3
2023-03-04 22:19:29+00:00,10.36
2023-03-04 22:30:17+00:00,10.36
2023-03-04 22:39:32+00:00,10.39
2023-03-04 22:50:21+00:00,10.36
2023-03-05 14:59:25+00:00,10.52
2023-03-05 15:10:14+00:00,10.5
2023-03-05 15:19:34+00:00,10.46
2023-03-05 15:30:24+00:00,10.47
2023-03-05 15:39:39+00:00,10.37
2023-03-06 09:40:26+00:00,10.4
2023-03-06 09:49:43+00:00,10.48
2023-03-06 09:59:03+00:00,10.39
2023-03-06 10:09:56+00:00,10.37
2023-03-07 04:59:15+00:00,10.42
2023-03-07 05:10:01+00:00,10.45
2023-03-07 05:19:18+00:00,10.42
2023-03-07 05:30:09+00:00,10.34
2023-03-07 18:10:00+00:00,10.22
2023-03-07 18:19:16+00:00,10.2
2023-03-07 18:30:10+00:00,10.18
2023-03-07 18:39:27+00:00,10.15
2023-03-07 18:50:16+00:00,10.04
2023-03-08 01:40:04+00:00,10.17
2023-03-08 15:59:56+00:00,10.48
2023-03-08 16:09:16+00:00,10.45
2023-03-09 03:29:05+00:00,10.51
2023-03-09 03:39:55+00:00,10.43
2023-03-09 03:49:16+00:00,8.7
2023-03-09 05:29:54+00:00,10.48
2023-03-09 05:39:11+00:00,10.44
2023-03-09 05:50:00+00:00,10.42
2023-03-09 05:59:16+00:00,10.38
2023-03-09 06:10:07+00:00,10.39
2023-03-09 06:19:25+00:00,10.44
2023-03-09 06:30:15+00:00,10.43
2023-03-09 06:39:33+00:00,10.38
2023-03-09 07:29:11+00:00,10.34
2023-03-09 07:40:02+00:00,10.34
2023-03-09 07:49:19+00:00,10.37
2023-03-09 08:00:10+00:00,10.37
2023-03-09 08:09:28+00:00,10.2
2023-03-09 13:09:47+00:00,10.22
2023-03-09 13:19:05+00:00,10.21
2023-03-09 13:29:54+00:00,10.18
2023-03-10 06:59:02+00:00,10.66
2023-03-10 07:09:53+00:00,10.25
2023-03-10 07:19:09+00:00,10.23
2023-03-10 07:30:02+00:00,10.24
2023-03-10 07:39:19+00:00,10.29
2023-03-11 02:49:06+00:00,10.39
2023-03-11 02:59:56+00:00,10.36
2023-03-11 03:09:12+00:00,10.35
2023-03-11 03:20:05+00:00,10.34
2023-03-11 03:29:22+00:00,10.3
2023-03-11 14:00:26+00:00,10.19
2023-03-11 14:09:43+00:00,10.4
2023-03-11 14:19:02+00:00,10.22
2023-03-11 14:29:51+00:00,10.26
2023-03-11 14:39:09+00:00,10.22
2023-03-12 10:10:03+00:00,10.42
2023-03-12 10:19:20+00:00,10.42
2023-03-12 10:30:10+00:00,10.4
2023-03-12 10:39:26+00:00,10.42
2023-03-12 10:50:19+00:00,10.24
2023-03-13 04:20:27+00:00,10.31
2023-03-13 04:29:46+00:00,10.38
2023-03-13 04:39:05+00:00,10.38
2023-03-13 04:49:56+00:00,10.29
2023-03-13 04:59:15+00:00,10.24
2023-03-14 01:39:08+00:00,10.31
2023-03-14 01:49:59+00:00,10.3
2023-03-14 01:59:16+00:00,10.23
2023-03-14 02:10:10+00:00,10.31
2023-03-14 02:19:28+00:00,10.34
2023-03-15 10:19:21+00:00,10.42
2023-03-15 10:30:21+00:00,10.4
2023-03-15 10:39:40+00:00,10.41
2023-03-15 10:50:32+00:00,10.21
2023-03-15 10:59:54+00:00,10.19
2023-03-16 04:29:01+00:00,10.57
2023-03-16 04:39:52+00:00,10.31
2023-03-16 04:49:10+00:00,10.33
2023-03-16 05:00:01+00:00,10.28
2023-03-16 05:09:19+00:00,10.26
2023-03-17 02:39:14+00:00,10.61
2023-03-17 02:48:31+00:00,10.4
2023-03-17 02:59:24+00:00,10.39
2023-03-17 03:08:42+00:00,10.38
2023-03-17 03:19:33+00:00,10.4
2023-03-17 16:09:38+00:00,10.49
2023-03-17 16:20:31+00:00,10.45
2023-03-17 16:29:49+00:00,10.43
2023-03-17 16:39:06+00:00,10.32
2023-03-18 08:29:52+00:00,10.31
2023-03-18 08:39:13+00:00,10.3
2023-03-18 08:50:05+00:00,10.2
2023-03-18 08:59:22+00:00,10.29
2023-03-18 09:10:12+00:00,10.16
2023-03-19 07:29:47+00:00,10.43
2023-03-19 07:39:39+00:00,10.47
2023-03-19 07:50:30+00:00,10.37
2023-03-19 07:59:48+00:00,10.31
2023-03-19 08:09:07+00:00,10.36
2023-03-20 03:59:28+00:00,10.39
2023-03-20 04:10:26+00:00,10.29
2023-03-20 04:19:41+00:00,10.3
2023-03-20 04:28:56+00:00,10.2
2023-03-20 04:39:52+00:00,10.23
2023-03-21 00:50:13+00:00,10.35
2023-03-21 00:59:31+00:00,10.45
2023-03-21 01:10:21+00:00,10.33
2023-03-21 01:19:46+00:00,10.37
2023-03-21 01:29:05+00:00,10.32
2023-03-21 14:00:28+00:00,10.38
2023-03-21 14:09:46+00:00,10.44
2023-03-21 14:19:03+00:00,10.29
2023-03-21 14:29:51+00:00,10.32
2023-03-21 14:39:08+00:00,10.28
2023-03-22 09:39:19+00:00,10.4
2023-03-22 09:50:12+00:00,10.35
2023-03-22 09:59:30+00:00,10.32
2023-03-22 10:10:23+00:00,10.31
2023-03-22 10:19:40+00:00,10.33
2023-03-23 04:19:42+00:00,10.38
2023-03-23 04:30:31+00:00,10.34
2023-03-23 04:39:48+00:00,10.28
2023-03-23 04:49:04+00:00,10.24
2023-03-23 04:59:53+00:00,10.21
2023-03-24 00:40:18+00:00,10.44
2023-03-24 00:49:35+00:00,10.27
2023-03-24 01:00:23+00:00,10.32
2023-03-24 01:09:39+00:00,10.22
2023-03-24 01:20:31+00:00,10.29
2023-03-24 23:49:09+00:00,10.39
2023-03-25 00:00:01+00:00,10.34
2023-03-25 00:09:20+00:00,10.42
2023-03-25 05:57:47+00:00,10.52
2023-03-25 06:10:07+00:00,10.35
2023-03-25 06:19:24+00:00,10.22
2023-03-25 15:29:53+00:00,10.39
2023-03-25 15:39:09+00:00,10.38
2023-03-25 15:49:59+00:00,10.35
2023-03-26 06:59:41+00:00,10.43
2023-03-26 07:10:30+00:00,10.32
2023-03-26 07:19:45+00:00,10.28
2023-03-26 07:29:01+00:00,10.26
2023-03-27 01:59:32+00:00,10.49
2023-03-27 02:10:22+00:00,10.3
2023-03-27 02:19:39+00:00,10.42
2023-03-27 02:30:27+00:00,10.41
2023-03-27 12:09:21+00:00,10.44
2023-03-27 12:20:11+00:00,10.42
2023-03-27 12:29:28+00:00,10.42
2023-03-28 05:00:15+00:00,10.36
2023-03-28 05:09:35+00:00,10.29
2023-03-28 05:20:26+00:00,10.12
2023-03-28 05:29:43+00:00,10.17
2023-03-28 22:10:24+00:00,10.48
2023-03-28 22:19:41+00:00,10.38
2023-03-28 22:30:30+00:00,10.38
2023-04-06 02:40:33+00:00,10.61
2023-04-06 02:49:57+00:00,10.26
2023-04-06 02:59:13+00:00,10.3
2023-04-06 03:10:02+00:00,10.17
2023-04-06 10:59:17+00:00,10.32
2023-04-06 11:10:08+00:00,10.3
2023-04-06 11:19:23+00:00,10.24
2023-04-06 11:30:05+00:00,10.28
2023-04-07 15:10:09+00:00,10.28
2023-04-07 15:19:26+00:00,10.28
2023-04-07 15:30:16+00:00,10.28
2023-04-08 05:20:12+00:00,10.07
2023-04-08 05:29:27+00:00,10.2
2023-04-08 05:40:19+00:00,10.27
2023-04-08 10:09:43+00:00,10.29
2023-04-08 10:20:33+00:00,10.22
2023-04-08 10:29:51+00:00,10.15
2023-04-08 10:39:08+00:00,10.24
2023-04-09 04:39:35+00:00,10.26
2023-04-09 04:50:25+00:00,10.26
2023-04-09 04:59:42+00:00,10.26
2023-04-09 05:10:33+00:00,10.26
2023-04-10 05:49:31+00:00,9.96
2023-04-11 00:49:56+00:00,10.23
2023-04-11 00:59:14+00:00,10.31
2023-04-11 01:10:03+00:00,10.19
2023-04-11 01:19:23+00:00,10.1
2023-04-12 03:19:14+00:00,10.33
2023-04-12 03:30:02+00:00,10.28
2023-04-12 03:39:23+00:00,10.19
2023-04-12 03:50:12+00:00,10.28
2023-04-14 01:09:05+00:00,10.35
2023-04-14 01:19:58+00:00,10.24
2023-04-14 01:29:15+00:00,10.15
2023-04-14 09:59:52+00:00,10.24
2023-04-14 10:09:12+00:00,10.22
2023-04-14 10:20:02+00:00,10.17
2023-04-15 04:09:41+00:00,10.22
2023-04-15 04:20:31+00:00,10.24
2023-04-15 04:29:49+00:00,10.24
2023-04-15 04:39:06+00:00,10.17
2023-04-15 19:39:50+00:00,10.36
2023-04-15 19:49:07+00:00,10.3
2023-04-15 19:59:57+00:00,10.26
2023-04-29 01:16:12+00:00,10.38
2023-04-29 01:29:08+00:00,10.36
2023-04-29 01:38:26+00:00,10.25
2023-04-30 05:30:04+00:00,10.35
2023-04-30 05:39:16+00:00,10.22
2023-04-30 05:50:02+00:00,10.33
2023-04-30 18:59:27+00:00,10.32
2023-04-30 19:08:44+00:00,10.11
2023-04-30 19:19:35+00:00,10.2
2023-05-01 07:28:30+00:00,10.5
2023-05-01 07:39:21+00:00,10.39
2023-05-01 07:48:38+00:00,10.44
2023-05-02 00:59:22+00:00,10.41
2023-05-02 01:10:10+00:00,10.4
2023-05-02 01:19:27+00:00,10.43
2023-05-02 09:39:14+00:00,10.23
2023-05-02 09:50:03+00:00,10.19
2023-05-02 09:59:21+00:00,10.27
2023-05-03 02:28:58+00:00,10.39
2023-05-03 02:39:49+00:00,10.25
2023-05-03 02:49:08+00:00,10.34
2023-05-05 05:48:56+00:00,10.4
2023-05-05 05:59:46+00:00,10.26
2023-05-05 06:09:04+00:00,10.27
2023-05-06 00:19:43+00:00,10.56
2023-05-06 00:29:00+00:00,10.36
2023-05-06 00:39:50+00:00,10.24
2023-05-06 00:49:06+00:00,10.22
2023-05-06 09:49:28+00:00,10.76
2023-05-06 09:58:46+00:00,10.32
2023-05-06 10:09:36+00:00,10.46
2023-05-06 10:18:54+00:00,10.32
2023-05-07 05:19:57+00:00,10.22
2023-05-07 05:29:15+00:00,10.17
2023-05-07 05:40:04+00:00,10.14
2023-05-07 15:29:38+00:00,10.4
2023-05-07 15:38:54+00:00,10.24
2023-05-08 04:49:21+00:00,10.35
2023-05-08 05:00:11+00:00,10.4
2023-05-08 05:09:29+00:00,10.34
2023-05-08 05:18:47+00:00,10.28
2023-05-08 16:59:42+00:00,10.35
2023-05-08 17:08:59+00:00,10.31
2023-05-08 17:19:52+00:00,10.29
2023-05-08 17:29:10+00:00,10.08
2023-05-09 01:59:00+00:00,10.23
2023-05-09 02:09:53+00:00,10.15
2023-05-09 16:59:33+00:00,10.33
2023-05-09 17:08:52+00:00,10.3
2023-05-09 17:19:48+00:00,10.25
2023-05-10 08:09:21+00:00,10.35
2023-05-10 08:20:13+00:00,10.43
2023-05-10 08:29:34+00:00,10.49
2023-05-10 08:38:51+00:00,10.27
2023-05-11 01:59:43+00:00,10.27
2023-05-11 02:09:00+00:00,10.38
2023-05-11 02:19:54+00:00,10.31
2023-05-11 08:29:27+00:00,10.6
2023-05-11 08:32:42+00:00,10.4
2023-05-12 01:59:23+00:00,10.18
2023-05-12 02:10:13+00:00,10.16
2023-05-12 02:19:30+00:00,10.1
2023-05-12 02:28:47+00:00,10.14
2023-05-12 12:08:57+00:00,10.34
2023-05-12 12:19:47+00:00,10.34
2023-05-12 12:29:03+00:00,10.32
2023-05-12 12:39:54+00:00,10.25
2023-05-13 05:48:51+00:00,10.15
2023-05-13 05:59:42+00:00,10.15
2023-05-13 06:09:00+00:00,10.02
2023-05-14 02:39:53+00:00,10.3
2023-05-14 02:49:10+00:00,10.2
2023-05-14 03:00:03+00:00,10.28
2023-05-14 03:09:20+00:00,10.23
2023-05-14 17:19:53+00:00,10.32
2023-05-14 17:29:10+00:00,10.36
2023-05-14 17:40:01+00:00,10.33
2023-05-14 17:49:17+00:00,10.27
2023-05-15 08:49:02+00:00,10.4
2023-05-15 08:59:53+00:00,10.26
2023-05-15 09:09:10+00:00,10.23
2023-05-15 09:20:02+00:00,10.26
2023-05-16 04:29:47+00:00,10.52
2023-05-16 04:39:03+00:00,10.16
2023-05-16 04:49:54+00:00,10.19
2023-05-16 04:59:09+00:00,10.16
2023-05-17 02:39:09+00:00,10.3
2023-05-17 02:48:31+00:00,10.22
2023-05-17 02:59:24+00:00,10.24
2023-05-17 03:08:44+00:00,10.05
2023-05-17 10:19:00+00:00,10.91
2023-05-17 10:29:59+00:00,10.35
2023-05-17 10:39:21+00:00,10.28
2023-05-17 10:50:14+00:00,10.31
2023-05-18 00:19:32+00:00,10.57
2023-05-18 00:28:49+00:00,10.22
2023-05-18 00:39:39+00:00,10.13
2023-05-18 00:48:57+00:00,10.12
2023-05-18 07:39:49+00:00,10.3
2023-05-18 07:49:06+00:00,10.15
2023-05-18 07:59:59+00:00,10.22
2023-05-22 06:40:09+00:00,10.27
2023-05-22 06:49:26+00:00,10.23
2023-05-22 06:58:47+00:00,10.27
2023-05-22 07:09:41+00:00,10.27
2023-05-24 02:19:41+00:00,10.4
2023-05-24 02:29:01+00:00,10.29
2023-05-24 02:38:19+00:00,10.27
2023-05-24 02:49:12+00:00,10.26
2023-05-24 08:19:23+00:00,10.26
2023-05-24 08:28:40+00:00,10.27
2023-05-24 08:39:31+00:00,10.17
2023-05-24 17:09:33+00:00,10.29
2023-05-24 17:18:52+00:00,10.28
2023-05-24 17:29:42+00:00,10.32
2023-05-25 05:39:18+00:00,10.19
2023-05-25 05:48:38+00:00,10.16
2023-05-25 05:59:29+00:00,10.11
2023-05-25 06:08:47+00:00,9.98
2023-05-25 15:09:30+00:00,10.88
2023-05-25 15:18:50+00:00,10.42
2023-05-25 15:29:41+00:00,10.33
2023-05-25 15:38:59+00:00,10.26
2023-05-26 03:30:08+00:00,10.21
2023-05-26 03:39:26+00:00,10.09
2023-05-26 03:50:15+00:00,10.19
2023-05-26 09:30:14+00:00,10.25
2023-05-26 09:39:33+00:00,10.14
2023-05-26 09:48:50+00:00,10.23
2023-05-26 09:59:43+00:00,10.22
2023-05-26 18:50:08+00:00,10.31
2023-05-26 18:59:26+00:00,10.18
2023-05-26 19:10:15+00:00,10.28
2023-05-27 03:59:48+00:00,10.16
2023-05-27 04:09:06+00:00,10.06
2023-05-27 04:19:59+00:00,10.12
2023-05-27 04:29:20+00:00,10.09
2023-05-27 10:29:14+00:00,10.34
2023-05-27 10:38:49+00:00,10.26
2023-05-27 10:49:59+00:00,10.35
2023-05-27 23:29:30+00:00,10.18
2023-05-27 23:38:47+00:00,10.1
2023-05-27 23:49:39+00:00,10.2
2023-05-28 07:29:54+00:00,10.31
2023-05-28 07:39:38+00:00,10.31
2023-05-28 07:48:55+00:00,10.26
2023-05-28 07:59:48+00:00,10.19
2023-05-28 18:19:13+00:00,10.36
2023-05-28 18:30:04+00:00,10.36
2023-05-28 18:39:24+00:00,10.26
2023-05-29 04:30:07+00:00,10.23
2023-05-29 04:39:25+00:00,10.29
2023-05-29 04:50:18+00:00,10.29
2023-05-29 12:49:16+00:00,10.32
2023-05-29 13:00:07+00:00,10.35
2023-05-29 13:09:25+00:00,10.3
2023-05-30 01:39:48+00:00,10.71
2023-05-30 01:49:07+00:00,10.2
2023-05-30 01:59:58+00:00,10.29
2023-05-30 02:09:16+00:00,10.22
2023-05-30 08:08:59+00:00,10.26
2023-05-30 08:19:52+00:00,10.28
2023-05-30 08:29:13+00:00,10.19
2023-05-30 17:20:17+00:00,10.22
2023-05-30 17:29:38+00:00,10.17
2023-05-30 17:38:55+00:00,10.22
2023-05-31 03:29:58+00:00,10.24
2023-05-31 03:39:17+00:00,10.27
2023-05-31 03:50:08+00:00,10.21
2023-05-31 03:59:26+00:00,10.19
2023-05-31 09:39:39+00:00,10.3
2023-05-31 09:48:57+00:00,10.32
2023-05-31 09:59:48+00:00,10.26
2023-05-31 10:09:07+00:00,10.26
2023-05-31 23:29:33+00:00,10.37
2023-05-31 23:39:03+00:00,10.35
2023-05-31 23:50:09+00:00,10.25
2023-06-01 08:00:17+00:00,10.28
2023-06-01 08:09:40+00:00,10.26
2023-06-01 08:18:56+00:00,10.28
2023-06-01 08:29:47+00:00,10.13
2023-06-02 00:39:15+00:00,10.75
2023-06-02 00:49:22+00:00,10.23
2023-06-02 00:59:06+00:00,10.24
2023-06-02 01:08:41+00:00,10.26
2023-06-02 08:28:55+00:00,10.39
2023-06-02 08:39:55+00:00,10.32
2023-06-02 08:49:16+00:00,10.15
2023-06-02 20:58:31+00:00,10.48
2023-06-02 21:08:26+00:00,10.33
2023-06-02 21:19:54+00:00,10.33
2023-06-03 05:30:01+00:00,10.17
2023-06-03 05:39:54+00:00,10.27
2023-06-03 05:49:30+00:00,10.23
2023-06-03 13:19:43+00:00,10.31
2023-06-03 13:29:18+00:00,10.33
2023-06-03 13:38:58+00:00,10.25
2023-06-03 13:50:10+00:00,9.26
2023-06-04 13:59:30+00:00,10.4
2023-06-04 14:09:10+00:00,10.48
2023-06-04 14:19:25+00:00,10.43
2023-06-04 14:29:18+00:00,10.4
2023-06-05 04:09:28+00:00,10.35
2023-06-05 04:20:19+00:00,10.34
2023-06-05 04:29:16+00:00,10.24
2023-06-05 11:59:31+00:00,10.46
2023-06-05 12:09:26+00:00,10.43
2023-06-05 12:19:22+00:00,10.46
2023-06-05 12:30:14+00:00,10.47
2023-06-06 02:48:51+00:00,11.68
2023-06-06 03:00:16+00:00,10.35
2023-06-06 03:08:56+00:00,10.33
2023-06-06 03:20:05+00:00,10.31
2023-06-06 08:49:06+00:00,10.39
2023-06-06 08:59:57+00:00,10.31
2023-06-06 09:08:35+00:00,10.31
2023-06-06 16:39:06+00:00,10.36
2023-06-06 16:50:16+00:00,10.4
2023-06-06 17:00:10+00:00,10.31
2023-06-07 03:40:22+00:00,10.29
2023-06-07 03:49:02+00:00,10.16
2023-06-07 03:59:36+00:00,10.19
2023-06-07 04:10:09+00:00,10.23
2023-06-07 10:10:13+00:00,10.36
2023-06-07 10:19:54+00:00,10.36
2023-06-07 10:29:15+00:00,10.34
2023-06-07 19:30:14+00:00,10.23
2023-06-07 19:38:55+00:00,10.18
2023-06-07 19:48:50+00:00,10.15
2023-06-08 04:10:05+00:00,10.25
2023-06-08 04:19:43+00:00,10.15
2023-06-08 04:29:19+00:00,10.1
2023-06-08 10:29:53+00:00,10.24
2023-06-08 10:39:49+00:00,10.22
2023-06-08 10:49:25+00:00,10.11
2023-06-08 10:59:59+00:00,10.03
2023-06-08 19:39:10+00:00,10.35
2023-06-08 19:49:24+00:00,10.31
2023-06-08 19:59:00+00:00,10.21
2023-06-09 04:08:49+00:00,10.28
2023-06-09 04:19:59+00:00,10.27
2023-06-09 04:29:53+00:00,10.25
2023-06-09 10:19:07+00:00,10.31
2023-06-09 10:29:02+00:00,10.31
2023-06-09 10:38:58+00:00,10.42
2023-06-09 22:19:07+00:00,10.72
2023-06-09 22:30:15+00:00,10.41
2023-06-09 22:39:53+00:00,10.19
2023-06-09 22:49:07+00:00,10.34
2023-06-10 04:20:17+00:00,10.27
2023-06-10 04:29:37+00:00,10.21
2023-06-10 04:38:55+00:00,10.34
2023-06-10 04:48:48+00:00,10.25
2023-06-10 08:59:56+00:00,10.35
2023-06-10 09:09:33+00:00,10.19
2023-06-10 09:18:50+00:00,10.19
2023-06-10 09:29:41+00:00,10.2
2023-06-10 17:40:02+00:00,10.35
2023-06-10 17:48:30+00:00,10.31
2023-06-10 17:58:44+00:00,10.26
2023-06-10 18:08:40+00:00,10.24
2023-06-11 04:49:21+00:00,10.18
2023-06-11 04:59:50+00:00,10.11
2023-06-11 05:09:08+00:00,10.17
2023-06-11 05:18:44+00:00,10.01
2023-06-11 12:29:51+00:00,10.36
2023-06-11 12:39:29+00:00,10.22
2023-06-11 12:48:47+00:00,10.24
2023-06-11 12:59:57+00:00,10.3
2023-06-11 23:38:54+00:00,10.03
2023-06-11 23:48:51+00:00,10.01
2023-06-11 23:58:46+00:00,10.02
2023-06-12 00:08:40+00:00,9.95
2023-06-12 05:19:27+00:00,10.17
2023-06-12 05:29:33+00:00,10.19
2023-06-12 05:39:12+00:00,9.98
2023-06-12 05:49:31+00:00,9.93
2023-06-12 11:49:35+00:00,10.14
2023-06-12 11:59:14+00:00,10.17
2023-06-12 12:08:49+00:00,10.34
2023-06-12 12:19:38+00:00,10.27
2023-06-13 00:19:53+00:00,10.24
2023-06-13 00:29:14+00:00,10.23
2023-06-13 00:40:08+00:00,10.16
2023-06-13 04:59:33+00:00,10.28
2023-06-13 05:08:50+00:00,10.28
2023-06-13 05:19:43+00:00,10.19
2023-06-13 05:29:01+00:00,10.11
2023-06-13 12:09:05+00:00,10.26
2023-06-13 12:19:59+00:00,10.16
2023-06-13 12:29:18+00:00,10.33
2023-06-13 12:40:10+00:00,10.24
2023-06-13 22:48:59+00:00,10.27
2023-06-13 22:58:21+00:00,10.13
2023-06-13 23:09:13+00:00,10.15
2023-06-13 23:18:32+00:00,10.25
2023-06-14 04:59:02+00:00,10.25
2023-06-14 05:08:23+00:00,10.26
2023-06-14 05:19:19+00:00,10.17
2023-06-14 12:48:25+00:00,10.44
2023-06-14 12:59:17+00:00,10.38
2023-06-14 13:08:37+00:00,10.31
2023-06-15 00:08:18+00:00,10.27
2023-06-15 00:19:09+00:00,10.29
2023-06-15 00:28:28+00:00,10.23
2023-06-15 06:30:10+00:00,10.28
2023-06-15 06:39:28+00:00,10.23
2023-06-15 06:48:46+00:00,10.24
2023-06-15 06:59:37+00:00,10.07
2023-06-15 11:49:59+00:00,10.67
2023-06-15 11:59:17+00:00,10.17
2023-06-15 12:10:08+00:00,10.22
2023-06-15 12:19:28+00:00,10.2
2023-06-15 17:49:58+00:00,10.7
2023-06-15 17:59:51+00:00,10.21
2023-06-15 18:09:35+00:00,10.22
2023-06-15 18:19:11+00:00,10.18
2023-06-16 01:49:46+00:00,10.18
2023-06-16 01:58:29+00:00,10.19
2023-06-16 02:09:47+00:00,10.23
2023-06-16 02:20:18+00:00,10.13
2023-06-16 05:18:50+00:00,10.27
2023-06-16 05:29:23+00:00,10.17
2023-06-16 05:39:35+00:00,10.26
2023-06-16 05:49:30+00:00,10.2
2023-06-16 11:19:09+00:00,10.25
2023-06-16 11:29:59+00:00,10.3
2023-06-16 11:39:17+00:00,10.31
2023-06-16 11:50:12+00:00,10.16
2023-06-16 18:39:58+00:00,10.28
2023-06-16 18:49:23+00:00,10.26
2023-06-16 18:59:06+00:00,10.18
2023-06-17 02:59:41+00:00,9.98
2023-06-17 03:09:03+00:00,9.93
2023-06-17 03:19:58+00:00,9.94
2023-06-17 05:19:10+00:00,10.07
2023-06-17 05:28:51+00:00,10.04
2023-06-17 07:39:20+00:00,10.08
2023-06-17 07:50:17+00:00,9.96
2023-06-17 07:59:35+00:00,10.03
2023-06-17 08:10:29+00:00,9.9
2023-06-17 11:59:59+00:00,10.16
2023-06-17 12:09:17+00:00,10.08
2023-06-17 12:20:12+00:00,10.05
2023-06-18 03:29:02+00:00,10.28
2023-06-18 03:39:56+00:00,10.24
2023-06-18 03:49:17+00:00,10.3
2023-06-18 11:19:04+00:00,10.74
2023-06-18 11:29:56+00:00,10.3
2023-06-18 11:39:19+00:00,10.27
2023-06-18 11:50:10+00:00,10.23
2023-06-18 23:58:48+00:00,10.64
2023-06-19 00:08:44+00:00,10.27
2023-06-19 00:19:02+00:00,10.26
2023-06-19 00:29:34+00:00,10.22
2023-06-19 05:18:42+00:00,10.09
2023-06-19 05:28:59+00:00,10.07
2023-06-19 05:39:33+00:00,10.11
2023-06-19 05:49:19+00:00,10.02
2023-06-19 12:59:57+00:00,10.43
2023-06-19 13:09:51+00:00,10.36
2023-06-19 13:20:04+00:00,10.41
2023-06-20 01:58:56+00:00,10.36
2023-06-20 02:09:46+00:00,10.32
2023-06-20 02:19:13+00:00,10.29
2023-06-20 07:49:34+00:00,10.34
2023-06-20 07:59:19+00:00,10.26
2023-06-20 08:09:30+00:00,10.24
2023-06-20 15:39:42+00:00,10.39
2023-06-20 15:50:16+00:00,10.28
2023-06-20 15:59:28+00:00,10.25
2023-06-21 03:19:38+00:00,10.34
2023-06-21 03:28:51+00:00,10.23
2023-06-21 03:39:45+00:00,10.32
2023-06-21 03:48:43+00:00,10.12
2023-06-21 10:10:06+00:00,10.15
2023-06-21 10:19:06+00:00,10.23
2023-06-21 10:29:42+00:00,10.21
2023-06-22 06:59:54+00:00,10.29
2023-06-22 07:08:53+00:00,10.2
2023-06-22 07:19:43+00:00,10.14
2023-06-22 07:29:00+00:00,10.15
2023-06-22 21:00:29+00:00,10.36
2023-06-22 21:09:10+00:00,10.17
2023-06-22 21:20:23+00:00,10.17
2023-06-23 07:59:20+00:00,10.2
2023-06-23 08:10:12+00:00,10.2
2023-06-23 08:19:50+00:00,10.15
2023-06-23 08:29:45+00:00,10.24
2023-06-23 21:29:23+00:00,10.37
2023-06-23 21:40:16+00:00,10.26
2023-06-23 21:49:36+00:00,10.37
2023-06-24 07:10:15+00:00,10.8
2023-06-24 07:20:28+00:00,10.28
2023-06-24 07:29:26+00:00,10.24
2023-06-24 07:39:59+00:00,10.26
2023-06-24 18:09:42+00:00,10.3
2023-06-24 18:19:37+00:00,10.25
2023-06-24 18:30:08+00:00,10.23
2023-06-25 07:30:05+00:00,10.2
2023-06-25 07:39:26+00:00,10.2
2023-06-25 07:49:55+00:00,10.23
2023-06-25 20:39:40+00:00,10.19
2023-06-25 20:49:02+00:00,10.16
2023-06-25 20:59:54+00:00,10.12
2023-06-26 06:19:56+00:00,10.18
2023-06-26 06:29:33+00:00,10.17
2023-06-26 06:40:28+00:00,10.11
2023-06-26 06:50:05+00:00,10.12
2023-06-26 17:59:01+00:00,10.27
2023-06-26 18:10:06+00:00,10.27
2023-06-26 18:19:26+00:00,10.28
2023-06-27 06:09:19+00:00,10.26
2023-06-27 06:20:05+00:00,10.18
2023-06-27 06:29:41+00:00,10.13
2023-06-27 06:39:02+00:00,10.09
2023-06-27 18:19:19+00:00,10.48
2023-06-27 18:30:11+00:00,10.26
2023-06-27 18:39:30+00:00,10.35
2023-06-27 18:50:22+00:00,10.2
2023-06-28 06:39:23+00:00,10.66
2023-06-28 06:50:18+00:00,10.31
2023-06-28 06:59:39+00:00,10.26
2023-06-28 07:08:57+00:00,10.18
2023-06-29 02:09:18+00:00,10.51
2023-06-29 02:20:10+00:00,10.28
2023-06-29 02:29:32+00:00,10.39
2023-06-29 02:40:25+00:00,10.21
2023-06-29 13:20:29+00:00,10.2
2023-06-29 13:29:49+00:00,10.28
2023-06-29 13:39:10+00:00,10.2
2023-06-30 05:49:40+00:00,10.23
2023-06-30 05:59:05+00:00,10.02
2023-06-30 06:09:58+00:00,10.04
2023-06-30 19:19:12+00:00,10.23
2023-06-30 19:30:04+00:00,10.2
2023-06-30 19:39:23+00:00,10.16
2023-07-01 07:39:26+00:00,10.03
2023-07-01 07:48:46+00:00,9.97
2023-07-02 02:40:28+00:00,10.19
2023-07-02 02:49:48+00:00,10.18
2023-07-02 02:59:12+00:00,10.16
2023-07-02 11:49:22+00:00,10.25
2023-07-02 12:00:18+00:00,10.28
2023-07-02 12:09:42+00:00,10.13
2023-07-03 04:29:21+00:00,10.13
2023-07-03 04:40:16+00:00,10.07
2023-07-03 04:49:37+00:00,10.08
2023-07-03 05:00:30+00:00,10.1
2023-07-03 13:09:36+00:00,10.26
2023-07-03 13:18:58+00:00,10.19
2023-07-03 13:29:51+00:00,10.1
2023-07-04 04:38:42+00:00,10.24
2023-07-04 04:49:39+00:00,10.18
2023-07-04 04:58:59+00:00,10.21
2023-07-04 06:49:44+00:00,10.0
2023-07-04 06:59:06+00:00,9.95
2023-07-04 07:10:02+00:00,9.9
2023-07-05 07:20:36+00:00,10.11
2023-07-05 07:29:57+00:00,10.29
2023-07-05 07:39:17+00:00,10.26
2023-07-05 07:50:11+00:00,10.12
2023-07-05 07:59:33+00:00,10.01
2023-07-06 06:00:19+00:00,10.23
2023-07-06 06:09:40+00:00,10.3
2023-07-06 06:19:01+00:00,10.28
2023-07-06 06:29:56+00:00,10.23
2023-07-06 06:39:17+00:00,10.28
2023-07-06 06:50:09+00:00,10.23
2023-07-06 06:59:30+00:00,10.19
2023-07-06 07:08:49+00:00,10.11
2023-07-06 15:30:20+00:00,10.3
2023-07-06 15:39:41+00:00,10.29
2023-07-06 15:59:51+00:00,10.21
2023-07-06 16:09:11+00:00,10.31
2023-07-07 09:00:16+00:00,10.31
2023-07-07 09:09:36+00:00,10.32
2023-07-07 09:18:57+00:00,10.3
2023-07-07 09:29:53+00:00,10.19
2023-07-08 04:58:51+00:00,10.2
2023-07-08 05:09:46+00:00,10.06
2023-07-08 05:19:07+00:00,10.19
2023-07-08 05:30:01+00:00,10.16
2023-07-09 01:38:50+00:00,10.24
2023-07-09 01:49:45+00:00,10.24
2023-07-09 01:59:06+00:00,10.25
2023-07-09 02:10:00+00:00,10.16
2023-07-09 12:48:51+00:00,10.39
2023-07-09 12:59:47+00:00,10.42
2023-07-09 13:09:08+00:00,10.35
2023-07-09 13:20:02+00:00,10.34
2023-07-10 05:58:41+00:00,11.08
2023-07-10 06:09:37+00:00,10.34
2023-07-10 06:18:57+00:00,10.16
2023-07-10 06:29:52+00:00,10.21
2023-07-10 06:39:13+00:00,10.2
2023-07-10 18:08:34+00:00,10.74
2023-07-10 18:19:30+00:00,10.24
2023-07-10 18:28:51+00:00,10.29
2023-07-10 18:39:47+00:00,10.23
2023-07-10 18:49:09+00:00,10.19
2023-07-11 06:38:45+00:00,10.17
2023-07-11 06:49:39+00:00,10.15
2023-07-11 06:58:59+00:00,10.15
2023-07-11 07:09:56+00:00,10.12
2023-07-11 23:39:05+00:00,10.19
2023-07-11 23:50:03+00:00,10.3
2023-07-11 23:59:30+00:00,10.34
2023-07-12 00:08:51+00:00,10.22
2023-07-12 09:58:40+00:00,10.11
2023-07-12 10:08:04+00:00,10.05
2023-07-12 10:19:00+00:00,10.05
2023-07-12 10:28:23+00:00,10.03
2023-07-13 04:09:44+00:00,10.31
2023-07-13 04:19:05+00:00,10.24
2023-07-13 04:30:00+00:00,10.22
2023-07-13 04:39:21+00:00,10.27
2023-07-13 04:48:44+00:00,10.21
2023-07-13 17:38:52+00:00,10.37
2023-07-13 17:48:12+00:00,10.35
2023-07-13 17:59:07+00:00,10.24
2023-07-13 18:08:30+00:00,10.32
2023-07-14 09:18:57+00:00,10.37
2023-07-14 09:29:55+00:00,10.33
2023-07-14 09:39:18+00:00,10.32
2023-07-14 09:48:44+00:00,10.21
2023-07-14 22:59:53+00:00,10.43
2023-07-14 23:09:13+00:00,10.42
2023-07-14 23:20:09+00:00,10.27
2023-07-14 23:29:30+00:00,10.41
2023-07-14 23:38:51+00:00,10.37
2023-07-15 10:38:45+00:00,10.67
2023-07-15 10:48:07+00:00,10.22
2023-07-15 10:59:02+00:00,10.22
2023-07-15 11:08:26+00:00,10.14
2023-07-15 11:19:22+00:00,10.17
2023-07-16 04:08:40+00:00,10.69
2023-07-16 04:19:34+00:00,10.29
2023-07-16 04:28:56+00:00,10.4
2023-07-16 04:39:52+00:00,10.29
2023-07-16 04:49:13+00:00,10.26
2023-07-16 18:50:11+00:00,10.29
2023-07-16 18:59:33+00:00,10.25
2023-07-16 19:08:57+00:00,10.23
2023-07-16 19:19:51+00:00,10.21
2023-07-16 19:29:13+00:00,10.11
2023-07-17 09:58:37+00:00,10.32
2023-07-17 10:09:32+00:00,10.35
2023-07-17 10:18:54+00:00,10.3
2023-07-17 10:28:16+00:00,10.24
2023-07-18 15:18:49+00:00,10.39
2023-07-18 15:29:46+00:00,10.28
2023-07-18 15:39:07+00:00,10.2
2023-07-18 15:50:02+00:00,10.23
2023-07-19 07:49:05+00:00,10.39
2023-07-19 07:59:59+00:00,10.37
2023-07-19 08:09:21+00:00,10.26
2023-07-19 08:20:13+00:00,10.25
2023-07-19 08:29:39+00:00,10.24
2023-07-21 01:18:11+00:00,10.27
2023-07-21 01:29:08+00:00,10.21
2023-07-21 01:38:33+00:00,10.27
2023-07-21 01:49:29+00:00,10.16
2023-07-21 01:58:51+00:00,10.14
2023-07-21 13:48:07+00:00,10.18
2023-07-21 13:59:05+00:00,10.23
2023-07-21 14:08:28+00:00,10.27
2023-07-21 14:19:24+00:00,10.15
2023-07-22 05:40:03+00:00,10.25
2023-07-22 05:49:25+00:00,10.28
2023-07-22 05:58:46+00:00,10.19
2023-07-22 06:09:41+00:00,10.11
2023-07-22 06:19:03+00:00,10.12
2023-07-23 01:29:50+00:00,10.3
2023-07-23 01:39:12+00:00,10.3
2023-07-23 01:48:33+00:00,10.28
2023-07-23 01:59:29+00:00,10.14
2023-07-23 02:08:50+00:00,10.21
2023-07-23 12:19:05+00:00,10.07
2023-07-23 12:28:28+00:00,10.14
2023-07-23 12:39:23+00:00,10.15
2023-07-23 12:48:45+00:00,10.12
2023-07-23 12:58:06+00:00,10.16
2023-07-24 05:37:59+00:00,10.3
2023-07-24 05:49:01+00:00,10.29
2023-07-24 05:58:26+00:00,10.26
2023-07-24 06:09:24+00:00,10.17
2023-07-24 22:18:57+00:00,10.18
2023-07-24 22:29:52+00:00,10.25
2023-07-24 22:39:12+00:00,10.12
2023-07-24 22:48:36+00:00,10.2
2023-07-25 10:49:31+00:00,10.26
2023-07-25 10:58:55+00:00,10.31
2023-07-25 11:09:56+00:00,10.21
2023-07-25 11:19:21+00:00,10.18
2023-07-26 05:19:05+00:00,10.25
2023-07-26 05:30:06+00:00,10.08
2023-07-26 05:39:31+00:00,10.14
2023-07-26 05:48:59+00:00,10.21
2023-07-26 17:28:46+00:00,10.14
2023-07-26 17:39:51+00:00,10.24
2023-07-26 17:49:23+00:00,10.24
2023-07-26 17:58:46+00:00,10.15
2023-07-27 10:19:26+00:00,10.66
2023-07-27 10:28:52+00:00,10.27
2023-07-27 10:39:58+00:00,10.17
2023-07-27 10:49:24+00:00,10.1
2023-07-27 10:58:47+00:00,10.05
2023-07-28 04:40:02+00:00,10.13
2023-07-28 04:49:18+00:00,10.09
2023-07-28 04:58:51+00:00,10.05
2023-07-28 05:09:43+00:00,9.96
2023-07-28 05:19:10+00:00,10.1
2023-07-28 19:39:41+00:00,10.29
2023-07-28 19:49:03+00:00,10.25
2023-07-28 20:00:01+00:00,10.29
2023-07-28 20:09:23+00:00,10.19
2023-07-28 20:18:45+00:00,10.2
2023-07-29 10:58:50+00:00,10.22
2023-07-29 11:09:48+00:00,10.25
2023-07-29 11:19:11+00:00,10.08
2023-07-29 11:30:07+00:00,10.22
2023-07-30 07:38:53+00:00,10.84
2023-07-30 07:49:49+00:00,10.28
2023-07-30 07:59:12+00:00,10.19
2023-07-30 08:10:08+00:00,10.15
2023-07-30 08:19:30+00:00,10.13
2023-07-31 03:29:14+00:00,10.2
2023-07-31 03:40:10+00:00,10.22
2023-07-31 03:49:32+00:00,10.22
2023-07-31 03:58:55+00:00,10.16
2023-07-31 04:09:50+00:00,10.12
2023-07-31 15:29:56+00:00,10.42
2023-07-31 15:39:19+00:00,10.31
2023-07-31 15:48:41+00:00,10.3
2023-07-31 15:59:38+00:00,10.2
2023-08-01 09:28:41+00:00,10.22
2023-08-01 09:39:45+00:00,10.09
2023-08-01 09:49:11+00:00,10.23
2023-08-02 08:19:28+00:00,10.22
2023-08-02 08:28:53+00:00,10.23
2023-08-02 08:38:21+00:00,10.22
2023-08-02 08:49:17+00:00,10.21
2023-08-03 04:09:12+00:00,11.1
2023-08-03 04:20:09+00:00,10.08
2023-08-03 04:29:31+00:00,9.99
2023-08-03 04:38:54+00:00,10.03
2023-08-03 04:49:57+00:00,10.0
2023-08-03 23:19:43+00:00,10.16
2023-08-03 23:29:06+00:00,10.28
2023-08-03 23:40:06+00:00,10.21
2023-08-03 23:49:30+00:00,10.18
2023-08-04 11:08:59+00:00,10.19
2023-08-04 11:18:22+00:00,10.18
2023-08-04 11:29:21+00:00,10.13
2023-08-04 11:38:43+00:00,10.2
2023-08-05 04:59:31+00:00,10.14
2023-08-05 05:08:55+00:00,10.1
2023-08-05 05:18:18+00:00,10.16
2023-08-05 05:29:16+00:00,10.14
2023-08-05 05:38:40+00:00,10.08
2023-08-06 00:09:56+00:00,10.31
2023-08-06 00:19:19+00:00,10.29
2023-08-06 00:28:42+00:00,10.2
2023-08-06 00:39:38+00:00,10.2
2023-08-06 12:29:06+00:00,10.34
2023-08-06 12:40:05+00:00,10.32
2023-08-06 12:49:28+00:00,10.25
2023-08-06 12:58:50+00:00,10.23
2023-08-07 04:39:09+00:00,10.16
2023-08-07 04:50:04+00:00,10.17
2023-08-07 04:59:28+00:00,10.09
2023-08-07 05:08:52+00:00,10.17
2023-08-07 19:10:11+00:00,10.31
2023-08-07 19:19:34+00:00,10.24
2023-08-07 19:28:56+00:00,10.26
2023-08-07 19:39:52+00:00,10.13
2023-08-07 19:49:15+00:00,10.18
2023-08-08 08:59:01+00:00,10.26
2023-08-08 09:09:57+00:00,10.19
2023-08-08 09:19:17+00:00,10.26
2023-08-08 09:28:44+00:00,10.17
2023-08-09 02:19:36+00:00,10.31
2023-08-09 02:29:42+00:00,10.32
2023-08-09 02:39:08+00:00,10.23
2023-08-09 02:50:04+00:00,10.16
2023-08-09 02:59:28+00:00,10.18
2023-08-09 11:18:58+00:00,10.0
2023-08-09 11:28:22+00:00,10.03
2023-08-09 11:39:20+00:00,10.0
2023-08-09 11:48:50+00:00,9.93
2023-08-09 11:58:18+00:00,9.86
2023-08-09 17:59:35+00:00,10.24
2023-08-09 18:08:59+00:00,10.15
2023-08-10 10:49:20+00:00,10.16
2023-08-10 11:00:13+00:00,10.07
2023-08-10 11:09:30+00:00,10.07
2023-08-10 11:19:05+00:00,10.08
2023-08-11 03:29:57+00:00,10.26
2023-08-11 03:39:22+00:00,10.06
2023-08-11 03:48:47+00:00,10.18
2023-08-11 03:59:42+00:00,10.12
2023-08-11 15:09:55+00:00,10.24
2023-08-11 15:19:16+00:00,7.27
2023-08-11 18:59:36+00:00,10.06
2023-08-11 19:08:57+00:00,9.97
2023-08-11 19:19:55+00:00,9.97
2023-08-11 19:29:23+00:00,10.06
2023-08-12 02:39:28+00:00,10.03
2023-08-12 02:48:53+00:00,10.01
2023-08-12 05:39:25+00:00,10.37
2023-08-12 05:48:46+00:00,10.24
2023-08-12 05:59:41+00:00,10.2
2023-08-12 18:10:02+00:00,10.08
2023-08-12 18:19:25+00:00,10.15
2023-08-12 18:28:48+00:00,10.14
2023-08-12 18:39:43+00:00,10.06
2023-08-12 18:49:05+00:00,10.1
2023-08-13 09:18:46+00:00,10.27
2023-08-13 09:29:42+00:00,10.29
2023-08-13 09:39:05+00:00,10.31
2023-08-13 09:50:03+00:00,10.2
2023-08-14 03:59:31+00:00,10.25
2023-08-14 04:08:49+00:00,10.23
2023-08-14 04:19:50+00:00,10.26
2023-08-14 04:29:11+00:00,10.15
2023-08-14 11:48:59+00:00,10.23
2023-08-14 11:59:53+00:00,10.21
2023-08-14 12:09:22+00:00,10.21
2023-08-14 12:18:47+00:00,10.11
2023-08-15 09:18:59+00:00,10.23
2023-08-15 09:29:53+00:00,10.15
2023-08-15 09:39:15+00:00,10.16
2023-08-15 09:48:39+00:00,10.14
2023-08-15 09:59:33+00:00,10.12
2023-08-15 10:08:54+00:00,10.04
2023-08-16 05:39:51+00:00,10.41
2023-08-16 05:49:17+00:00,10.43
2023-08-16 05:58:40+00:00,10.41
2023-08-16 06:09:35+00:00,10.33
2023-08-16 06:18:57+00:00,10.27
2023-08-17 01:40:00+00:00,10.3
2023-08-17 01:49:20+00:00,10.22
2023-08-17 01:58:41+00:00,10.26
2023-08-17 02:09:35+00:00,10.14
2023-08-17 02:18:56+00:00,10.17
2023-08-17 15:29:04+00:00,10.18
2023-08-17 15:39:57+00:00,10.17
2023-08-17 15:49:19+00:00,10.12
2023-08-17 15:58:45+00:00,10.08
2023-08-17 16:09:42+00:00,10.1
2023-08-18 07:59:33+00:00,10.72
2023-08-18 08:08:54+00:00,10.31
2023-08-18 08:19:48+00:00,10.18
2023-08-18 08:40:03+00:00,10.24
2023-08-19 04:09:21+00:00,10.37
2023-08-19 04:18:41+00:00,10.16
2023-08-19 04:29:35+00:00,10.23
2023-08-19 04:38:56+00:00,10.25
2023-08-19 20:28:51+00:00,10.28
2023-08-19 20:39:44+00:00,10.3
2023-08-19 20:49:04+00:00,10.27
2023-08-19 20:59:58+00:00,10.38
2023-08-20 10:09:28+00:00,10.21
2023-08-20 10:18:47+00:00,10.29
2023-08-20 10:28:07+00:00,10.29
2023-08-20 10:39:00+00:00,10.27
2023-08-20 10:48:19+00:00,10.27
2023-08-21 03:48:41+00:00,10.43
2023-08-21 03:59:33+00:00,10.2
2023-08-21 04:08:54+00:00,10.13
2023-08-21 04:19:48+00:00,10.14
2023-08-21 04:29:08+00:00,10.24
2023-08-21 16:18:55+00:00,10.33
2023-08-21 16:29:51+00:00,10.34
2023-08-21 16:39:16+00:00,10.24
2023-08-21 16:48:37+00:00,10.22
2023-08-22 07:49:00+00:00,10.36
2023-08-22 07:58:17+00:00,10.29
2023-08-22 08:09:16+00:00,10.28
2023-08-22 08:18:38+00:00,10.19
2023-08-23 01:29:09+00:00,10.4
2023-08-23 01:38:30+00:00,10.51
2023-08-23 01:49:22+00:00,10.36
2023-08-23 01:58:41+00:00,10.33
2023-08-23 02:08:00+00:00,10.33
2023-08-23 11:08:30+00:00,10.2
2023-08-23 11:19:28+00:00,10.06
2023-08-23 11:28:50+00:00,10.1
2023-08-23 11:39:42+00:00,10.04
2023-08-24 03:49:04+00:00,10.46
2023-08-24 03:59:58+00:00,10.23
2023-08-24 04:09:16+00:00,10.3
2023-08-24 04:18:35+00:00,10.18
2023-08-24 04:29:24+00:00,10.25
2023-08-24 11:18:16+00:00,10.17
2023-08-24 11:29:08+00:00,10.1
2023-08-24 14:29:24+00:00,10.51
2023-08-24 14:38:46+00:00,10.26
2023-08-24 14:48:05+00:00,10.18
2023-08-25 06:39:46+00:00,10.29
2023-08-25 06:49:05+00:00,10.27
2023-08-25 07:00:00+00:00,10.34
2023-08-25 07:09:18+00:00,10.23
2023-08-26 02:08:41+00:00,10.34
2023-08-26 02:19:32+00:00,10.3
2023-08-26 02:28:50+00:00,10.27
2023-08-26 02:39:41+00:00,10.28
2023-08-26 12:36:23+00:00,10.32
2023-08-26 12:58:43+00:00,10.25
2023-08-26 13:09:48+00:00,10.27
2023-08-27 07:28:38+00:00,10.32
2023-08-27 07:39:29+00:00,10.37
2023-08-27 07:48:54+00:00,10.26
2023-08-27 07:59:46+00:00,10.21
2023-08-28 01:59:58+00:00,10.41
2023-08-28 02:09:17+00:00,10.23
2023-08-28 02:18:37+00:00,10.36
2023-08-28 02:29:29+00:00,10.33
2023-08-28 12:39:25+00:00,10.41
2023-08-28 12:48:46+00:00,10.39
2023-08-28 12:59:39+00:00,10.37
2023-08-28 13:08:59+00:00,10.42
2023-08-28 13:19:53+00:00,10.3
2023-08-29 04:58:49+00:00,10.35
2023-08-29 05:09:41+00:00,10.43
2023-08-29 05:18:55+00:00,10.21
2023-08-29 05:29:52+00:00,10.34
2023-08-29 14:58:40+00:00,10.4
2023-08-29 15:09:32+00:00,10.27
2023-08-29 15:18:52+00:00,10.35
2023-08-29 15:28:12+00:00,10.33
2023-08-30 05:59:45+00:00,10.5
2023-08-30 06:09:05+00:00,10.49
2023-08-30 06:19:56+00:00,10.48
2023-08-30 06:29:14+00:00,10.35
2023-08-30 06:38:33+00:00,10.38
2023-08-30 23:38:41+00:00,10.37
2023-08-30 23:49:32+00:00,10.29
2023-08-30 23:58:51+00:00,10.34
2023-08-31 00:09:44+00:00,10.23
2023-08-31 06:09:18+00:00,10.31
2023-08-31 06:18:37+00:00,10.2
2023-08-31 06:29:32+00:00,10.3
2023-08-31 06:38:51+00:00,10.25
2023-08-31 06:48:10+00:00,10.14
2023-08-31 23:58:42+00:00,10.37
2023-09-01 00:09:34+00:00,10.44
2023-09-01 00:18:53+00:00,10.39
2023-09-01 00:29:45+00:00,10.37
2023-09-01 09:19:52+00:00,10.2
2023-09-01 09:29:11+00:00,10.24
2023-09-01 09:40:02+00:00,10.21
2023-09-01 09:49:20+00:00,10.26
2023-09-02 03:39:05+00:00,10.41
2023-09-02 03:48:24+00:00,10.42
2023-09-02 03:59:16+00:00,10.43
2023-09-02 04:08:36+00:00,10.29
2023-09-02 04:19:29+00:00,10.16
2023-09-02 12:29:18+00:00,10.31
2023-09-02 12:38:37+00:00,10.26
2023-09-02 12:49:30+00:00,10.25
2023-09-02 12:58:50+00:00,10.17
2023-09-03 06:10:04+00:00,10.37
2023-09-03 06:19:24+00:00,10.29
2023-09-03 06:28:45+00:00,10.25
2023-09-03 06:39:38+00:00,10.3
2023-09-04 17:19:02+00:00,10.49
2023-09-04 17:28:21+00:00,10.51
2023-09-04 17:39:16+00:00,10.65
2023-09-04 17:48:36+00:00,10.43
2023-09-05 07:39:22+00:00,10.53
2023-09-05 07:48:41+00:00,10.48
2023-09-05 07:59:35+00:00,10.5
2023-09-05 08:08:54+00:00,10.47
2023-09-06 01:38:37+00:00,10.21
2023-09-06 01:49:32+00:00,10.34
2023-09-06 01:58:51+00:00,10.4
2023-09-06 02:09:43+00:00,10.34
2023-09-06 02:19:03+00:00,10.33
2023-09-06 12:08:10+00:00,10.47
2023-09-06 12:19:05+00:00,10.39
2023-09-06 12:28:26+00:00,10.49
2023-09-06 12:39:21+00:00,10.46
2023-09-07 05:59:07+00:00,10.36
2023-09-07 06:10:00+00:00,10.22
2023-09-07 06:19:19+00:00,10.18
2023-09-07 06:28:40+00:00,10.22
2023-09-07 06:39:35+00:00,10.2
2023-09-07 19:49:03+00:00,10.37
2023-09-07 20:00:00+00:00,10.31
2023-09-07 20:09:21+00:00,10.4
2023-09-07 20:18:40+00:00,10.31
2023-09-08 08:18:42+00:00,10.48
2023-09-08 08:29:37+00:00,10.43
2023-09-08 08:39:01+00:00,10.5
2023-09-08 08:49:54+00:00,10.31
2023-09-09 01:29:35+00:00,10.27
2023-09-09 01:38:55+00:00,10.31
2023-09-09 01:49:50+00:00,10.27
2023-09-09 01:59:10+00:00,10.37
2023-09-09 10:08:43+00:00,10.4
2023-09-09 10:18:04+00:00,10.4
2023-09-09 10:28:59+00:00,10.46
2023-09-09 10:38:27+00:00,10.36
2023-09-10 03:18:41+00:00,10.74
2023-09-10 03:29:35+00:00,10.41
2023-09-10 03:38:56+00:00,10.35
2023-09-10 03:48:16+00:00,10.48
2023-09-10 03:59:10+00:00,10.37
2023-09-10 12:09:09+00:00,11.86
2023-09-10 12:18:29+00:00,10.53
2023-09-10 12:29:24+00:00,10.41
2023-09-10 12:38:44+00:00,10.29
2023-09-10 12:48:05+00:00,10.35
2023-09-11 02:59:19+00:00,10.36
2023-09-11 03:08:40+00:00,10.4
2023-09-11 03:19:33+00:00,10.47
2023-09-11 03:28:53+00:00,10.27
2023-09-11 03:38:13+00:00,10.25
2023-09-11 10:59:53+00:00,10.99
2023-09-11 11:09:11+00:00,10.42
2023-09-11 11:19:57+00:00,10.43
2023-09-11 11:29:13+00:00,10.42
2023-09-11 11:40:06+00:00,10.34
2023-09-12 02:59:47+00:00,10.32
2023-09-12 03:09:10+00:00,10.45
2023-09-12 03:20:06+00:00,10.45
2023-09-12 03:29:28+00:00,10.42
2023-09-12 12:28:39+00:00,10.43
2023-09-12 12:39:33+00:00,10.4
2023-09-12 12:48:54+00:00,10.4
2023-09-12 12:59:48+00:00,10.31
2023-09-13 03:49:14+00:00,10.24
2023-09-13 04:00:06+00:00,10.44
2023-09-13 04:09:27+00:00,10.5
2023-09-13 04:18:50+00:00,10.34
2023-09-13 04:29:44+00:00,10.27
2023-09-13 15:19:54+00:00,7.93
2023-09-13 15:29:14+00:00,10.52
2023-09-13 15:38:51+00:00,10.5
2023-09-13 15:49:46+00:00,10.39
2023-09-13 15:59:09+00:00,10.46
2023-09-14 04:18:56+00:00,10.22
2023-09-14 04:29:49+00:00,10.3
2023-09-14 04:39:12+00:00,10.28
2023-09-14 04:50:10+00:00,10.27
2023-09-14 16:19:51+00:00,10.37
2023-09-14 16:29:12+00:00,10.44
2023-09-14 16:40:07+00:00,10.35
2023-09-14 16:49:30+00:00,10.32
2023-09-15 04:58:51+00:00,10.41
2023-09-15 05:09:44+00:00,10.27
2023-09-15 05:19:05+00:00,10.43
2023-09-15 05:30:08+00:00,10.42
2023-09-15 15:50:00+00:00,10.52
2023-09-15 15:59:21+00:00,10.36
2023-09-15 16:08:54+00:00,10.42
2023-09-15 16:19:48+00:00,10.39
2023-09-15 16:29:12+00:00,10.45
2023-09-16 04:38:49+00:00,10.38
2023-09-16 04:49:45+00:00,10.29
2023-09-16 04:59:03+00:00,10.32
2023-09-16 05:10:00+00:00,10.16
2023-09-16 05:19:21+00:00,10.22
2023-09-16 18:39:48+00:00,10.49
2023-09-16 18:49:03+00:00,10.55
2023-09-16 19:00:01+00:00,10.47
2023-09-16 19:09:25+00:00,10.43
2023-09-17 06:38:53+00:00,10.67
2023-09-17 06:49:52+00:00,10.32
2023-09-17 06:59:13+00:00,10.31
2023-09-17 07:10:05+00:00,10.27
2023-09-17 07:19:21+00:00,10.22
2023-09-18 02:09:07+00:00,10.49
2023-09-18 02:19:57+00:00,10.27
2023-09-18 02:29:26+00:00,10.32
2023-09-18 02:40:19+00:00,10.36
2023-09-18 11:39:38+00:00,10.43
2023-09-18 11:49:03+00:00,10.38
2023-09-18 11:59:59+00:00,10.34
2023-09-18 12:09:15+00:00,10.29
2023-09-19 04:48:53+00:00,10.76
2023-09-19 04:59:43+00:00,10.33
2023-09-19 05:09:09+00:00,10.4
2023-09-19 05:20:09+00:00,10.4
2023-09-19 05:29:34+00:00,10.29
2023-09-19 21:29:35+00:00,10.49
2023-09-19 21:38:55+00:00,10.51
2023-09-19 21:49:52+00:00,10.5
2023-09-19 21:59:10+00:00,10.49
2023-09-20 07:59:16+00:00,10.39
2023-09-20 08:10:13+00:00,10.39
2023-09-20 08:19:43+00:00,10.3
2023-09-20 08:29:00+00:00,10.33
2023-09-20 08:39:57+00:00,10.33
2023-09-21 03:00:00+00:00,10.79
2023-09-21 03:09:24+00:00,10.48
2023-09-21 03:20:23+00:00,10.48
2023-09-21 03:29:44+00:00,10.45
2023-09-21 03:39:06+00:00,10.41
2023-09-21 12:19:17+00:00,10.51
2023-09-21 12:30:19+00:00,10.55
2023-09-21 12:39:44+00:00,10.43
2023-09-21 12:49:08+00:00,10.54
2023-09-22 05:28:47+00:00,10.42
2023-09-22 05:39:39+00:00,10.3
2023-09-22 05:49:03+00:00,10.33
2023-09-22 05:59:55+00:00,10.26
2023-09-22 19:39:23+00:00,10.52
2023-09-22 19:50:10+00:00,10.46
2023-09-22 19:59:36+00:00,10.46
2023-09-22 20:08:56+00:00,10.41
2023-09-23 07:28:47+00:00,10.32
2023-09-23 07:39:41+00:00,10.36
2023-09-23 07:49:02+00:00,10.28
2023-09-23 07:59:57+00:00,10.27
2023-09-23 16:00:13+00:00,11.43
2023-09-23 16:09:34+00:00,10.53
2023-09-23 16:18:55+00:00,10.5
2023-09-23 16:29:49+00:00,10.52
2023-09-23 16:39:10+00:00,10.49
2023-09-24 06:39:22+00:00,10.86
2023-09-24 06:48:45+00:00,10.47
2023-09-24 06:59:41+00:00,10.42
2023-09-24 07:09:02+00:00,10.44
2023-09-24 07:19:56+00:00,10.48
2023-09-24 21:29:38+00:00,10.83
2023-09-24 21:38:59+00:00,10.5
2023-09-24 21:49:53+00:00,10.5
2023-09-24 21:59:17+00:00,10.4
2023-09-25 07:49:04+00:00,10.71
2023-09-25 07:59:59+00:00,10.49
2023-09-25 08:09:21+00:00,10.34
2023-09-25 08:20:17+00:00,10.34
2023-09-25 08:29:38+00:00,10.25
2023-09-26 22:30:15+00:00,10.56
2023-09-26 22:39:38+00:00,10.39
2023-09-26 22:50:35+00:00,10.33
2023-09-26 22:59:54+00:00,10.35
2023-09-26 23:09:15+00:00,10.32
2023-09-27 07:59:43+00:00,10.33
2023-09-27 08:10:38+00:00,10.36
2023-09-27 08:19:58+00:00,10.18
2023-09-27 08:29:19+00:00,10.24
2023-09-28 02:19:30+00:00,10.52
2023-09-28 02:30:25+00:00,10.37
2023-09-28 02:39:47+00:00,10.31
2023-09-28 02:49:08+00:00,10.36
2023-09-28 03:00:02+00:00,10.24
2023-09-28 11:09:53+00:00,10.38
2023-09-28 11:19:15+00:00,10.27
2023-09-28 11:28:37+00:00,10.27
2023-09-28 11:39:37+00:00,10.36
2023-09-29 03:39:09+00:00,10.81
2023-09-29 03:50:04+00:00,10.6
2023-09-29 03:59:27+00:00,10.48
2023-09-29 04:10:24+00:00,10.44
2023-09-29 04:19:47+00:00,10.43
2023-09-29 14:30:42+00:00,10.41
2023-09-29 14:40:04+00:00,10.38
2023-09-29 14:49:23+00:00,10.38
2023-09-29 15:00:18+00:00,10.25
2023-09-30 06:09:54+00:00,10.34
2023-09-30 06:19:18+00:00,10.27
2023-09-30 06:30:12+00:00,10.31
2023-09-30 06:39:33+00:00,10.2
2023-09-30 06:50:26+00:00,10.15
2023-10-01 01:20:34+00:00,10.44
2023-10-01 01:29:55+00:00,10.6
2023-10-01 01:39:16+00:00,10.47
2023-10-01 01:50:11+00:00,10.43
2023-10-01 14:10:02+00:00,10.41
2023-10-01 14:19:19+00:00,10.4
2023-10-01 14:30:20+00:00,10.32
2023-10-01 14:39:39+00:00,10.23
2023-10-02 06:29:31+00:00,10.3
2023-10-02 06:40:23+00:00,10.21
2023-10-02 06:49:44+00:00,10.18
2023-10-02 07:00:41+00:00,10.19
2023-10-02 16:00:20+00:00,10.41
2023-10-02 16:09:45+00:00,10.34
2023-10-02 16:20:38+00:00,10.41
2023-10-02 16:29:59+00:00,10.29
2023-10-03 05:40:19+00:00,10.33
2023-10-03 05:49:42+00:00,10.27
2023-10-03 06:00:38+00:00,10.33
2023-10-03 06:09:55+00:00,10.38
2023-10-03 21:59:18+00:00,10.49
2023-10-03 22:10:13+00:00,10.44
2023-10-03 22:19:33+00:00,10.4
2023-10-03 22:30:30+00:00,10.42
2023-10-04 08:29:23+00:00,10.3
2023-10-04 08:40:17+00:00,10.38
2023-10-04 08:49:40+00:00,10.31
2023-10-04 09:00:36+00:00,10.23
2023-10-05 02:49:27+00:00,10.51
2023-10-05 03:00:21+00:00,10.46
2023-10-05 03:09:42+00:00,10.41
2023-10-05 03:20:38+00:00,10.41
2023-10-05 12:19:30+00:00,10.48
2023-10-05 12:30:25+00:00,10.45
2023-10-05 12:39:47+00:00,10.41
2023-10-06 04:09:17+00:00,10.69
2023-10-06 04:20:13+00:00,10.19
2023-10-06 04:29:34+00:00,10.2
2023-10-06 04:40:29+00:00,10.23
2023-10-06 04:49:55+00:00,10.16
2023-10-06 16:49:45+00:00,10.46
2023-10-06 16:59:07+00:00,10.45
2023-10-06 17:10:02+00:00,10.43
2023-10-06 17:19:24+00:00,10.31
2023-10-07 06:39:28+00:00,10.34
2023-10-07 06:50:29+00:00,10.32
2023-10-07 06:59:51+00:00,10.37
2023-10-07 07:09:12+00:00,10.21
2023-10-07 23:19:24+00:00,10.55
2023-10-07 23:28:46+00:00,10.53
2023-10-07 23:39:40+00:00,10.57
2023-10-07 23:49:02+00:00,10.61
2023-10-08 07:30:31+00:00,10.51
2023-10-08 07:39:55+00:00,10.4
2023-10-08 07:49:15+00:00,10.4
2023-10-08 08:00:11+00:00,10.54
2023-10-08 08:09:27+00:00,10.46
2023-10-08 20:20:14+00:00,10.54
2023-10-08 20:29:37+00:00,10.5
2023-10-08 20:40:35+00:00,10.45
2023-10-08 20:49:57+00:00,10.44
2023-10-09 07:40:36+00:00,10.4
2023-10-09 07:49:59+00:00,10.36
2023-10-09 07:59:20+00:00,10.32
2023-10-09 08:10:15+00:00,10.31
2023-10-09 23:49:33+00:00,10.52
2023-10-10 00:00:29+00:00,10.58
2023-10-10 00:09:51+00:00,10.45
2023-10-10 00:19:14+00:00,10.54
2023-10-10 09:49:07+00:00,10.52
2023-10-10 09:59:59+00:00,10.49
2023-10-10 10:09:15+00:00,10.47
2023-10-10 10:20:18+00:00,10.41
2023-10-11 01:29:53+00:00,10.59
2023-10-11 01:39:19+00:00,10.47
2023-10-11 01:50:15+00:00,10.49
2023-10-11 01:59:41+00:00,10.5
2023-10-11 06:00:09+00:00,10.3
2023-10-11 06:09:25+00:00,10.33
2023-10-11 06:20:13+00:00,10.23
2023-10-11 06:29:27+00:00,10.24
2023-10-11 23:49:14+00:00,10.43
2023-10-12 00:00:12+00:00,10.43
2023-10-12 00:09:32+00:00,10.38
2023-10-12 00:20:31+00:00,10.32
2023-10-12 09:40:04+00:00,10.51
2023-10-12 09:49:19+00:00,10.47
2023-10-12 10:00:21+00:00,10.49
2023-10-12 10:09:41+00:00,10.37
2023-10-13 03:00:03+00:00,10.55
2023-10-13 03:09:24+00:00,10.42
2023-10-13 03:20:18+00:00,10.51
2023-10-13 03:29:39+00:00,10.41
2023-10-13 12:29:32+00:00,10.44
2023-10-13 12:40:30+00:00,10.41
2023-10-13 12:49:53+00:00,10.39
2023-10-13 12:59:16+00:00,10.4
2023-10-14 04:10:44+00:00,10.58
2023-10-14 04:20:05+00:00,10.44
2023-10-14 04:29:29+00:00,10.41
2023-10-14 04:40:25+00:00,10.48
2023-10-14 14:19:12+00:00,10.92
2023-10-14 14:30:08+00:00,10.4
2023-10-14 14:39:29+00:00,10.41
2023-10-14 14:50:23+00:00,10.3
2023-10-14 14:59:44+00:00,10.36
2023-10-15 06:10:13+00:00,10.5
2023-10-15 06:19:36+00:00,10.39
2023-10-15 06:30:30+00:00,10.47
2023-10-15 06:39:51+00:00,10.35
2023-10-15 19:00:37+00:00,10.43
2023-10-15 19:10:04+00:00,10.44
2023-10-15 19:19:22+00:00,10.31
2023-10-15 19:30:21+00:00,10.43
2023-10-16 06:50:02+00:00,10.45
2023-10-16 06:59:16+00:00,10.49
2023-10-16 07:10:24+00:00,10.4
2023-10-16 07:19:41+00:00,10.37
2023-10-16 07:30:42+00:00,10.37
2023-10-16 07:40:02+00:00,10.26
2023-10-16 22:19:27+00:00,10.44
2023-10-16 22:30:23+00:00,10.41
2023-10-16 22:39:48+00:00,10.5
2023-10-16 22:50:42+00:00,10.43
2023-10-17 08:19:38+00:00,10.49
2023-10-17 08:30:33+00:00,10.54
2023-10-17 08:39:55+00:00,10.45
2023-10-17 08:49:14+00:00,10.43
2023-10-17 23:29:31+00:00,10.63
2023-10-17 23:40:27+00:00,10.43
2023-10-17 23:49:48+00:00,10.45
2023-10-18 00:00:43+00:00,10.39
2023-10-18 07:50:37+00:00,10.37
2023-10-18 08:00:01+00:00,10.38
2023-10-18 08:09:27+00:00,10.33
2023-10-18 08:20:28+00:00,10.26
2023-10-19 02:49:40+00:00,10.42
2023-10-19 03:00:39+00:00,10.4
2023-10-19 03:10:06+00:00,10.44
2023-10-19 03:19:31+00:00,10.36
2023-10-19 03:30:26+00:00,10.41
2023-10-19 12:40:30+00:00,10.41
2023-10-19 12:49:51+00:00,10.51
2023-10-19 12:59:12+00:00,10.4
2023-10-19 13:10:07+00:00,10.43
2023-10-20 06:00:07+00:00,10.5
2023-10-20 06:09:26+00:00,10.47
2023-10-20 06:20:14+00:00,10.37
2023-10-20 06:29:45+00:00,10.46
2023-10-21 00:59:37+00:00,10.51
2023-10-21 01:10:35+00:00,10.59
2023-10-21 01:19:55+00:00,10.5
2023-10-21 01:29:19+00:00,10.5
2023-10-21 09:10:08+00:00,10.57
2023-10-21 09:19:30+00:00,10.63
2023-10-21 09:30:27+00:00,10.59
2023-10-21 09:39:50+00:00,10.47
2023-10-21 09:49:12+00:00,10.51
2023-10-22 06:59:57+00:00,10.5
2023-10-22 07:09:33+00:00,10.43
2023-10-22 07:20:14+00:00,10.39
2023-10-22 07:29:36+00:00,10.35
2023-10-23 04:00:29+00:00,10.52
2023-10-23 04:09:53+00:00,10.44
2023-10-23 04:19:17+00:00,10.43
2023-10-23 04:30:11+00:00,10.41
2023-10-23 04:39:33+00:00,10.53
2023-10-23 20:19:36+00:00,10.59
2023-10-23 20:30:30+00:00,10.54
2023-10-23 20:39:52+00:00,10.55
2023-10-23 20:49:16+00:00,10.49
2023-10-24 11:39:17+00:00,10.5
2023-10-24 11:50:12+00:00,10.43
2023-10-24 11:59:33+00:00,10.48
2023-10-24 12:10:33+00:00,10.4
2023-10-25 06:20:32+00:00,10.42
2023-10-25 06:29:53+00:00,10.46
2023-10-25 06:39:14+00:00,10.55
2023-10-25 06:50:09+00:00,10.45
2023-10-25 21:50:41+00:00,10.66
2023-10-25 22:00:02+00:00,10.64
2023-10-25 22:09:26+00:00,10.62
2023-10-25 22:20:22+00:00,10.53
2023-10-26 09:30:25+00:00,10.64
2023-10-26 09:39:41+00:00,10.39
2023-10-26 09:50:28+00:00,10.46
2023-10-26 10:00:05+00:00,10.44
2023-10-27 02:50:04+00:00,10.63
2023-10-27 02:59:26+00:00,10.49
2023-10-27 03:10:22+00:00,10.52
2023-10-27 03:19:44+00:00,10.35
2023-10-27 03:30:39+00:00,10.43
2023-10-27 11:50:36+00:00,10.63
2023-10-27 11:59:51+00:00,10.58
2023-10-27 12:09:24+00:00,10.56
2023-10-27 12:20:11+00:00,10.5
2023-10-28 03:29:52+00:00,10.61
2023-10-28 03:39:18+00:00,10.48
2023-10-28 03:50:16+00:00,10.42
2023-10-28 03:59:38+00:00,10.44
2023-10-28 04:10:33+00:00,10.37
2023-10-28 11:09:38+00:00,10.34
2023-10-28 11:20:34+00:00,10.38
2023-10-28 11:29:54+00:00,10.43
2023-10-28 11:39:18+00:00,10.34
2023-10-28 11:50:11+00:00,10.45
2023-10-29 04:29:16+00:00,10.44
2023-10-29 04:40:16+00:00,10.42
2023-10-29 04:49:37+00:00,10.43
2023-10-29 05:00:33+00:00,10.38
2023-10-29 18:50:37+00:00,10.77
2023-10-29 19:00:03+00:00,10.69
2023-10-29 19:09:35+00:00,10.67
2023-10-29 19:20:33+00:00,10.61
2023-10-30 07:19:43+00:00,10.47
2023-10-30 07:30:43+00:00,10.63
2023-10-30 07:49:35+00:00,10.43
2023-10-30 23:09:56+00:00,10.76
2023-10-30 23:19:20+00:00,10.49
2023-10-30 23:30:19+00:00,10.5
2023-10-30 23:39:48+00:00,10.41
2023-10-31 06:30:34+00:00,10.57
2023-10-31 06:40:03+00:00,10.55
2023-10-31 06:49:25+00:00,10.44
2023-10-31 07:00:23+00:00,10.46
2023-10-31 22:29:35+00:00,10.69
2023-10-31 22:40:30+00:00,10.56
2023-10-31 22:49:55+00:00,10.57
2023-10-31 23:00:42+00:00,10.64
2023-11-01 08:29:44+00:00,10.55
2023-11-01 08:40:33+00:00,10.4
2023-11-01 08:49:49+00:00,10.51
2023-11-01 09:00:40+00:00,10.47
2023-11-08 04:10:12+00:00,11.36
2023-11-08 04:19:53+00:00,10.57
2023-11-08 04:29:21+00:00,10.55
2023-11-08 04:40:19+00:00,10.43
2023-11-08 04:49:37+00:00,10.38
2023-11-08 16:40:23+00:00,11.87
2023-11-08 16:49:53+00:00,10.66
2023-11-08 16:59:12+00:00,10.6
2023-11-08 17:10:01+00:00,10.57
2023-11-08 17:19:17+00:00,10.48
2023-11-09 06:40:05+00:00,10.36
2023-11-09 06:49:34+00:00,10.43
2023-11-09 07:00:26+00:00,10.38
2023-11-09 07:09:43+00:00,10.25
2023-11-09 22:09:18+00:00,10.84
2023-11-09 22:20:06+00:00,10.66
2023-11-09 22:30:11+00:00,10.71
2023-11-09 22:39:29+00:00,10.67
2023-11-10 08:49:40+00:00,10.52
2023-11-10 09:00:36+00:00,10.5
2023-11-10 09:09:52+00:00,10.53
2023-11-10 09:19:09+00:00,10.44
2023-11-11 02:20:01+00:00,10.47
2023-11-11 02:29:27+00:00,10.51
2023-11-11 02:40:25+00:00,10.42
2023-11-11 02:49:51+00:00,10.35
2023-11-11 11:40:41+00:00,10.45
2023-11-11 11:50:05+00:00,10.42
2023-11-11 11:59:29+00:00,10.38
2023-11-11 12:10:31+00:00,10.36
2023-11-12 04:59:17+00:00,10.97
2023-11-12 05:10:06+00:00,10.55
2023-11-12 05:19:24+00:00,10.55
2023-11-12 05:30:33+00:00,10.55
2023-11-12 05:39:49+00:00,10.36
2023-11-12 19:49:12+00:00,10.56
2023-11-12 20:00:23+00:00,10.52
2023-11-12 20:10:35+00:00,10.45
2023-11-13 08:40:30+00:00,10.45
2023-11-13 08:49:50+00:00,10.55
2023-11-13 09:00:43+00:00,10.45
2023-11-13 09:10:01+00:00,10.44
2023-11-14 01:59:16+00:00,10.44
2023-11-14 02:10:10+00:00,10.45
2023-11-14 02:19:27+00:00,10.36
2023-11-14 02:30:16+00:00,10.48
2023-11-14 02:40:14+00:00,10.4
2023-11-14 15:29:53+00:00,10.7
2023-11-14 15:39:22+00:00,10.6
2023-11-14 15:50:20+00:00,10.58
2023-11-14 15:59:46+00:00,10.52
2023-11-15 07:00:25+00:00,10.6
2023-11-15 07:09:42+00:00,10.53
2023-11-15 07:20:42+00:00,10.48
2023-11-15 07:29:59+00:00,10.46
2023-11-28 02:19:35+00:00,10.56
2023-11-28 02:29:03+00:00,10.69
2023-11-28 02:39:58+00:00,10.51
2023-11-28 02:49:20+00:00,10.48
2023-11-28 03:00:22+00:00,10.34
2023-11-28 12:09:14+00:00,10.59
2023-11-28 12:18:54+00:00,10.52
2023-11-28 12:29:51+00:00,10.58
2023-11-28 12:39:12+00:00,10.43
2023-11-29 04:39:40+00:00,10.57
2023-11-29 04:49:08+00:00,10.4
2023-11-29 05:00:03+00:00,10.56
2023-11-29 05:09:30+00:00,10.52
2023-11-29 15:09:19+00:00,10.53
2023-11-29 15:18:48+00:00,10.51
2023-11-29 15:29:50+00:00,10.5
2023-11-29 15:37:48+00:00,10.46
2023-11-30 07:10:15+00:00,11.3
2023-11-30 07:19:52+00:00,10.57
2023-11-30 07:29:23+00:00,10.66
2023-11-30 07:39:04+00:00,10.56
2023-11-30 07:50:17+00:00,10.54
2023-12-01 02:40:06+00:00,10.48
2023-12-01 02:49:28+00:00,10.41
2023-12-01 02:58:50+00:00,10.46
2023-12-01 03:09:53+00:00,10.48
2023-12-01 11:50:03+00:00,10.71
2023-12-01 11:59:33+00:00,10.61
2023-12-01 12:09:10+00:00,10.49
2023-12-01 12:20:20+00:00,10.51
2023-12-02 03:59:21+00:00,10.59
2023-12-02 04:10:18+00:00,10.57
2023-12-02 04:19:39+00:00,10.57
2023-12-02 04:29:01+00:00,10.57
2023-12-02 14:40:12+00:00,10.76
2023-12-02 14:49:36+00:00,10.55
2023-12-02 14:59:01+00:00,10.65
2023-12-02 15:09:55+00:00,10.65
2023-12-03 06:48:28+00:00,10.6
2023-12-03 06:59:22+00:00,10.63
2023-12-03 07:08:44+00:00,10.53
2023-12-03 07:19:40+00:00,10.53
2023-12-03 18:49:41+00:00,10.56
2023-12-03 18:59:04+00:00,10.55
2023-12-03 19:09:59+00:00,10.46
2023-12-03 19:19:21+00:00,10.46
2023-12-04 08:40:02+00:00,10.54
2023-12-04 08:49:25+00:00,10.53
2023-12-04 09:00:20+00:00,10.49
2023-12-05 00:59:37+00:00,10.61
2023-12-05 01:09:03+00:00,10.6
2023-12-05 01:19:58+00:00,10.54
2023-12-05 01:29:22+00:00,10.48
2023-12-05 09:49:02+00:00,10.52
2023-12-05 09:59:59+00:00,10.55
2023-12-05 10:09:21+00:00,10.43
2023-12-05 10:18:51+00:00,10.44
2023-12-06 02:39:56+00:00,10.51
2023-12-06 02:49:19+00:00,10.47
2023-12-06 03:00:13+00:00,10.55
2023-12-06 03:09:37+00:00,10.39
2023-12-06 03:18:58+00:00,10.43
2023-12-06 12:18:52+00:00,10.54
2023-12-06 12:29:53+00:00,10.53
2023-12-06 12:39:19+00:00,10.38
2023-12-06 12:48:47+00:00,10.43
2023-12-07 04:50:00+00:00,10.79
2023-12-07 04:59:30+00:00,10.52
2023-12-07 05:08:53+00:00,10.42
2023-12-07 05:19:48+00:00,10.43
2023-12-07 05:29:11+00:00,10.48
2023-12-07 14:49:53+00:00,10.63
2023-12-07 14:59:15+00:00,10.66
2023-12-07 15:10:11+00:00,10.64
2023-12-07 15:19:37+00:00,10.6
2023-12-08 05:29:55+00:00,10.37
2023-12-08 05:39:20+00:00,10.39
2023-12-08 05:50:20+00:00,10.36
2023-12-08 05:59:44+00:00,10.36
2023-12-08 11:09:49+00:00,10.47
2023-12-08 11:19:13+00:00,10.55
2023-12-08 11:30:11+00:00,10.52
2023-12-08 11:39:36+00:00,10.41
2023-12-08 18:39:28+00:00,10.76
2023-12-08 18:48:53+00:00,10.67
2023-12-08 18:59:49+00:00,10.68
2023-12-08 19:09:15+00:00,10.63
2023-12-09 02:39:19+00:00,10.5
2023-12-09 02:50:16+00:00,10.37
2023-12-09 02:59:36+00:00,10.56
2023-12-09 03:08:58+00:00,10.46
2023-12-09 08:09:36+00:00,10.96
2023-12-09 08:19:00+00:00,10.63
2023-12-09 08:30:10+00:00,10.51
2023-12-09 08:39:32+00:00,10.4
2023-12-09 08:48:55+00:00,10.5
2023-12-09 14:59:57+00:00,10.5
2023-12-09 15:09:22+00:00,10.57
2023-12-09 15:20:18+00:00,10.46
2023-12-09 15:29:44+00:00,10.46
2023-12-10 00:09:11+00:00,10.76
2023-12-10 00:20:06+00:00,10.77
2023-12-10 00:29:27+00:00,10.66
2023-12-10 00:40:23+00:00,10.73
2023-12-10 06:59:50+00:00,10.55
2023-12-10 07:09:12+00:00,10.5
2023-12-10 07:20:08+00:00,10.42
2023-12-10 07:29:31+00:00,10.37
2023-12-10 13:20:04+00:00,10.63
2023-12-10 13:29:28+00:00,10.62
2023-12-10 13:38:53+00:00,10.59
2023-12-10 13:49:50+00:00,10.57
2023-12-10 21:28:47+00:00,10.62
2023-12-10 21:39:42+00:00,10.5
2023-12-10 21:49:05+00:00,10.53
2023-12-10 22:00:00+00:00,10.5
2023-12-11 04:20:10+00:00,10.69
2023-12-11 04:29:37+00:00,10.65
2023-12-11 04:38:59+00:00,10.63
2023-12-11 04:49:57+00:00,10.62
2023-12-11 10:09:44+00:00,10.53
2023-12-11 10:19:09+00:00,10.39
2023-12-11 10:30:07+00:00,10.41
2023-12-11 10:39:31+00:00,10.49
2023-12-11 17:09:02+00:00,10.75
2023-12-11 17:19:59+00:00,10.57
2023-12-11 17:29:22+00:00,10.59
2023-12-11 17:38:49+00:00,10.53
2023-12-11 17:49:53+00:00,10.48
2023-12-12 02:19:16+00:00,10.48
2023-12-12 02:30:11+00:00,10.56
2023-12-12 02:39:33+00:00,10.61
2023-12-12 02:48:55+00:00,10.39
2023-12-12 02:59:49+00:00,10.55
2023-12-12 07:29:56+00:00,10.57
2023-12-12 07:39:21+00:00,10.56
2023-12-12 07:50:17+00:00,10.39
2023-12-12 07:59:47+00:00,10.47
2023-12-12 14:28:52+00:00,10.49
2023-12-12 14:39:53+00:00,10.42
2023-12-12 14:49:14+00:00,10.42
2023-12-12 15:00:12+00:00,10.46
2023-12-12 23:29:09+00:00,10.57
2023-12-12 23:40:06+00:00,10.59
2023-12-12 23:49:28+00:00,10.64
2023-12-12 23:58:53+00:00,10.61
2023-12-13 04:19:05+00:00,10.55
2023-12-13 04:30:06+00:00,10.48
2023-12-13 04:39:28+00:00,10.42
2023-12-13 04:50:23+00:00,10.44
2023-12-13 04:59:51+00:00,10.44
2023-12-13 08:18:51+00:00,10.56
2023-12-13 08:29:47+00:00,10.54
2023-12-13 08:39:13+00:00,10.42
2023-12-13 08:50:10+00:00,10.37
2023-12-13 08:59:34+00:00,10.41
2023-12-13 19:39:58+00:00,10.56
2023-12-13 19:49:28+00:00,10.57
2023-12-13 19:58:55+00:00,10.56
2023-12-13 20:09:51+00:00,10.47
2023-12-14 05:40:13+00:00,10.51
2023-12-14 05:49:35+00:00,10.36
2023-12-14 05:58:58+00:00,10.46
2023-12-14 06:09:53+00:00,10.36
2023-12-14 06:19:15+00:00,10.44
2023-12-14 14:09:31+00:00,10.6
2023-12-14 14:18:53+00:00,10.6
2023-12-14 14:29:47+00:00,10.52
2023-12-14 14:40:43+00:00,10.51
2023-12-15 04:49:29+00:00,10.57
2023-12-15 05:00:24+00:00,10.5
2023-12-15 05:09:46+00:00,10.56
2023-12-15 05:19:08+00:00,10.44
2023-12-15 05:30:07+00:00,10.51
2023-12-15 11:40:19+00:00,10.51
2023-12-15 11:49:42+00:00,10.53
2023-12-15 11:59:05+00:00,10.47
2023-12-15 12:10:01+00:00,10.31
2023-12-16 03:58:47+00:00,10.61
2023-12-16 04:09:43+00:00,10.58
2023-12-16 04:19:05+00:00,10.5
2023-12-16 04:29:59+00:00,10.52
2023-12-16 09:29:51+00:00,10.61
2023-12-16 09:39:14+00:00,10.54
2023-12-16 09:50:10+00:00,10.55
2023-12-16 09:59:32+00:00,10.51
2023-12-16 10:08:54+00:00,10.5
2023-12-16 16:39:28+00:00,10.58
2023-12-16 16:48:52+00:00,10.48
2023-12-16 16:59:47+00:00,10.5
2023-12-16 17:09:08+00:00,10.44
2023-12-17 02:39:45+00:00,10.48
2023-12-17 02:49:07+00:00,10.49
2023-12-17 03:00:02+00:00,10.48
2023-12-17 03:09:27+00:00,10.53
2023-12-17 08:09:20+00:00,10.64
2023-12-17 08:18:23+00:00,10.56
2023-12-17 08:29:19+00:00,10.56
2023-12-17 08:38:40+00:00,10.52
2023-12-17 14:49:01+00:00,10.55
2023-12-17 14:59:55+00:00,10.6
2023-12-17 15:09:18+00:00,10.55
2023-12-17 15:20:16+00:00,10.47
2023-12-18 00:09:55+00:00,10.46
2023-12-18 00:19:25+00:00,10.45
2023-12-18 00:30:18+00:00,10.39
2023-12-18 00:39:39+00:00,10.3
2023-12-18 05:28:46+00:00,10.27
2023-12-18 05:39:47+00:00,10.28
2023-12-18 07:40:18+00:00,10.52
2023-12-18 07:49:42+00:00,10.42
2023-12-18 07:59:03+00:00,10.46
2023-12-18 08:10:00+00:00,10.41
2023-12-18 08:19:23+00:00,10.36
2023-12-18 20:19:06+00:00,10.66
2023-12-18 20:30:00+00:00,10.63
2023-12-18 20:39:22+00:00,10.69
2023-12-18 20:50:17+00:00,10.58
2023-12-19 05:09:05+00:00,10.29
2023-12-19 05:20:01+00:00,10.34
2023-12-19 05:29:24+00:00,10.41
2023-12-19 05:38:52+00:00,10.5
2023-12-19 05:49:47+00:00,10.33
2023-12-19 11:18:47+00:00,10.75
2023-12-19 11:29:50+00:00,10.57
2023-12-19 11:39:12+00:00,10.42
2023-12-19 11:50:08+00:00,10.42
2023-12-19 11:59:30+00:00,10.47
2023-12-19 18:59:43+00:00,10.71
2023-12-19 19:08:59+00:00,10.76
2023-12-19 19:19:44+00:00,10.67
2023-12-19 19:29:00+00:00,10.54
2023-12-20 02:59:12+00:00,10.62
2023-12-20 03:09:57+00:00,10.68
2023-12-20 03:19:10+00:00,10.65
2023-12-20 03:29:54+00:00,10.57
2023-12-20 03:39:06+00:00,10.42
2023-12-20 09:09:04+00:00,10.38
2023-12-20 09:19:47+00:00,10.45
2023-12-20 09:28:59+00:00,10.53
2023-12-20 09:39:45+00:00,10.43
2023-12-20 15:49:18+00:00,10.74
2023-12-20 15:58:30+00:00,10.73
2023-12-20 16:09:16+00:00,10.72
2023-12-20 16:18:33+00:00,10.6
2023-12-21 00:27:19+00:00,10.12
2023-12-21 00:58:34+00:00,10.41
2023-12-21 06:08:23+00:00,10.73
2023-12-21 06:17:49+00:00,10.48
2023-12-21 06:28:57+00:00,10.43
2023-12-21 06:35:38+00:00,10.63
2023-12-21 06:45:11+00:00,10.49
2023-12-21 13:00:04+00:00,10.58
2023-12-21 13:07:46+00:00,10.56
2023-12-21 13:19:19+00:00,10.49
2023-12-21 13:30:14+00:00,10.6
2023-12-21 21:29:09+00:00,10.58
2023-12-21 21:38:52+00:00,10.5
2023-12-21 21:50:09+00:00,10.37
2023-12-21 21:59:32+00:00,10.52
2023-12-22 04:19:47+00:00,10.54
2023-12-22 04:29:23+00:00,10.62
2023-12-22 04:38:59+00:00,10.48
2023-12-22 04:49:52+00:00,10.54
2023-12-22 04:59:10+00:00,10.54
2023-12-22 10:38:57+00:00,10.74
2023-12-22 10:49:58+00:00,10.63
2023-12-22 10:59:48+00:00,10.59
2023-12-22 11:09:20+00:00,10.74
2023-12-22 18:19:57+00:00,10.65
2023-12-22 18:27:41+00:00,10.61
2023-12-22 18:40:07+00:00,10.56
2023-12-22 18:49:24+00:00,10.54
2023-12-23 03:19:43+00:00,10.52
2023-12-23 03:29:16+00:00,10.47
2023-12-23 03:38:54+00:00,10.38
2023-12-23 03:49:42+00:00,10.39
2023-12-23 03:59:00+00:00,10.47
2023-12-23 10:26:28+00:00,10.82
2023-12-23 10:39:24+00:00,10.73
2023-12-23 10:49:05+00:00,10.7
2023-12-23 10:59:56+00:00,10.61
2023-12-24 03:48:39+00:00,10.97
2023-12-24 03:59:25+00:00,10.62
2023-12-24 04:08:37+00:00,10.55
2023-12-24 04:19:20+00:00,10.48
2023-12-24 14:58:46+00:00,10.82
2023-12-24 15:09:34+00:00,10.49
2023-12-24 15:18:48+00:00,10.47
2023-12-24 15:29:33+00:00,10.52
2023-12-25 06:19:56+00:00,10.53
2023-12-25 06:29:07+00:00,10.64
2023-12-25 06:39:54+00:00,10.47
2023-12-25 06:49:07+00:00,10.49
2023-12-25 19:29:28+00:00,10.78
2023-12-25 19:38:51+00:00,10.63
2023-12-25 19:49:35+00:00,10.63
2023-12-25 19:58:56+00:00,10.52
2023-12-26 05:39:25+00:00,10.66
2023-12-26 05:50:17+00:00,10.66
2023-12-26 06:10:24+00:00,10.54
2023-12-26 06:19:40+00:00,10.57
2023-12-26 11:29:25+00:00,10.67
2023-12-26 11:40:09+00:00,10.65
2023-12-26 11:49:24+00:00,10.58
2023-12-26 12:00:12+00:00,10.66
2023-12-26 19:10:21+00:00,10.64
2023-12-26 19:19:40+00:00,10.76
2023-12-26 19:30:28+00:00,10.72
2023-12-26 19:39:45+00:00,10.71
2023-12-27 03:20:23+00:00,10.75
2023-12-27 03:31:08+00:00,10.68
2023-12-27 03:40:25+00:00,10.61
2023-12-27 03:49:44+00:00,10.61
2023-12-27 08:50:39+00:00,10.69
2023-12-27 08:59:59+00:00,10.62
2023-12-27 09:09:12+00:00,10.59
2023-12-27 09:19:57+00:00,10.52
2023-12-28 02:09:44+00:00,10.76
2023-12-28 02:20:33+00:00,10.57
2023-12-28 02:29:49+00:00,10.55
2023-12-28 02:40:36+00:00,10.45
2023-12-28 12:50:19+00:00,10.65
2023-12-28 12:58:07+00:00,10.68
2023-12-28 13:10:31+00:00,10.64
2023-12-28 13:19:50+00:00,10.62
2023-12-29 04:39:17+00:00,10.66
2023-12-29 04:50:02+00:00,10.55
2023-12-29 04:59:14+00:00,10.6
2023-12-29 05:10:00+00:00,10.57
2023-12-29 12:00:05+00:00,10.66
2023-12-29 12:09:24+00:00,10.55
2023-12-29 12:20:21+00:00,10.6
2023-12-29 12:29:35+00:00,10.55
2023-12-29 19:50:13+00:00,10.76
2023-12-29 19:59:29+00:00,10.69
2023-12-29 20:10:17+00:00,10.64
2023-12-29 20:19:34+00:00,10.66
2023-12-30 03:39:49+00:00,10.51
2023-12-30 03:50:38+00:00,10.53
2023-12-30 03:59:51+00:00,10.49
2023-12-30 04:10:39+00:00,10.45
2023-12-30 04:20:05+00:00,10.53
2023-12-30 08:59:48+00:00,10.41
2023-12-30 09:09:02+00:00,10.42
2023-12-30 09:19:50+00:00,10.46
2023-12-30 09:29:13+00:00,10.54
2023-12-30 15:00:31+00:00,10.76
2023-12-30 15:09:49+00:00,10.76
2023-12-30 15:20:38+00:00,10.77
2023-12-30 15:29:52+00:00,10.71
2023-12-30 22:10:31+00:00,10.6
2023-12-30 22:19:55+00:00,10.59
2023-12-30 22:29:10+00:00,10.62
2023-12-30 22:40:01+00:00,10.34
2023-12-31 04:09:33+00:00,10.68
2023-12-31 04:20:32+00:00,10.76
2023-12-31 04:29:47+00:00,10.71
2023-12-31 04:40:32+00:00,10.61
2023-12-31 09:59:14+00:00,10.8
2023-12-31 10:10:11+00:00,10.77
2023-12-31 10:19:25+00:00,10.68
2023-12-31 10:30:11+00:00,10.67
2023-12-31 16:58:45+00:00,10.74
2023-12-31 17:09:31+00:00,10.76
2023-12-31 17:20:42+00:00,10.67
2024-01-01 02:00:17+00:00,10.7
2024-01-01 02:09:46+00:00,10.6
2024-01-01 02:19:19+00:00,10.51
2024-01-01 02:30:10+00:00,10.59
2024-01-01 06:39:44+00:00,10.66
2024-01-01 06:50:30+00:00,10.68
2024-01-01 06:59:48+00:00,10.68
2024-01-01 07:10:42+00:00,10.68
2024-01-01 12:50:02+00:00,10.66
2024-01-01 12:59:16+00:00,10.64
2024-01-01 13:10:06+00:00,10.56
2024-01-01 13:19:23+00:00,10.47
2024-01-01 20:00:26+00:00,10.69
2024-01-01 20:09:49+00:00,10.55
2024-01-01 20:19:15+00:00,10.59
2024-01-01 20:30:04+00:00,10.5
2024-01-02 03:49:50+00:00,10.55
2024-01-02 03:59:18+00:00,10.55
2024-01-02 04:10:18+00:00,10.5
2024-01-02 04:19:47+00:00,10.52
2024-01-02 09:30:14+00:00,10.64
2024-01-02 09:39:32+00:00,10.48
2024-01-02 09:50:24+00:00,10.49
2024-01-02 09:59:44+00:00,10.47
2024-01-03 02:19:17+00:00,10.67
2024-01-03 02:30:14+00:00,10.71
2024-01-03 02:39:26+00:00,10.67
2024-01-03 02:50:11+00:00,10.44
2024-01-03 11:39:41+00:00,10.6
2024-01-03 11:50:35+00:00,10.63
2024-01-03 11:59:57+00:00,10.51
2024-01-03 12:09:12+00:00,10.42
2024-01-04 02:00:19+00:00,10.51
2024-01-04 02:10:04+00:00,10.49
2024-01-04 02:19:39+00:00,10.51
2024-01-04 02:30:33+00:00,10.54
2024-01-04 11:29:23+00:00,10.97
2024-01-04 11:40:37+00:00,10.57
2024-01-04 11:50:13+00:00,10.47
2024-01-04 11:59:50+00:00,10.54
2024-01-05 03:59:32+00:00,10.58
2024-01-05 04:10:35+00:00,10.5
2024-01-05 04:20:03+00:00,10.51
2024-01-05 04:29:21+00:00,10.58
2024-01-05 12:09:52+00:00,10.62
2024-01-05 12:20:40+00:00,10.66
2024-01-05 12:30:04+00:00,10.75
2024-01-05 12:39:35+00:00,10.6
2024-01-05 12:49:42+00:00,10.64
2024-01-06 03:09:38+00:00,10.78
2024-01-06 03:20:24+00:00,10.64
2024-01-06 03:29:37+00:00,10.64
2024-01-06 03:40:23+00:00,10.56
2024-01-06 08:09:55+00:00,10.81
2024-01-06 08:19:09+00:00,10.64
2024-01-06 08:29:55+00:00,10.7
2024-01-06 08:40:39+00:00,10.68
2024-01-06 08:49:52+00:00,10.55
2024-01-06 15:19:31+00:00,10.79
2024-01-06 15:30:26+00:00,10.6
2024-01-06 15:39:40+00:00,10.61
2024-01-06 15:50:34+00:00,10.57
2024-01-07 00:40:09+00:00,10.64
2024-01-07 00:49:22+00:00,10.6
2024-01-07 01:00:07+00:00,10.56
2024-01-07 01:09:24+00:00,10.43
2024-01-07 06:19:11+00:00,10.85
2024-01-07 06:30:01+00:00,10.74
2024-01-07 06:39:14+00:00,10.72
2024-01-07 06:50:00+00:00,10.66
2024-01-07 12:20:14+00:00,10.57
2024-01-07 12:29:28+00:00,10.77
2024-01-07 12:40:14+00:00,10.6
2024-01-07 12:49:30+00:00,10.59
2024-01-07 20:30:29+00:00,10.64
2024-01-07 20:39:43+00:00,10.65
2024-01-07 20:50:28+00:00,10.58
2024-01-07 20:59:45+00:00,10.47
2024-01-08 03:29:45+00:00,10.64
2024-01-08 03:40:34+00:00,10.38
2024-01-08 03:49:51+00:00,10.31
2024-01-08 04:00:37+00:00,10.39
2024-01-08 04:09:50+00:00,10.35
2024-01-09 03:00:36+00:00,10.59
2024-01-09 03:09:51+00:00,10.48
2024-01-09 03:20:38+00:00,10.53
2024-01-09 03:29:54+00:00,10.45
2024-01-09 09:30:12+00:00,10.47
2024-01-09 09:39:28+00:00,10.3
2024-01-09 09:50:19+00:00,10.49
2024-01-09 09:59:34+00:00,10.37
2024-01-09 16:29:20+00:00,10.79
2024-01-09 16:40:09+00:00,10.68
2024-01-09 16:49:24+00:00,10.66
2024-01-09 17:00:13+00:00,10.63
2024-01-09 23:50:21+00:00,10.47
2024-01-09 23:59:37+00:00,10.53
2024-01-10 00:10:23+00:00,10.45
2024-01-10 00:19:37+00:00,10.5
2024-01-11 07:00:29+00:00,10.85
2024-01-11 07:09:44+00:00,10.59
2024-01-11 07:20:30+00:00,10.49
2024-01-11 07:29:46+00:00,10.65
2024-01-11 07:40:32+00:00,10.52
2024-01-12 01:40:40+00:00,10.78
2024-01-12 01:49:55+00:00,10.72
2024-01-12 02:00:42+00:00,10.69
2024-01-12 02:09:57+00:00,10.66
2024-01-12 12:50:11+00:00,10.72
2024-01-12 12:59:26+00:00,10.64
2024-01-12 13:10:14+00:00,10.72
2024-01-12 13:19:29+00:00,10.64
2024-01-13 04:29:34+00:00,11.14
2024-01-13 04:40:24+00:00,10.74
2024-01-13 04:49:38+00:00,10.79
2024-01-13 05:00:24+00:00,10.79
2024-01-13 05:09:38+00:00,10.69
2024-01-13 07:49:56+00:00,10.65
2024-01-13 08:00:43+00:00,10.58
2024-01-13 08:09:59+00:00,10.51
2024-01-13 08:19:15+00:00,10.52
2024-01-13 17:40:24+00:00,10.7
2024-01-13 17:49:39+00:00,10.73
2024-01-13 18:00:32+00:00,10.58
2024-01-13 18:09:47+00:00,10.75
2024-01-14 07:09:34+00:00,10.8
2024-01-14 07:20:20+00:00,10.67
2024-01-14 07:29:34+00:00,10.66
2024-01-14 07:40:22+00:00,10.61
2024-01-15 02:00:29+00:00,10.55
2024-01-15 02:09:44+00:00,10.52
2024-01-15 02:20:31+00:00,10.57
2024-01-15 02:29:45+00:00,10.54
2024-01-15 13:59:28+00:00,10.75
2024-01-15 14:10:18+00:00,10.74
2024-01-15 14:19:39+00:00,10.61
2024-01-15 14:30:26+00:00,10.52
2024-01-16 04:20:36+00:00,11.67
2024-01-16 04:29:53+00:00,10.66
2024-01-16 04:40:40+00:00,10.71
2024-01-16 04:49:57+00:00,10.67
2024-01-16 04:59:14+00:00,10.66
2024-01-16 10:39:39+00:00,10.71
2024-01-16 10:50:27+00:00,10.56
2024-01-16 10:59:47+00:00,10.58
2024-01-16 11:10:37+00:00,10.6
2024-01-16 11:18:20+00:00,10.68
2024-01-16 18:49:24+00:00,10.85
2024-01-16 19:00:12+00:00,10.54
2024-01-16 19:09:31+00:00,10.58
2024-01-16 19:20:19+00:00,10.51
2024-01-16 19:29:36+00:00,9.86
2024-01-17 03:39:29+00:00,10.43
2024-01-17 03:50:16+00:00,10.49
2024-01-17 03:59:31+00:00,10.53
2024-01-17 04:10:22+00:00,10.49
2024-01-17 09:39:57+00:00,10.74
2024-01-17 09:49:13+00:00,10.78
2024-01-17 10:00:06+00:00,10.49
2024-01-17 10:09:24+00:00,10.66
2024-01-17 17:00:05+00:00,10.75
2024-01-17 17:09:22+00:00,10.72
2024-01-17 17:20:13+00:00,10.69
2024-01-17 17:29:28+00:00,10.68
2024-01-18 02:29:26+00:00,10.54
2024-01-18 02:38:41+00:00,10.61
2024-01-18 02:49:29+00:00,10.59
2024-01-18 02:58:44+00:00,10.62
2024-01-18 09:19:47+00:00,11.32
2024-01-18 09:30:39+00:00,10.7
2024-01-18 09:39:53+00:00,10.62
2024-01-18 09:49:10+00:00,10.43
2024-01-18 09:59:57+00:00,10.6
2024-01-19 01:30:40+00:00,10.69
2024-01-19 01:49:33+00:00,10.51
2024-01-19 01:58:49+00:00,10.54
2024-01-19 11:49:32+00:00,10.7
2024-01-19 12:00:22+00:00,10.68
2024-01-19 12:09:38+00:00,10.68
2024-01-19 12:20:28+00:00,10.63
2024-01-20 02:29:14+00:00,10.54
2024-01-20 02:40:01+00:00,10.53
2024-01-20 02:49:15+00:00,10.42
2024-01-20 03:00:01+00:00,10.56
2024-01-21 04:09:37+00:00,10.64
2024-01-21 04:20:23+00:00,10.62
2024-01-21 04:29:38+00:00,10.69
2024-01-21 04:40:25+00:00,10.62
2024-01-21 15:31:44+00:00,10.87
2024-01-21 15:41:03+00:00,10.83
2024-01-21 15:50:19+00:00,10.81
2024-01-21 16:04:16+00:00,10.75
2024-01-22 05:10:08+00:00,10.73
2024-01-22 05:19:26+00:00,10.71
2024-01-22 05:30:14+00:00,10.63
2024-01-22 05:39:30+00:00,10.61
2024-01-22 12:19:44+00:00,10.6
2024-01-22 12:30:33+00:00,10.63
2024-01-22 12:39:50+00:00,10.41
2024-01-22 12:49:14+00:00,10.62
2024-01-23 03:40:06+00:00,11.05
2024-01-23 03:49:23+00:00,10.59
2024-01-23 04:00:13+00:00,10.7
2024-01-23 04:09:29+00:00,10.59
2024-01-23 04:20:16+00:00,10.47
2024-01-23 10:09:56+00:00,10.48
2024-01-23 10:19:13+00:00,10.51
2024-01-23 10:30:00+00:00,10.53
2024-01-23 10:39:30+00:00,10.56
2024-01-24 02:39:21+00:00,10.53
2024-01-24 02:50:07+00:00,10.5
2024-01-24 02:59:22+00:00,10.59
2024-01-24 03:10:13+00:00,10.52
2024-01-24 08:30:20+00:00,10.69
2024-01-24 08:39:34+00:00,10.62
2024-01-24 08:50:23+00:00,10.57
2024-01-24 08:59:36+00:00,10.61
2024-01-25 01:59:15+00:00,10.6
2024-01-25 02:10:08+00:00,10.5
2024-01-25 02:19:24+00:00,10.43
2024-01-25 02:30:18+00:00,10.46
2024-01-25 07:29:21+00:00,10.68
2024-01-25 07:40:15+00:00,10.52
2024-01-25 07:49:35+00:00,10.38
2024-01-25 08:00:26+00:00,10.41
2024-01-25 20:00:35+00:00,10.67
2024-01-25 20:09:50+00:00,10.75
2024-01-25 20:20:41+00:00,10.62
2024-01-25 20:29:57+00:00,10.61
2024-01-26 10:09:26+00:00,10.64
2024-01-26 10:20:28+00:00,10.48
2024-01-26 10:29:44+00:00,10.56
2024-01-26 10:40:37+00:00,10.53
2024-01-27 02:00:44+00:00,10.58
2024-01-27 02:10:12+00:00,10.56
2024-01-27 02:19:34+00:00,10.54
2024-01-27 02:30:25+00:00,10.58
2024-01-27 08:09:24+00:00,10.7
2024-01-27 08:20:31+00:00,10.59
2024-01-27 08:30:12+00:00,10.49
2024-01-27 08:40:29+00:00,10.47
2024-01-28 04:20:14+00:00,11.06
2024-01-28 04:29:29+00:00,10.66
2024-01-28 04:40:19+00:00,10.75
2024-01-28 04:49:37+00:00,10.56
2024-01-28 05:00:24+00:00,10.49
2024-01-28 17:49:46+00:00,10.64
2024-01-28 18:00:41+00:00,10.59
2024-01-28 18:10:04+00:00,10.65
2024-01-28 18:19:19+00:00,10.67
2024-01-29 04:30:28+00:00,11.42
2024-01-29 04:39:42+00:00,10.57
2024-01-29 04:50:30+00:00,10.54
2024-01-29 04:59:49+00:00,10.55
2024-01-29 05:10:44+00:00,10.5
2024-01-29 11:50:08+00:00,10.71
2024-01-29 11:59:30+00:00,10.55
2024-01-29 12:10:22+00:00,10.53
2024-01-29 12:19:44+00:00,10.51
2024-01-30 05:49:38+00:00,10.62
2024-01-30 06:00:38+00:00,10.56
2024-01-30 06:10:03+00:00,10.51
2024-01-30 06:19:23+00:00,10.55
2024-01-31 01:00:26+00:00,10.72
2024-01-31 01:09:43+00:00,10.56
2024-01-31 01:20:41+00:00,10.44
2024-01-31 01:30:13+00:00,10.52
2024-01-31 01:39:33+00:00,10.42
2024-01-31 05:19:50+00:00,10.98
2024-01-31 05:29:11+00:00,10.58
2024-01-31 05:40:07+00:00,10.55
2024-01-31 05:49:22+00:00,10.52
2024-01-31 06:00:18+00:00,10.53
2024-01-31 09:39:46+00:00,10.69
2024-01-31 09:50:42+00:00,10.43
2024-01-31 10:00:17+00:00,10.49
2024-01-31 10:09:40+00:00,10.48
2024-01-31 17:09:26+00:00,10.46
2024-01-31 17:20:30+00:00,10.48
2024-01-31 17:29:59+00:00,10.52
2024-01-31 17:39:23+00:00,10.46
2024-02-01 02:40:06+00:00,10.58
2024-02-01 02:49:20+00:00,10.49
2024-02-01 03:00:08+00:00,10.49
2024-02-01 03:09:21+00:00,10.55
2024-02-01 08:48:39+00:00,10.46
2024-02-01 08:59:26+00:00,10.45
2024-02-01 09:08:44+00:00,10.41
2024-02-01 17:29:36+00:00,10.53
2024-02-01 17:40:31+00:00,10.53
2024-02-01 17:49:58+00:00,10.49
2024-02-01 17:59:23+00:00,10.5
2024-02-02 03:49:12+00:00,10.45
2024-02-02 04:00:13+00:00,10.42
2024-02-02 04:09:36+00:00,10.35
2024-02-02 04:20:34+00:00,10.32
2024-02-02 10:39:32+00:00,10.54
2024-02-02 10:50:24+00:00,10.52
2024-02-02 10:59:40+00:00,10.46
2024-02-02 11:10:28+00:00,10.37
2024-02-03 03:10:14+00:00,10.62
2024-02-03 03:19:34+00:00,10.56
2024-02-03 03:30:43+00:00,10.46
2024-02-03 03:40:01+00:00,10.4
2024-02-03 03:49:18+00:00,10.38
2024-02-03 11:00:40+00:00,10.38
2024-02-03 11:09:58+00:00,10.47
2024-02-03 11:19:19+00:00,10.39
2024-02-03 11:30:12+00:00,10.36
2024-02-04 05:30:14+00:00,11.17
2024-02-04 05:39:47+00:00,10.44
2024-02-04 05:49:15+00:00,10.52
2024-02-04 06:00:17+00:00,10.45
2024-02-04 06:09:48+00:00,10.49
2024-02-04 20:39:38+00:00,10.66
2024-02-04 20:50:32+00:00,10.6
2024-02-04 21:00:00+00:00,10.56
2024-02-04 21:09:30+00:00,10.51
2024-02-05 06:30:15+00:00,10.54
2024-02-05 06:39:38+00:00,10.46
2024-02-05 06:50:31+00:00,10.42
2024-02-05 06:59:53+00:00,10.41
2024-02-05 17:50:25+00:00,10.44
2024-02-05 17:59:46+00:00,10.52
2024-02-05 18:10:41+00:00,10.49
2024-02-06 04:19:42+00:00,10.5
2024-02-06 04:30:33+00:00,10.45
2024-02-06 04:39:52+00:00,10.31
2024-02-06 04:44:30+00:00,10.29
2024-02-07 08:39:59+00:00,10.58
2024-02-07 08:49:15+00:00,10.42
2024-02-07 09:00:02+00:00,10.36
2024-02-07 09:09:20+00:00,10.36
2024-02-07 15:19:26+00:00,11.57
2024-02-07 15:30:34+00:00,10.55
2024-02-07 15:40:15+00:00,10.48
2024-02-07 15:49:45+00:00,10.46
2024-02-07 15:59:21+00:00,10.47
2024-02-08 01:30:20+00:00,10.51
2024-02-08 01:40:12+00:00,10.52
2024-02-08 01:49:53+00:00,10.41
2024-02-08 01:59:28+00:00,10.48
2024-02-08 06:59:50+00:00,10.53
2024-02-08 07:10:48+00:00,10.39
2024-02-08 07:20:22+00:00,10.35
2024-02-08 07:29:58+00:00,10.41
2024-02-09 00:58:30+00:00,10.41
2024-02-09 01:09:31+00:00,10.41
2024-02-09 01:19:09+00:00,10.45
2024-02-09 01:30:24+00:00,10.25
2024-02-09 06:20:32+00:00,10.38
2024-02-09 06:28:20+00:00,10.39
2024-02-09 06:50:41+00:00,10.39
2024-02-09 06:59:56+00:00,10.34
2024-02-09 23:20:32+00:00,10.56
2024-02-09 23:30:20+00:00,10.54
2024-02-09 23:51:25+00:00,10.38
2024-02-10 07:09:44+00:00,10.89
2024-02-10 07:20:32+00:00,10.41
2024-02-10 07:29:49+00:00,10.54
2024-02-10 07:40:37+00:00,10.38
2024-02-10 07:49:52+00:00,10.34
2024-02-11 02:49:45+00:00,10.45
2024-02-11 03:00:33+00:00,10.4
2024-02-11 03:09:49+00:00,10.46
2024-02-11 03:20:37+00:00,10.47
2024-02-11 14:59:17+00:00,10.58
2024-02-11 15:10:06+00:00,10.66
2024-02-11 15:19:23+00:00,10.7
2024-02-11 15:30:18+00:00,10.59
2024-02-12 05:18:33+00:00,10.61
2024-02-12 05:29:50+00:00,10.52
2024-02-12 05:39:27+00:00,10.56
2024-02-12 05:50:19+00:00,10.51
2024-02-12 15:09:53+00:00,10.57
2024-02-12 15:20:41+00:00,10.6
2024-02-12 15:30:01+00:00,10.38
2024-02-12 15:39:17+00:00,10.59
2024-02-13 05:09:23+00:00,10.29
2024-02-13 05:20:28+00:00,10.3
2024-02-13 05:29:45+00:00,10.4
2024-02-13 05:40:37+00:00,10.28
2024-02-13 05:49:57+00:00,10.26
2024-02-13 10:29:23+00:00,10.36
2024-02-13 10:40:13+00:00,10.36
2024-02-13 10:49:33+00:00,10.33
2024-02-13 11:00:22+00:00,10.36
2024-02-14 03:29:49+00:00,10.55
2024-02-14 03:40:39+00:00,10.55
2024-02-14 03:49:56+00:00,10.38
2024-02-14 03:59:12+00:00,10.43
2024-02-14 10:10:19+00:00,10.5
2024-02-14 10:19:36+00:00,10.47
2024-02-14 10:30:25+00:00,10.45
2024-02-14 10:39:40+00:00,10.48
2024-02-14 12:50:02+00:00,10.75
2024-02-15 03:29:26+00:00,10.48
2024-02-15 03:40:24+00:00,10.34
2024-02-15 03:49:52+00:00,10.3
2024-02-15 03:59:25+00:00,10.26
2024-02-15 06:39:15+00:00,10.79
2024-02-15 06:50:04+00:00,10.48
2024-02-15 06:59:28+00:00,10.47
2024-02-15 07:10:33+00:00,10.44
2024-02-15 07:19:54+00:00,10.52
2024-02-15 15:29:26+00:00,10.47
2024-02-15 15:40:15+00:00,10.45
2024-02-15 15:49:32+00:00,10.43
2024-02-15 16:00:21+00:00,10.46
2024-02-16 04:20:20+00:00,10.36
2024-02-16 04:29:37+00:00,10.29
2024-02-16 04:40:25+00:00,10.43
2024-02-16 04:49:41+00:00,10.42
2024-02-16 13:09:33+00:00,10.41
2024-02-16 13:20:25+00:00,10.52
2024-02-16 13:29:45+00:00,10.45
2024-02-16 13:40:33+00:00,10.39
2024-02-17 02:19:58+00:00,10.47
2024-02-17 02:29:15+00:00,10.5
2024-02-17 02:40:13+00:00,10.31
2024-02-17 02:49:28+00:00,10.29
2024-02-17 07:59:24+00:00,10.26
2024-02-17 08:10:20+00:00,10.36
2024-02-17 08:19:39+00:00,10.18
2024-02-17 08:30:28+00:00,10.26
2024-02-18 03:59:39+00:00,10.5
2024-02-18 04:10:29+00:00,10.37
2024-02-18 04:19:48+00:00,10.43
2024-02-18 04:30:38+00:00,10.36
2024-02-18 19:10:08+00:00,10.85
2024-02-18 19:19:28+00:00,10.52
2024-02-18 19:30:24+00:00,10.4
2024-02-18 19:38:08+00:00,10.5
2024-02-18 19:49:13+00:00,10.41
2024-02-19 09:10:34+00:00,10.27
2024-02-19 09:19:52+00:00,10.3
2024-02-19 09:30:43+00:00,10.34
2024-02-19 09:40:01+00:00,10.36
2024-02-20 03:20:37+00:00,10.45
2024-02-20 03:29:53+00:00,10.3
2024-02-20 03:40:43+00:00,10.25
2024-02-20 03:50:04+00:00,10.24
2024-02-20 06:29:54+00:00,10.4
2024-02-20 06:40:44+00:00,10.31
2024-02-20 06:50:00+00:00,10.36
2024-02-20 07:00:51+00:00,10.25
2024-02-20 14:08:55+00:00,10.41
2024-02-20 14:19:50+00:00,10.37
2024-02-20 14:39:58+00:00,10.33
2024-02-21 05:10:41+00:00,10.31
2024-02-21 05:19:58+00:00,10.33
2024-02-21 05:30:51+00:00,10.22
2024-02-21 05:40:07+00:00,10.12
2024-02-21 05:49:25+00:00,10.27
2024-02-21 16:58:50+00:00,10.65
2024-02-21 17:09:47+00:00,10.31
2024-02-21 17:19:07+00:00,10.19
2024-02-21 17:30:01+00:00,10.32
2024-02-22 05:50:01+00:00,10.28
2024-02-22 05:59:20+00:00,10.35
2024-02-22 06:10:08+00:00,10.24
2024-02-22 06:19:23+00:00,10.2
2024-02-22 12:50:09+00:00,10.57
2024-02-22 12:59:24+00:00,10.44
2024-02-22 13:08:40+00:00,10.27
2024-02-22 13:19:29+00:00,10.35
2024-02-22 13:28:44+00:00,10.34
2024-02-22 22:59:38+00:00,10.48
2024-02-22 23:08:54+00:00,10.43
2024-02-22 23:19:42+00:00,10.42
2024-02-22 23:28:57+00:00,10.38
2024-02-23 05:09:01+00:00,10.2
2024-02-23 05:19:50+00:00,10.25
2024-02-23 05:29:13+00:00,10.32
2024-02-23 05:40:02+00:00,10.24
2024-02-24 00:59:23+00:00,10.51
2024-02-24 01:10:11+00:00,10.49
2024-02-24 01:19:28+00:00,10.49
2024-02-24 01:28:44+00:00,10.47
2024-02-24 09:59:36+00:00,10.41
2024-02-24 10:09:01+00:00,10.37
2024-02-24 10:19:51+00:00,10.41
2024-02-24 10:29:10+00:00,10.35
2024-02-25 06:18:55+00:00,10.26
2024-02-25 06:28:13+00:00,10.28
2024-02-25 06:39:00+00:00,10.25
2024-02-25 06:48:17+00:00,10.26
2024-02-26 03:19:18+00:00,10.39
2024-02-26 03:30:07+00:00,10.41
2024-02-26 03:39:23+00:00,10.31
2024-02-26 03:59:06+00:00,10.38
2024-02-26 09:59:19+00:00,10.75
2024-02-26 10:10:08+00:00,10.27
2024-02-26 10:19:25+00:00,10.22
2024-02-26 10:28:40+00:00,10.13
2024-02-26 10:39:29+00:00,10.18
2024-02-26 18:48:48+00:00,10.43
2024-02-26 18:59:38+00:00,10.4
2024-02-26 19:08:54+00:00,10.44
2024-02-26 19:19:43+00:00,10.37
2024-02-27 03:20:08+00:00,10.31
2024-02-27 03:29:24+00:00,10.45
2024-02-27 03:38:40+00:00,10.31
2024-02-27 03:49:29+00:00,10.29
2024-02-27 09:29:42+00:00,10.27
2024-02-27 09:38:59+00:00,10.22
2024-02-27 09:49:48+00:00,10.3
2024-02-27 09:59:07+00:00,10.26
2024-02-27 22:58:22+00:00,10.45
2024-02-27 23:09:11+00:00,10.27
2024-02-27 23:18:26+00:00,10.3
2024-02-27 23:29:14+00:00,10.21
2024-02-27 23:38:31+00:00,10.16
2024-02-28 06:29:57+00:00,10.55
2024-02-28 06:39:13+00:00,10.45
2024-02-28 06:50:06+00:00,10.33
2024-02-28 06:59:25+00:00,10.48
2024-02-28 14:09:32+00:00,10.47
2024-02-28 14:18:50+00:00,10.3
2024-02-28 14:29:41+00:00,10.28
2024-02-28 14:38:59+00:00,10.29
2024-02-29 02:09:39+00:00,10.8
2024-02-29 02:18:58+00:00,10.47
2024-02-29 02:29:52+00:00,10.4
2024-02-29 02:39:09+00:00,10.32
2024-02-29 02:49:59+00:00,10.33
2024-02-29 08:19:18+00:00,10.39
2024-02-29 08:28:38+00:00,10.39
2024-02-29 08:39:33+00:00,10.23
2024-02-29 08:48:51+00:00,10.34
2024-03-01 01:39:50+00:00,10.32
2024-03-01 01:49:08+00:00,10.28
2024-03-01 01:59:59+00:00,10.32
2024-03-01 02:09:17+00:00,10.3
2024-03-01 02:20:09+00:00,10.27
2024-03-01 05:49:46+00:00,10.35
2024-03-01 05:59:05+00:00,10.31
2024-03-01 06:09:55+00:00,10.38
2024-03-01 06:19:13+00:00,10.29
2024-03-01 11:39:20+00:00,10.44
2024-03-01 11:48:40+00:00,10.43
2024-03-01 11:59:32+00:00,10.36
2024-03-01 12:08:54+00:00,10.31
2024-03-02 05:49:50+00:00,10.28
2024-03-02 05:59:09+00:00,10.15
2024-03-02 06:10:05+00:00,10.22
2024-03-02 06:19:25+00:00,10.1
2024-03-03 03:39:57+00:00,10.44
2024-03-03 03:49:16+00:00,10.35
2024-03-03 04:00:11+00:00,10.42
2024-03-03 04:09:29+00:00,10.37
2024-03-03 04:18:47+00:00,10.36
2024-03-04 01:39:21+00:00,10.15
2024-03-04 01:50:14+00:00,10.43
2024-03-04 01:59:32+00:00,10.22
2024-03-04 02:08:50+00:00,10.29
2024-03-04 07:08:43+00:00,10.17
2024-03-04 07:19:37+00:00,10.12
2024-03-04 07:28:55+00:00,10.14
2024-03-04 07:39:46+00:00,10.2
2024-03-04 14:09:47+00:00,10.13
2024-03-04 14:30:03+00:00,10.12
2024-03-05 05:19:29+00:00,10.35
2024-03-05 05:30:22+00:00,10.23
2024-03-05 05:39:43+00:00,10.21
2024-03-05 05:49:04+00:00,10.22
2024-03-05 11:59:10+00:00,10.79
2024-03-05 12:10:05+00:00,10.4
2024-03-05 12:19:22+00:00,10.28
2024-03-05 12:30:13+00:00,10.31
2024-03-05 12:39:38+00:00,10.12
2024-03-05 20:09:57+00:00,10.23
2024-03-05 20:19:19+00:00,10.14
2024-03-05 20:30:09+00:00,10.13
2024-03-05 20:39:30+00:00,10.05
2024-03-06 05:09:06+00:00,10.27
2024-03-06 05:19:59+00:00,10.27
2024-03-06 05:29:21+00:00,10.29
2024-03-06 05:40:15+00:00,10.25
2024-03-06 05:49:37+00:00,10.19
2024-03-08 00:39:52+00:00,10.55
2024-03-08 00:49:12+00:00,10.18
2024-03-08 01:00:02+00:00,10.16
2024-03-08 01:09:19+00:00,10.07
2024-03-08 01:20:13+00:00,10.03
2024-03-08 13:19:08+00:00,10.45
2024-03-08 13:30:06+00:00,10.36
2024-03-08 13:39:24+00:00,10.41
2024-03-08 13:50:25+00:00,10.29
2024-03-09 04:49:35+00:00,10.62
2024-03-09 05:00:26+00:00,10.3
2024-03-09 05:09:46+00:00,10.32
2024-03-09 05:19:06+00:00,10.31
2024-03-09 05:30:00+00:00,10.19
2024-03-09 13:00:34+00:00,11.05
2024-03-09 13:09:51+00:00,10.31
2024-03-09 13:19:18+00:00,10.23
2024-03-09 13:30:12+00:00,10.3
2024-03-09 13:39:31+00:00,10.18
2024-03-10 12:00:33+00:00,10.56
2024-03-10 12:09:57+00:00,10.45
2024-03-10 12:19:15+00:00,10.38
2024-03-10 12:30:06+00:00,10.42
2024-03-11 05:40:24+00:00,10.29
2024-03-11 05:49:56+00:00,10.22
2024-03-11 05:59:14+00:00,10.17
2024-03-11 06:10:15+00:00,10.12
2024-03-11 06:19:41+00:00,10.1
2024-03-11 16:19:38+00:00,10.26
2024-03-11 16:30:28+00:00,10.25
2024-03-11 16:39:48+00:00,10.17
2024-03-11 16:49:20+00:00,10.2
2024-03-12 05:59:53+00:00,10.39
2024-03-12 06:09:18+00:00,10.36
2024-03-12 06:20:26+00:00,10.25
2024-03-12 06:29:56+00:00,10.33
2024-03-13 01:59:20+00:00,10.63
2024-03-13 02:10:19+00:00,10.3
2024-03-13 02:19:37+00:00,10.31
2024-03-13 02:30:33+00:00,10.36
2024-03-13 02:39:59+00:00,10.15
2024-03-13 05:39:45+00:00,10.58
2024-03-13 05:49:07+00:00,10.26
2024-03-13 06:00:11+00:00,10.11
2024-03-13 06:09:34+00:00,10.23
2024-03-13 06:19:04+00:00,10.18
2024-03-13 13:50:22+00:00,10.29
2024-03-13 13:59:43+00:00,10.41
2024-03-13 14:07:45+00:00,10.44
2024-03-14 04:59:45+00:00,10.21
2024-03-14 05:09:07+00:00,10.04
2024-03-14 05:20:12+00:00,10.07
2024-03-14 05:29:39+00:00,10.09
2024-03-14 05:37:52+00:00,10.09
2024-03-14 11:09:25+00:00,10.37
2024-03-14 11:20:35+00:00,10.22
2024-03-14 11:30:15+00:00,10.16
2024-03-14 11:39:55+00:00,10.16
2024-03-14 11:49:21+00:00,10.15
2024-03-14 18:59:20+00:00,10.2
2024-03-14 19:10:16+00:00,10.11
2024-03-14 19:19:57+00:00,10.04
2024-03-14 19:29:15+00:00,10.01
2024-03-15 02:50:24+00:00,10.08
2024-03-15 02:59:42+00:00,9.99
2024-03-15 03:10:32+00:00,10.01
2024-03-15 07:47:39+00:00,10.06
2024-03-15 08:00:06+00:00,10.04
2024-03-15 08:09:25+00:00,9.96
2024-03-15 08:20:16+00:00,10.01
2024-03-15 14:30:14+00:00,10.33
2024-03-15 14:39:35+00:00,10.33
2024-03-15 14:50:28+00:00,10.28
2024-03-15 14:59:46+00:00,10.24
2024-03-15 23:19:33+00:00,10.15
2024-03-15 23:30:24+00:00,10.22
2024-03-15 23:39:41+00:00,10.06
2024-03-15 23:50:31+00:00,9.93
2024-03-16 05:40:20+00:00,10.12
2024-03-16 05:50:03+00:00,10.09
2024-03-16 06:03:12+00:00,10.03
2024-03-16 06:09:24+00:00,10.03
2024-03-16 14:29:37+00:00,10.43
2024-03-16 14:40:27+00:00,10.34
2024-03-16 14:49:44+00:00,10.3
2024-03-16 15:00:35+00:00,10.26
2024-03-17 10:49:53+00:00,10.39
2024-03-17 10:59:11+00:00,10.24
2024-03-17 11:10:05+00:00,10.18
2024-03-17 11:19:27+00:00,10.17
2024-03-18 03:50:32+00:00,10.24
2024-03-18 03:59:50+00:00,10.19
2024-03-18 04:09:08+00:00,10.14
2024-03-18 04:19:59+00:00,10.16
2024-03-18 10:10:20+00:00,10.24
2024-03-18 10:19:42+00:00,10.19
2024-03-18 10:27:29+00:00,10.21
2024-03-19 03:39:26+00:00,10.23
2024-03-19 03:50:22+00:00,10.19
2024-03-19 03:59:41+00:00,10.18
2024-03-19 04:09:03+00:00,10.15
2024-03-19 07:20:20+00:00,10.29
2024-03-19 07:29:45+00:00,10.31
2024-03-19 07:39:09+00:00,10.06
2024-03-19 07:50:20+00:00,10.17
2024-03-19 22:09:32+00:00,10.39
2024-03-19 22:20:25+00:00,10.22
2024-03-19 22:29:43+00:00,10.17
2024-03-19 22:39:05+00:00,10.25
2024-03-20 05:49:07+00:00,10.1
2024-03-20 05:59:59+00:00,10.14
2024-03-20 06:09:21+00:00,10.14
2024-03-20 06:20:18+00:00,10.07
2024-03-20 13:40:05+00:00,10.74
2024-03-20 13:49:30+00:00,10.25
2024-03-20 14:00:23+00:00,10.2
2024-03-20 14:09:47+00:00,10.23
2024-03-20 14:19:06+00:00,10.05
2024-03-21 04:00:36+00:00,10.18
2024-03-21 04:09:56+00:00,10.17
2024-03-21 04:19:14+00:00,10.16
2024-03-21 04:30:05+00:00,10.26
2024-03-21 04:39:24+00:00,10.15
2024-03-21 10:20:25+00:00,10.31
2024-03-21 10:29:43+00:00,10.23
2024-03-21 10:40:34+00:00,10.13
2024-03-21 10:49:52+00:00,10.2
2024-03-22 02:19:31+00:00,10.27
2024-03-22 02:30:22+00:00,10.3
2024-03-22 02:39:44+00:00,10.23
2024-03-22 02:50:34+00:00,10.15
2024-03-22 13:19:57+00:00,10.22
2024-03-22 13:29:41+00:00,10.28
2024-03-22 13:39:54+00:00,10.1
2024-03-22 13:49:14+00:00,10.11
2024-03-23 05:29:54+00:00,10.07
2024-03-23 05:39:12+00:00,10.08
2024-03-23 05:48:34+00:00,10.09
2024-03-23 05:59:28+00:00,10.11
2024-03-23 12:19:19+00:00,10.22
2024-03-23 12:30:24+00:00,10.2
2024-03-23 12:39:44+00:00,10.12
2024-03-23 12:49:02+00:00,10.1
2024-03-24 09:10:13+00:00,10.36
2024-03-24 09:19:30+00:00,10.2
2024-03-24 09:30:20+00:00,10.25
2024-03-24 09:39:38+00:00,10.21
2024-03-25 06:30:18+00:00,10.24
2024-03-25 06:39:39+00:00,10.22
2024-03-25 06:50:30+00:00,10.1
2024-03-25 06:59:48+00:00,10.12
2024-03-26 02:40:09+00:00,10.3
2024-03-26 02:49:26+00:00,10.26
2024-03-26 03:00:17+00:00,10.23
2024-03-26 03:09:35+00:00,10.26
2024-03-26 03:20:25+00:00,10.1
2024-03-26 15:19:22+00:00,10.12
2024-03-26 15:30:12+00:00,10.07
2024-03-26 15:39:30+00:00,10.06
2024-03-26 15:50:20+00:00,9.99
2024-03-27 07:29:06+00:00,10.3
2024-03-27 07:39:55+00:00,10.24
2024-03-27 07:49:12+00:00,10.23
2024-03-27 08:00:01+00:00,10.22
2024-03-27 22:10:08+00:00,10.16
2024-03-27 22:19:31+00:00,10.26
2024-03-27 22:30:22+00:00,10.14
2024-03-27 22:39:39+00:00,10.15
2024-03-28 05:39:06+00:00,10.2
2024-03-28 05:49:57+00:00,10.0
2024-03-28 05:59:15+00:00,9.98
2024-03-28 06:10:05+00:00,10.03
2024-03-28 06:20:55+00:00,9.85
2024-03-28 13:49:16+00:00,9.91
2024-03-28 14:00:07+00:00,9.93
2024-03-28 14:09:25+00:00,9.92
2024-03-28 16:09:03+00:00,10.31
2024-03-28 16:19:58+00:00,10.08
2024-03-29 09:49:30+00:00,10.06
2024-03-29 10:00:22+00:00,9.98
2024-03-29 10:09:42+00:00,10.04
2024-03-29 10:20:35+00:00,9.96
2024-03-30 03:20:09+00:00,10.08
2024-03-30 03:29:27+00:00,10.03
2024-03-30 03:40:20+00:00,10.05
2024-03-30 03:49:39+00:00,10.11
2024-03-30 09:10:00+00:00,10.45
2024-03-30 09:19:19+00:00,10.07
2024-03-30 09:30:11+00:00,10.04
2024-03-30 09:39:31+00:00,10.05
2024-03-30 09:50:26+00:00,10.09
2024-03-31 05:30:28+00:00,9.98
2024-03-31 05:39:52+00:00,9.94
2024-03-31 05:49:13+00:00,9.93
2024-03-31 06:00:09+00:00,9.92
2024-04-01 01:39:46+00:00,10.16
2024-04-01 01:49:04+00:00,10.13
2024-04-01 01:59:55+00:00,10.2
2024-04-01 02:09:13+00:00,10.1
2024-04-01 04:29:14+00:00,10.06
2024-04-01 04:40:08+00:00,10.05
2024-04-01 04:49:26+00:00,9.94
2024-04-01 05:00:19+00:00,9.91
2024-04-01 05:09:38+00:00,9.79
2024-04-01 12:19:21+00:00,10.42
2024-04-01 12:30:13+00:00,10.11
2024-04-01 12:39:32+00:00,10.01
2024-04-01 12:50:23+00:00,9.93
2024-04-02 03:19:56+00:00,10.05
2024-04-02 03:29:15+00:00,10.09
2024-04-02 03:40:09+00:00,9.95
2024-04-02 03:49:28+00:00,9.98
2024-04-02 09:30:11+00:00,10.29
2024-04-02 09:39:36+00:00,10.06
2024-04-02 09:50:30+00:00,10.04
2024-04-02 09:59:54+00:00,9.98
2024-04-03 02:59:43+00:00,10.06
2024-04-03 03:10:36+00:00,10.12
2024-04-03 03:19:56+00:00,10.04
2024-04-03 03:29:16+00:00,10.04
2024-04-03 12:39:11+00:00,10.59
2024-04-03 12:50:02+00:00,9.96
2024-04-03 12:59:21+00:00,9.97
2024-04-03 13:10:22+00:00,9.92
2024-04-04 01:59:27+00:00,10.08
2024-04-04 02:10:20+00:00,10.0
2024-04-04 02:19:41+00:00,9.95
2024-04-04 02:30:33+00:00,10.06
2024-04-04 14:28:34+00:00,10.13
2024-04-04 14:39:25+00:00,10.16
2024-04-04 14:48:46+00:00,10.09
2024-04-04 14:59:37+00:00,10.06
2024-04-05 06:40:09+00:00,10.6
2024-04-05 06:49:36+00:00,10.13
2024-04-05 07:00:29+00:00,10.05
2024-04-05 07:09:47+00:00,10.17
2024-04-05 07:19:15+00:00,10.02
2024-04-06 02:19:02+00:00,10.17
2024-04-06 02:29:10+00:00,10.14
2024-04-06 02:40:02+00:00,9.9
2024-04-06 02:49:19+00:00,9.97
2024-04-06 05:40:24+00:00,10.41
2024-04-06 05:49:48+00:00,9.87
2024-04-06 05:59:09+00:00,9.75
2024-04-06 06:10:06+00:00,9.87
2024-04-06 06:19:25+00:00,9.75
2024-04-06 17:29:56+00:00,10.03
2024-04-06 17:39:21+00:00,9.92
2024-04-06 17:50:19+00:00,9.95
2024-04-06 17:59:43+00:00,9.92
2024-04-07 12:09:26+00:00,9.94
2024-04-07 12:20:21+00:00,9.86
2024-04-07 12:29:42+00:00,9.88
2024-04-07 12:40:37+00:00,9.82
2024-04-08 04:29:59+00:00,9.84
2024-04-08 04:39:18+00:00,9.92
2024-04-08 04:50:09+00:00,9.74
2024-04-08 04:59:27+00:00,9.73
2024-04-08 13:00:41+00:00,9.95
2024-04-08 13:09:59+00:00,9.91
2024-04-08 13:19:16+00:00,9.92
2024-04-08 13:30:07+00:00,9.89
2024-04-09 06:30:18+00:00,9.95
2024-04-09 06:39:38+00:00,9.93
2024-04-09 06:50:29+00:00,9.88
2024-04-09 06:59:47+00:00,9.83
2024-04-10 03:10:25+00:00,10.01
2024-04-10 03:19:44+00:00,10.06
2024-04-10 03:30:36+00:00,9.95
2024-04-10 03:39:54+00:00,10.0
2024-04-10 03:49:12+00:00,9.85
2024-04-10 09:20:15+00:00,9.85
2024-04-10 09:29:33+00:00,9.78
2024-04-10 09:40:24+00:00,9.8
2024-04-10 09:51:20+00:00,9.76
2024-04-11 02:59:57+00:00,9.77
2024-04-11 03:09:14+00:00,9.73
2024-04-11 03:20:05+00:00,9.81
2024-04-11 03:29:23+00:00,9.79
2024-04-11 03:40:13+00:00,9.67
2024-04-11 21:39:32+00:00,10.21
2024-04-11 21:50:24+00:00,9.89
2024-04-11 21:59:42+00:00,9.95
2024-04-11 22:10:33+00:00,9.83
2024-04-12 06:49:11+00:00,9.71
2024-04-12 07:00:06+00:00,9.69
2024-04-12 07:09:25+00:00,9.65
2024-04-12 07:20:18+00:00,9.65
2024-04-12 13:29:41+00:00,9.92
2024-04-12 13:39:45+00:00,9.83
2024-04-12 13:50:38+00:00,9.81
2024-04-12 13:59:57+00:00,9.75
2024-04-12 14:09:18+00:00,9.77
2024-04-12 22:59:16+00:00,9.89
2024-04-12 23:10:07+00:00,9.83
2024-04-12 23:19:25+00:00,9.76
2024-04-12 23:30:16+00:00,9.8
2024-04-13 04:39:30+00:00,9.83
2024-04-13 04:50:21+00:00,9.72
2024-04-13 04:59:41+00:00,9.77
2024-04-13 05:10:34+00:00,9.66
2024-04-14 01:00:18+00:00,9.92
2024-04-14 01:09:38+00:00,9.86
2024-04-14 01:20:30+00:00,9.97
2024-04-14 01:29:49+00:00,9.83
2024-04-14 14:29:14+00:00,9.77
2024-04-14 14:40:05+00:00,9.76
2024-04-14 14:49:31+00:00,9.75
2024-04-14 15:00:23+00:00,9.77
2024-04-15 05:30:08+00:00,10.23
2024-04-15 05:39:27+00:00,9.82
2024-04-15 05:50:22+00:00,9.76
2024-04-15 05:59:45+00:00,9.66
2024-04-15 06:09:09+00:00,9.71
2024-04-16 02:00:28+00:00,9.91
2024-04-16 02:09:48+00:00,9.79
2024-04-16 02:19:12+00:00,9.85
2024-04-16 02:30:04+00:00,9.86
2024-04-16 07:29:45+00:00,10.34
2024-04-16 07:40:41+00:00,9.63
2024-04-16 07:50:06+00:00,9.7
2024-04-16 07:59:35+00:00,9.69
2024-04-16 14:59:20+00:00,9.75
2024-04-16 15:10:12+00:00,9.77
2024-04-16 15:19:32+00:00,9.82
2024-04-16 15:30:26+00:00,9.72
2024-04-17 03:39:27+00:00,10.27
2024-04-17 03:50:19+00:00,9.69
2024-04-17 03:59:43+00:00,9.72
2024-04-17 04:10:35+00:00,9.76
2024-04-17 04:19:54+00:00,9.6
2024-04-17 10:40:32+00:00,9.82
2024-04-17 10:49:51+00:00,9.7
2024-04-17 11:06:58+00:00,9.81
2024-04-17 11:11:38+00:00,9.65
2024-04-18 02:40:05+00:00,9.94
2024-04-18 02:49:25+00:00,9.68
2024-04-18 03:00:17+00:00,9.71
2024-04-18 03:09:37+00:00,9.75
2024-04-18 03:20:30+00:00,9.7
2024-04-18 09:09:38+00:00,9.78
2024-04-18 09:20:35+00:00,9.64
2024-04-18 09:29:57+00:00,9.62
2024-04-19 03:39:31+00:00,9.79
2024-04-19 03:50:29+00:00,9.67
2024-04-19 03:59:56+00:00,9.77
2024-04-19 04:09:15+00:00,9.66
2024-04-19 12:49:36+00:00,9.74
2024-04-19 13:00:30+00:00,9.69
2024-04-19 13:09:56+00:00,9.57
2024-04-19 13:20:49+00:00,9.65
2024-04-20 03:49:11+00:00,9.55
2024-04-20 04:00:04+00:00,9.58
2024-04-20 04:09:26+00:00,9.63
2024-04-20 04:20:22+00:00,9.6
2024-04-20 11:59:07+00:00,9.71
2024-04-20 12:10:04+00:00,9.58
2024-04-20 12:19:28+00:00,9.57
2024-04-20 12:30:23+00:00,9.6
2024-04-20 12:39:43+00:00,9.49
2024-04-20 12:49:04+00:00,9.43
2024-04-20 12:58:23+00:00,9.52
2024-04-21 07:00:04+00:00,9.89
2024-04-21 07:09:23+00:00,9.72
2024-04-21 07:20:19+00:00,9.72
2024-04-21 07:28:05+00:00,9.75
2024-04-22 02:30:37+00:00,9.64
2024-04-22 02:39:56+00:00,9.57
2024-04-22 02:49:18+00:00,9.66
2024-04-22 03:00:11+00:00,9.55
2024-04-30 01:59:37+00:00,9.4
2024-04-30 02:10:29+00:00,9.34
2024-04-30 02:19:47+00:00,9.36
2024-04-30 02:30:38+00:00,9.41
2024-04-30 07:19:32+00:00,9.47
2024-04-30 07:30:25+00:00,9.42
2024-04-30 07:39:45+00:00,9.49
2024-04-30 07:50:40+00:00,9.44
2024-04-30 23:20:47+00:00,9.37
2024-04-30 23:30:05+00:00,9.4
2024-04-30 23:39:27+00:00,9.44
2024-05-01 04:19:57+00:00,9.33
2024-05-01 04:30:48+00:00,9.35
2024-05-01 04:40:07+00:00,9.23
2024-05-01 04:49:25+00:00,9.16
2024-05-01 05:00:16+00:00,9.05
2024-05-01 13:49:59+00:00,9.46
2024-05-01 14:00:52+00:00,9.47
2024-05-01 14:10:11+00:00,9.43
2024-05-01 14:19:29+00:00,9.36
2024-05-02 03:10:15+00:00,9.28
2024-05-02 03:19:37+00:00,9.29
2024-05-02 03:30:29+00:00,9.25
2024-05-02 03:39:47+00:00,9.13
2024-05-02 08:00:48+00:00,9.46
2024-05-02 08:10:08+00:00,9.39
2024-05-02 08:19:27+00:00,9.37
2024-05-02 08:30:18+00:00,9.4
2024-05-03 00:59:54+00:00,9.34
2024-05-03 01:09:13+00:00,9.35
2024-05-03 01:20:05+00:00,9.36
2024-05-03 01:29:24+00:00,9.34
2024-05-03 05:19:21+00:00,9.22
2024-05-03 05:28:43+00:00,9.24
2024-05-03 05:39:40+00:00,9.23
2024-05-03 05:48:59+00:00,9.08
2024-05-03 16:19:47+00:00,9.5
2024-05-03 16:29:06+00:00,9.52
2024-05-03 16:39:57+00:00,9.45
2024-05-03 16:49:18+00:00,9.4
2024-05-04 06:10:14+00:00,9.28
2024-05-04 06:19:34+00:00,9.29
2024-05-04 06:30:26+00:00,9.33
2024-05-04 06:39:50+00:00,9.22
2024-05-05 01:30:33+00:00,9.41
2024-05-05 01:40:01+00:00,9.39
2024-05-05 01:49:20+00:00,9.41
2024-05-05 02:00:12+00:00,9.34
2024-05-05 15:30:08+00:00,9.72
2024-05-05 15:39:28+00:00,9.26
2024-05-05 15:50:21+00:00,9.31
2024-05-05 15:59:44+00:00,9.35
2024-05-06 04:40:09+00:00,9.7
2024-05-06 04:49:29+00:00,9.2
2024-05-06 05:00:22+00:00,9.28
2024-05-06 05:09:43+00:00,9.11
2024-05-06 05:19:04+00:00,9.14
2024-05-06 12:48:44+00:00,9.44
2024-05-06 12:59:36+00:00,9.46
2024-05-06 13:08:56+00:00,9.4
2024-05-06 13:19:50+00:00,9.35
2024-05-06 21:00:08+00:00,9.17
2024-05-06 21:09:32+00:00,9.27
2024-05-06 21:20:24+00:00,9.17
2024-05-06 21:29:45+00:00,9.25
2024-05-07 04:20:33+00:00,9.26
2024-05-07 04:29:52+00:00,9.31
2024-05-07 04:39:13+00:00,9.17
2024-05-07 04:50:12+00:00,9.19
2024-05-08 18:39:50+00:00,10.02
2024-05-08 18:49:16+00:00,9.29
2024-05-08 19:00:08+00:00,9.29
2024-05-08 19:09:27+00:00,9.29
2024-05-09 21:00:11+00:00,9.27
2024-05-09 21:09:43+00:00,9.27
2024-05-09 21:19:03+00:00,9.28
2024-05-09 21:29:56+00:00,9.37
2024-05-10 05:09:44+00:00,9.66
2024-05-10 05:19:08+00:00,9.14
2024-05-10 05:30:00+00:00,9.16
2024-05-10 05:39:20+00:00,9.07
2024-05-10 05:50:15+00:00,9.12
2024-05-10 13:10:30+00:00,9.24
2024-05-10 13:19:50+00:00,9.21
2024-05-10 13:29:10+00:00,9.24
2024-05-11 03:39:24+00:00,9.11
2024-05-11 03:50:15+00:00,9.17
2024-05-11 03:59:33+00:00,9.03
2024-05-11 04:10:26+00:00,9.04
2024-05-11 07:09:21+00:00,9.14
2024-05-11 07:20:13+00:00,9.21
2024-05-11 07:29:33+00:00,9.14
2024-05-11 07:40:27+00:00,9.1
2024-05-12 02:40:07+00:00,9.42
2024-05-12 02:49:26+00:00,9.33
2024-05-12 03:00:17+00:00,9.3
2024-05-12 03:09:36+00:00,9.25
2024-05-13 02:58:42+00:00,9.13
2024-05-13 03:09:34+00:00,9.04
2024-05-13 03:18:53+00:00,9.07
2024-05-13 03:29:44+00:00,9.01
2024-05-13 07:39:58+00:00,10.01
2024-05-14 03:30:35+00:00,9.48
2024-05-14 03:39:54+00:00,9.33
2024-05-14 03:49:13+00:00,9.18
2024-05-14 04:00:06+00:00,9.23
2024-05-14 04:09:25+00:00,9.09
2024-05-14 11:20:29+00:00,9.28
2024-05-14 11:29:54+00:00,9.22
2024-05-14 11:39:14+00:00,9.18
2024-05-14 11:50:12+00:00,9.17
2024-05-14 11:59:32+00:00,9.17
2024-05-14 19:59:31+00:00,9.24
2024-05-14 20:10:24+00:00,9.19
2024-05-14 20:19:44+00:00,9.17
2024-05-14 20:30:36+00:00,9.09
2024-05-15 04:10:24+00:00,9.24
2024-05-15 04:19:43+00:00,9.22
2024-05-15 04:29:03+00:00,9.04
2024-05-15 04:39:57+00:00,9.08
2024-05-16 00:59:54+00:00,9.26
2024-05-16 01:09:12+00:00,9.17
2024-05-16 01:20:06+00:00,9.24
2024-05-16 01:29:28+00:00,9.16
2024-05-17 02:08:33+00:00,9.64
2024-05-17 02:19:26+00:00,9.19
2024-05-17 02:28:44+00:00,9.22
2024-05-17 02:39:35+00:00,9.1
2024-05-17 02:48:54+00:00,9.12
2024-05-18 04:20:23+00:00,9.25
2024-05-18 04:29:43+00:00,9.3
2024-05-18 04:40:35+00:00,9.23
2024-05-18 04:49:54+00:00,9.18
2024-05-19 04:59:57+00:00,9.23
2024-05-19 05:09:17+00:00,9.15
2024-05-19 05:20:10+00:00,9.13
2024-05-19 05:29:30+00:00,9.12
2024-05-20 06:58:57+00:00,9.12
2024-05-20 07:09:51+00:00,9.03
2024-05-20 07:19:11+00:00,9.1
2024-05-20 07:28:31+00:00,8.92
2024-05-21 03:29:53+00:00,9.09
2024-05-21 03:39:14+00:00,9.03
2024-05-21 03:48:35+00:00,8.97
2024-05-21 03:59:28+00:00,8.99
2024-05-21 04:08:48+00:00,9.03
2024-05-22 04:59:10+00:00,9.27
2024-05-22 05:08:31+00:00,9.18
2024-05-22 05:19:24+00:00,9.2
2024-05-22 05:28:45+00:00,9.17
2024-05-23 04:19:10+00:00,9.13
2024-05-23 04:28:30+00:00,9.01
2024-05-23 04:39:23+00:00,8.99
2024-05-23 04:48:43+00:00,9.0
2024-05-23 11:00:24+00:00,9.53
2024-05-23 11:09:45+00:00,9.12
2024-05-23 11:19:07+00:00,9.06
2024-05-23 11:30:04+00:00,9.02
2024-05-23 11:39:25+00:00,9.17
2024-05-23 19:39:39+00:00,9.49
2024-05-23 19:50:33+00:00,9.1
2024-05-23 19:59:53+00:00,9.15
2024-05-23 20:09:13+00:00,9.14
2024-05-24 04:50:17+00:00,9.11
2024-05-24 04:59:38+00:00,8.96
2024-05-24 05:10:31+00:00,9.05
2024-05-24 05:19:52+00:00,8.96
2024-05-25 03:59:59+00:00,9.08
2024-05-25 04:09:19+00:00,9.08
2024-05-25 04:18:41+00:00,9.03
2024-05-25 04:29:35+00:00,8.95
2024-05-25 14:10:05+00:00,9.51
2024-05-25 14:19:27+00:00,9.05
2024-05-25 14:28:46+00:00,9.1
2024-05-25 14:39:38+00:00,9.08
2024-05-25 14:48:58+00:00,9.06
2024-05-26 17:38:44+00:00,9.2
2024-05-26 17:49:41+00:00,9.2
2024-05-26 17:59:07+00:00,9.18
2024-05-26 18:10:01+00:00,9.2
2024-05-27 13:40:02+00:00,9.07
2024-05-27 13:47:49+00:00,9.14
2024-05-27 14:00:27+00:00,9.03
2024-05-27 14:09:57+00:00,9.06
2024-05-28 06:00:19+00:00,9.16
2024-05-28 06:09:44+00:00,9.1
2024-05-28 06:19:11+00:00,9.0
2024-05-28 06:30:03+00:00,9.09
2024-05-28 06:39:23+00:00,8.93
2024-05-29 01:30:33+00:00,9.16
2024-05-29 01:39:55+00:00,9.08
2024-05-29 01:49:16+00:00,9.11
2024-05-29 08:39:12+00:00,9.14
2024-05-29 08:50:04+00:00,9.06
2024-05-29 08:59:26+00:00,9.08
2024-05-29 09:10:20+00:00,9.07
2024-05-30 03:39:21+00:00,9.12
2024-05-30 03:50:15+00:00,9.07
2024-05-30 03:59:38+00:00,9.14
2024-05-30 04:10:32+00:00,8.99
2024-05-30 04:19:55+00:00,9.03
2024-05-30 08:39:12+00:00,9.21
2024-05-30 08:50:05+00:00,9.06
2024-05-30 08:59:27+00:00,9.11
2024-05-30 09:10:20+00:00,9.1
2024-05-31 04:09:35+00:00,9.16
2024-05-31 04:20:32+00:00,9.04
2024-05-31 04:29:51+00:00,8.94
2024-05-31 04:39:11+00:00,9.04
2024-05-31 04:50:06+00:00,9.0
2024-05-31 15:40:07+00:00,9.2
2024-05-31 15:49:32+00:00,9.18
2024-05-31 16:00:30+00:00,9.13
2024-05-31 16:09:51+00:00,9.25
2024-06-01 05:49:27+00:00,9.51
2024-06-01 06:00:23+00:00,9.12
2024-06-01 06:09:47+00:00,9.03
2024-06-01 06:19:12+00:00,8.99
2024-06-01 06:30:06+00:00,8.96
2024-06-01 18:49:19+00:00,9.47
2024-06-01 19:00:14+00:00,9.03
2024-06-01 19:09:39+00:00,9.07
2024-06-01 19:19:04+00:00,9.07
2024-06-02 12:29:35+00:00,9.11
2024-06-02 12:40:27+00:00,8.99
2024-06-02 12:49:50+00:00,8.99
2024-06-02 12:59:09+00:00,9.04
2024-06-03 08:39:07+00:00,9.15
2024-06-03 08:50:00+00:00,9.18
2024-06-03 08:59:21+00:00,9.12
2024-06-03 09:10:14+00:00,9.09
2024-06-04 03:19:07+00:00,9.08
2024-06-04 03:30:03+00:00,9.14
2024-06-04 03:39:32+00:00,8.99
2024-06-04 03:50:30+00:00,9.0
2024-06-04 17:10:08+00:00,9.16
2024-06-04 17:19:30+00:00,9.16
2024-06-04 17:30:23+00:00,9.18
2024-06-04 17:39:48+00:00,9.05
2024-06-05 07:19:28+00:00,9.06
2024-06-05 07:30:25+00:00,9.13
2024-06-05 07:39:50+00:00,9.0
2024-06-05 07:49:14+00:00,9.04
2024-06-06 03:30:26+00:00,9.18
2024-06-06 03:39:49+00:00,9.13
2024-06-06 03:49:15+00:00,9.09
2024-06-06 04:00:13+00:00,8.99
2024-06-06 18:29:25+00:00,9.13
2024-06-06 18:40:30+00:00,9.02
2024-06-06 18:49:52+00:00,9.08
2024-06-06 18:59:19+00:00,9.11
2024-06-07 10:00:00+00:00,9.09
2024-06-07 10:09:29+00:00,9.01
2024-06-07 10:20:29+00:00,9.03
2024-06-07 10:29:52+00:00,9.04
2024-06-08 03:50:18+00:00,9.29
2024-06-08 03:59:41+00:00,9.05
2024-06-08 04:10:38+00:00,9.01
2024-06-08 04:20:04+00:00,9.11
2024-06-08 04:29:25+00:00,9.04
2024-06-08 19:59:20+00:00,9.01
2024-06-08 20:10:23+00:00,8.97
2024-06-08 20:19:48+00:00,8.98
2024-06-08 20:29:09+00:00,9.02
2024-06-09 13:00:21+00:00,9.12
2024-06-09 13:09:42+00:00,9.1
2024-06-09 13:19:09+00:00,9.03
2024-06-09 13:30:09+00:00,8.94
2024-06-09 13:39:34+00:00,9.0
2024-06-10 06:59:13+00:00,9.22
2024-06-10 07:10:09+00:00,9.09
2024-06-10 07:19:36+00:00,9.02
2024-06-10 07:30:31+00:00,9.09
2024-06-11 02:29:51+00:00,9.17
2024-06-11 02:39:11+00:00,9.22
2024-06-11 02:50:06+00:00,9.11
2024-06-11 02:59:28+00:00,9.05
2024-06-11 19:00:12+00:00,9.28
2024-06-11 19:09:40+00:00,9.16
2024-06-11 19:20:44+00:00,9.16
2024-06-11 19:30:16+00:00,9.21
2024-06-12 10:50:10+00:00,9.17
2024-06-12 10:59:30+00:00,9.16
2024-06-12 11:10:29+00:00,9.06
2024-06-12 11:19:56+00:00,9.19
2024-06-13 04:10:07+00:00,9.19
2024-06-13 04:19:29+00:00,9.1
2024-06-13 04:30:24+00:00,9.16
2024-06-13 04:39:45+00:00,9.0
2024-06-14 01:19:38+00:00,9.17
2024-06-14 01:30:37+00:00,9.07
2024-06-14 01:40:07+00:00,9.1
2024-06-14 01:49:29+00:00,9.09
2024-06-14 14:59:42+00:00,9.07
2024-06-14 15:10:45+00:00,9.1
2024-06-14 15:20:09+00:00,9.12
2024-06-14 15:29:32+00:00,9.08
2024-06-15 07:29:35+00:00,9.18
2024-06-15 07:40:36+00:00,9.22
2024-06-15 07:50:05+00:00,9.18
2024-06-15 07:59:34+00:00,9.15
2024-06-16 03:40:52+00:00,9.01
2024-06-16 03:50:21+00:00,9.07
2024-06-16 03:59:49+00:00,9.12
2024-06-16 04:10:52+00:00,9.09
2024-06-17 01:20:49+00:00,9.66
2024-06-17 01:30:11+00:00,9.17
2024-06-17 01:39:39+00:00,9.21
2024-06-17 01:50:43+00:00,9.11
2024-06-17 02:00:08+00:00,9.15
2024-06-17 22:50:24+00:00,9.06
2024-06-17 22:59:47+00:00,9.05
2024-06-17 23:10:49+00:00,9.04
2024-06-17 23:20:19+00:00,9.01
2024-06-18 14:20:08+00:00,9.1
2024-06-18 14:29:47+00:00,9.05
2024-06-18 14:40:50+00:00,9.09
2024-06-18 14:50:21+00:00,8.91
2024-06-19 06:59:48+00:00,9.19
2024-06-19 07:10:56+00:00,8.99
2024-06-19 07:20:26+00:00,8.99
2024-06-19 07:29:53+00:00,9.08
2024-06-20 04:09:48+00:00,9.1
2024-06-20 04:20:53+00:00,9.08
2024-06-20 04:30:17+00:00,9.03
2024-06-20 04:39:44+00:00,8.91
2024-06-21 01:50:31+00:00,9.11
2024-06-21 01:59:53+00:00,9.18
2024-06-21 02:10:48+00:00,9.09
2024-06-21 02:20:10+00:00,9.1
2024-06-21 18:09:53+00:00,9.04
2024-06-21 18:20:52+00:00,9.05
2024-06-21 18:30:13+00:00,9.03
2024-06-21 18:39:35+00:00,8.96
2024-06-22 10:40:25+00:00,9.35
2024-06-22 10:49:47+00:00,9.08
2024-06-22 11:00:43+00:00,9.15
2024-06-22 11:10:05+00:00,9.05
2024-06-23 07:09:49+00:00,9.01
2024-06-23 07:20:44+00:00,8.99
2024-06-23 07:30:08+00:00,8.92
2024-06-23 07:41:04+00:00,8.88
2024-06-24 03:49:31+00:00,9.04
2024-06-24 04:00:26+00:00,9.04
2024-06-24 04:09:48+00:00,9.01
2024-06-24 04:20:46+00:00,8.89
2024-06-24 23:10:37+00:00,9.18
2024-06-24 23:19:59+00:00,9.02
2024-06-24 23:30:52+00:00,9.07
2024-06-24 23:40:13+00:00,9.01
2024-06-25 13:20:52+00:00,9.11
2024-06-25 13:30:13+00:00,9.2
2024-06-25 13:39:33+00:00,9.15
2024-06-25 13:50:27+00:00,9.09
2024-06-28 11:50:00+00:00,9.1
2024-06-28 12:00:58+00:00,9.09
2024-06-28 12:10:23+00:00,9.06
2024-06-28 12:19:46+00:00,9.08
2024-06-29 04:29:33+00:00,9.15
2024-06-29 04:40:25+00:00,9.14
2024-06-29 04:49:46+00:00,9.16
2024-06-29 05:00:40+00:00,9.04
2024-06-29 17:59:00+00:00,9.3
2024-06-29 18:10:03+00:00,9.23
2024-06-29 18:20:58+00:00,9.12
2024-06-30 08:59:59+00:00,9.22
2024-06-30 09:10:53+00:00,9.1
2024-06-30 09:20:14+00:00,9.09
2024-06-30 09:29:35+00:00,9.11
2024-07-01 02:30:17+00:00,9.46
2024-07-01 02:39:38+00:00,9.01
2024-07-01 02:50:33+00:00,9.0
2024-07-01 02:59:54+00:00,9.0
2024-07-01 03:10:51+00:00,8.95
2024-07-01 06:00:43+00:00,8.93
2024-07-01 16:00:26+00:00,9.18
2024-07-01 16:09:49+00:00,9.19
2024-07-01 16:20:42+00:00,9.17
2024-07-01 16:30:03+00:00,9.24
2024-07-02 08:39:06+00:00,9.27
2024-07-02 08:50:01+00:00,9.25
2024-07-02 08:59:24+00:00,9.24
2024-07-02 09:10:20+00:00,9.23
2024-07-02 09:19:44+00:00,9.15
2024-07-02 09:29:10+00:00,9.23
2024-07-02 11:10:55+00:00,9.18
2024-07-02 11:20:18+00:00,9.12
2024-07-02 11:29:38+00:00,9.15
2024-07-02 11:40:37+00:00,9.11
2024-07-02 11:49:59+00:00,9.03
2024-07-02 12:00:53+00:00,9.04
2024-07-02 12:10:16+00:00,9.09
2024-07-02 16:30:02+00:00,9.15
2024-07-02 16:39:23+00:00,9.08
2024-07-02 16:50:18+00:00,9.06
2024-07-02 16:59:38+00:00,9.13
2024-07-03 01:20:03+00:00,9.06
2024-07-03 01:29:23+00:00,8.97
2024-07-03 01:40:17+00:00,9.01
2024-07-03 01:49:38+00:00,8.96
2024-07-03 01:58:58+00:00,8.97
2024-07-03 07:29:41+00:00,9.53
2024-07-03 07:39:02+00:00,9.0
2024-07-03 07:49:56+00:00,8.98
2024-07-03 07:59:20+00:00,9.0
2024-07-03 08:10:14+00:00,9.02
2024-07-03 14:29:25+00:00,9.12
2024-07-03 14:40:19+00:00,8.96
2024-07-03 14:49:41+00:00,8.98
2024-07-03 14:59:02+00:00,8.95
2024-07-03 23:10:37+00:00,9.35
2024-07-03 23:19:58+00:00,9.24
2024-07-03 23:30:57+00:00,9.28
2024-07-03 23:40:17+00:00,9.25
2024-07-04 06:59:28+00:00,9.22
2024-07-04 07:10:24+00:00,9.15
2024-07-04 07:18:11+00:00,9.09
2024-07-04 07:30:43+00:00,9.08
2024-07-05 02:50:35+00:00,9.13
2024-07-05 02:59:59+00:00,9.06
2024-07-05 03:10:57+00:00,9.08
2024-07-05 03:20:18+00:00,9.01
2024-07-05 15:29:56+00:00,9.24
2024-07-05 15:40:51+00:00,9.23
2024-07-05 15:50:13+00:00,9.26
2024-07-05 15:59:35+00:00,9.2
2024-07-06 10:20:40+00:00,9.21
2024-07-06 10:30:04+00:00,9.18
2024-07-06 10:40:59+00:00,9.19
2024-07-06 10:50:21+00:00,9.11
2024-07-07 07:40:29+00:00,9.32
2024-07-07 07:49:51+00:00,9.26
2024-07-07 08:00:46+00:00,9.16
2024-07-07 08:10:08+00:00,9.18
2024-07-08 02:40:20+00:00,9.15
2024-07-08 02:49:42+00:00,9.16
2024-07-08 03:00:38+00:00,9.12
2024-07-08 03:10:03+00:00,9.14
2024-07-08 03:20:58+00:00,9.13
2024-07-08 15:10:44+00:00,9.24
2024-07-08 15:20:06+00:00,9.18
2024-07-08 15:29:27+00:00,9.15
2024-07-08 15:40:23+00:00,9.25
2024-07-09 08:40:54+00:00,9.18
2024-07-09 08:50:15+00:00,9.09
2024-07-09 08:59:37+00:00,9.28
2024-07-09 09:10:32+00:00,9.12
2024-07-09 10:50:20+00:00,9.41
2024-07-09 10:59:42+00:00,9.25
2024-07-09 11:10:40+00:00,9.21
2024-07-10 03:19:02+00:00,9.22
2024-07-10 03:29:58+00:00,9.24
2024-07-10 03:39:19+00:00,9.15
2024-07-10 15:30:21+00:00,9.23
2024-07-10 15:39:43+00:00,9.13
2024-07-10 15:50:39+00:00,9.2
2024-07-10 16:00:05+00:00,9.1
2024-07-11 06:50:43+00:00,9.21
2024-07-11 07:00:08+00:00,9.24
2024-07-11 07:09:31+00:00,9.2
2024-07-11 07:20:30+00:00,9.13
2024-07-12 01:00:09+00:00,9.28
2024-07-12 01:11:04+00:00,9.28
2024-07-12 01:20:27+00:00,9.25
2024-07-12 01:29:48+00:00,9.24
2024-07-12 12:10:41+00:00,9.23
2024-07-12 12:20:04+00:00,9.22
2024-07-12 12:31:00+00:00,9.16
2024-07-13 04:00:15+00:00,7.34
2024-07-13 04:09:37+00:00,9.16
2024-07-13 04:20:34+00:00,9.23
2024-07-13 04:29:56+00:00,9.09
2024-07-13 17:00:24+00:00,9.3
2024-07-13 17:09:47+00:00,9.2
2024-07-13 17:20:42+00:00,9.11
2024-07-13 17:30:06+00:00,9.13
2024-07-14 10:40:14+00:00,9.22
2024-07-14 10:49:38+00:00,9.07
2024-07-14 11:00:34+00:00,9.16
2024-07-14 11:09:58+00:00,9.07
2024-07-15 09:40:26+00:00,9.28
2024-07-15 09:49:48+00:00,9.3
2024-07-15 10:00:44+00:00,9.14
2024-07-15 10:10:06+00:00,9.15
2024-07-15 10:21:06+00:00,9.19
2024-07-16 03:29:32+00:00,9.18
2024-07-16 03:40:28+00:00,9.08
2024-07-16 03:49:51+00:00,9.1
2024-07-16 04:00:48+00:00,9.05
2024-07-16 13:09:35+00:00,9.25
2024-07-16 13:20:34+00:00,9.3
2024-07-16 13:30:00+00:00,9.17
2024-07-17 08:21:05+00:00,9.31
2024-07-17 08:30:27+00:00,9.15
2024-07-17 08:39:50+00:00,9.19
2024-07-17 08:50:46+00:00,9.07
2024-07-18 03:09:30+00:00,9.1
2024-07-18 03:20:26+00:00,9.07
2024-07-18 03:29:52+00:00,9.1
2024-07-18 03:40:48+00:00,8.92
2024-07-18 16:30:53+00:00,9.25
2024-07-18 16:40:15+00:00,9.21
2024-07-18 16:49:38+00:00,9.15
2024-07-18 17:00:36+00:00,9.21
2024-07-19 11:59:28+00:00,9.13
2024-07-19 12:10:25+00:00,9.05
2024-07-19 12:19:50+00:00,9.1
2024-07-19 12:33:54+00:00,9.07
2024-07-20 04:49:50+00:00,9.72
2024-07-20 05:00:46+00:00,9.23
2024-07-20 05:10:10+00:00,9.19
2024-07-20 05:19:32+00:00,9.2
2024-07-20 05:30:28+00:00,9.2
2024-07-21 00:59:43+00:00,9.6
2024-07-21 01:10:40+00:00,9.18
2024-07-21 01:20:03+00:00,9.13
2024-07-21 01:30:59+00:00,9.03
2024-07-21 14:30:08+00:00,9.37
2024-07-21 14:39:32+00:00,9.19
2024-07-21 14:50:30+00:00,9.22
2024-07-22 10:30:05+00:00,9.28
2024-07-22 10:39:30+00:00,9.33
2024-07-22 10:50:27+00:00,9.31
2024-07-22 10:59:51+00:00,9.23
2024-07-23 03:30:01+00:00,9.14
2024-07-23 03:39:25+00:00,9.16
2024-07-23 03:50:22+00:00,8.99
2024-07-23 03:59:45+00:00,9.01
2024-07-23 16:00:21+00:00,9.29
2024-07-23 16:09:43+00:00,9.23
2024-07-23 16:19:06+00:00,9.17
2024-07-23 16:30:03+00:00,9.11
2024-07-24 08:30:23+00:00,9.25
2024-07-24 08:39:46+00:00,9.19
2024-07-24 08:49:09+00:00,9.23
2024-07-24 09:00:06+00:00,9.26
2024-07-25 02:49:14+00:00,9.2
2024-07-25 03:00:13+00:00,9.1
2024-07-25 03:09:36+00:00,9.11
2024-07-25 03:18:58+00:00,9.15
2024-07-25 16:19:56+00:00,9.3
2024-07-25 16:30:55+00:00,9.35
2024-07-25 16:40:24+00:00,9.26
2024-07-25 16:49:47+00:00,9.34
2024-07-26 07:00:00+00:00,9.16
2024-07-26 07:09:25+00:00,9.05
2024-07-26 07:20:22+00:00,9.12
2024-07-27 03:20:18+00:00,9.17
2024-07-27 03:29:41+00:00,9.05
2024-07-27 03:40:37+00:00,9.07
2024-07-27 03:50:04+00:00,9.08
2024-07-27 16:59:53+00:00,9.4
2024-07-27 17:10:52+00:00,9.36
2024-07-27 17:20:15+00:00,9.23
2024-07-27 17:29:38+00:00,9.24
2024-07-28 06:59:36+00:00,9.39
2024-07-28 07:10:32+00:00,9.08
2024-07-28 07:19:55+00:00,9.01
2024-07-28 07:30:52+00:00,9.02
2024-07-28 07:40:15+00:00,8.98
2024-07-29 01:59:41+00:00,9.14
2024-07-29 02:10:37+00:00,9.09
2024-07-29 02:20:00+00:00,9.13
2024-07-29 02:30:57+00:00,9.03
2024-07-29 12:00:06+00:00,9.27
2024-07-29 12:11:03+00:00,9.19
2024-07-29 12:20:26+00:00,9.16
2024-07-29 12:29:54+00:00,9.26
2024-07-30 02:19:55+00:00,9.26
2024-07-30 02:30:55+00:00,9.11
2024-07-30 02:40:19+00:00,9.19
2024-07-30 02:49:42+00:00,9.23
2024-07-30 13:39:48+00:00,9.02
2024-07-30 13:50:45+00:00,9.04
2024-07-30 14:00:11+00:00,9.09
2024-07-30 14:09:34+00:00,9.04
2024-07-31 05:10:12+00:00,9.29
2024-07-31 05:19:42+00:00,9.22
2024-07-31 05:30:42+00:00,9.15
2024-07-31 05:40:08+00:00,9.23
2024-07-31 05:49:31+00:00,9.2
2024-07-31 13:10:53+00:00,9.25
2024-07-31 13:20:17+00:00,9.25
2024-07-31 13:29:42+00:00,9.33
2024-07-31 13:40:48+00:00,9.1
2024-07-31 20:30:17+00:00,9.33
2024-07-31 20:39:42+00:00,9.31
2024-07-31 20:50:39+00:00,9.24
2024-07-31 21:00:03+00:00,9.25
2024-08-01 03:20:32+00:00,9.21
2024-08-01 03:29:55+00:00,9.1
2024-08-01 03:40:56+00:00,9.04
2024-08-01 03:50:21+00:00,9.02
2024-08-01 03:59:44+00:00,9.14
2024-08-01 09:10:49+00:00,9.17
2024-08-01 09:20:12+00:00,9.2
2024-08-01 09:29:39+00:00,9.18
2024-08-01 09:40:37+00:00,9.12
2024-08-01 15:10:11+00:00,9.1
2024-08-01 15:19:37+00:00,9.1
2024-08-01 15:30:37+00:00,9.09
2024-08-01 15:40:00+00:00,9.06
2024-08-01 22:59:49+00:00,9.33
2024-08-01 23:10:49+00:00,9.23
2024-08-01 23:20:12+00:00,9.22
2024-08-01 23:31:10+00:00,9.27
2024-08-02 04:50:52+00:00,9.15
2024-08-02 05:00:17+00:00,9.07
2024-08-02 05:09:45+00:00,9.07
2024-08-02 05:20:42+00:00,8.95
2024-08-02 05:30:08+00:00,9.04
2024-08-02 11:30:39+00:00,9.11
2024-08-02 11:40:03+00:00,8.97
2024-08-02 11:51:00+00:00,9.01
2024-08-02 12:00:37+00:00,8.93
2024-08-02 12:10:00+00:00,8.89
2024-08-02 16:59:31+00:00,9.48
2024-08-02 17:10:32+00:00,9.16
2024-08-02 17:19:55+00:00,9.01
2024-08-02 17:30:54+00:00,9.05
2024-08-03 01:20:53+00:00,10.43
2024-08-03 01:30:21+00:00,9.18
2024-08-03 01:39:44+00:00,9.07
2024-08-03 01:50:40+00:00,9.08
2024-08-03 02:00:04+00:00,9.08
2024-08-03 07:00:00+00:00,9.09
2024-08-03 07:59:03+00:00,8.96
2024-08-03 11:00:13+00:00,8.95
2024-08-03 11:09:39+00:00,8.93
2024-08-03 17:59:26+00:00,9.16
2024-08-03 18:10:26+00:00,9.22
2024-08-03 18:19:52+00:00,9.05
2024-08-03 18:29:14+00:00,9.12
2024-08-04 02:59:50+00:00,9.06
2024-08-04 03:09:13+00:00,9.06
2024-08-04 03:20:13+00:00,9.03
2024-08-04 03:29:35+00:00,9.1
2024-08-04 03:38:57+00:00,9.05
2024-08-04 08:30:10+00:00,9.11
2024-08-04 08:39:33+00:00,9.05
2024-08-04 08:49:02+00:00,9.01
2024-08-04 09:00:00+00:00,9.05
2024-08-04 15:30:00+00:00,9.26
2024-08-04 15:39:23+00:00,9.13
2024-08-04 15:50:19+00:00,9.13
2024-08-04 15:59:46+00:00,9.23
2024-08-05 00:19:25+00:00,9.04
2024-08-05 00:30:21+00:00,9.11
2024-08-05 00:39:45+00:00,8.98
2024-08-05 00:49:07+00:00,8.89
2024-08-05 08:40:12+00:00,9.63
2024-08-05 08:49:35+00:00,9.07
2024-08-05 09:00:34+00:00,9.08
2024-08-05 09:10:00+00:00,9.02
2024-08-06 02:49:40+00:00,9.19
2024-08-06 03:00:36+00:00,9.22
2024-08-06 03:10:00+00:00,9.1
2024-08-06 03:20:59+00:00,9.14
2024-08-06 15:30:42+00:00,9.12
2024-08-06 15:40:06+00:00,9.16
2024-08-06 16:00:16+00:00,9.08
2024-08-07 08:30:33+00:00,9.22
2024-08-07 08:39:59+00:00,9.12
2024-08-07 08:50:58+00:00,9.09
2024-08-07 09:00:22+00:00,9.15
2024-08-08 22:09:51+00:00,9.76
2024-08-08 22:20:48+00:00,9.25
2024-08-08 22:30:15+00:00,9.3
2024-08-08 22:39:39+00:00,9.27
2024-08-09 10:10:20+00:00,9.58
2024-08-09 10:19:47+00:00,9.2
2024-08-09 10:30:44+00:00,9.27
2024-08-09 10:40:07+00:00,9.05
2024-08-10 03:10:50+00:00,9.16
2024-08-10 03:20:15+00:00,9.16
2024-08-10 03:29:37+00:00,9.02
2024-08-10 03:40:36+00:00,9.1
2024-08-10 13:19:24+00:00,9.07
2024-08-10 13:30:21+00:00,8.99
2024-08-10 13:39:49+00:00,9.02
2024-08-11 05:09:35+00:00,9.14
2024-08-11 05:20:32+00:00,9.05
2024-08-11 05:29:59+00:00,9.05
2024-08-11 05:41:03+00:00,8.93
2024-08-11 18:20:19+00:00,9.17
2024-08-11 18:29:42+00:00,9.21
2024-08-11 18:40:39+00:00,9.2
2024-08-11 18:50:04+00:00,9.14
2024-08-12 08:10:17+00:00,9.21
2024-08-12 08:19:40+00:00,9.13
2024-08-12 08:29:03+00:00,9.23
2024-08-12 08:40:10+00:00,9.17
2024-08-13 01:09:56+00:00,9.57
2024-08-13 01:20:55+00:00,9.11
2024-08-13 01:30:19+00:00,9.08
2024-08-13 01:39:42+00:00,9.01
2024-08-13 01:50:38+00:00,8.62
2024-08-13 10:50:17+00:00,9.18
2024-08-13 10:59:41+00:00,9.18
2024-08-13 11:10:42+00:00,9.16
2024-08-13 11:20:08+00:00,9.09
2024-08-14 14:50:02+00:00,9.24
2024-08-14 15:00:59+00:00,9.08
2024-08-14 15:10:25+00:00,9.18
2024-08-14 15:19:48+00:00,9.04
2024-08-15 06:29:36+00:00,9.12
2024-08-15 06:40:34+00:00,9.08
2024-08-15 06:50:05+00:00,9.05
2024-08-15 07:01:06+00:00,9.03
2024-08-15 15:29:57+00:00,9.08
2024-08-15 15:40:56+00:00,9.05
2024-08-15 15:50:23+00:00,9.07
2024-08-15 15:59:46+00:00,9.11
2024-08-16 08:49:46+00:00,9.12
2024-08-16 09:00:47+00:00,9.16
2024-08-16 09:10:15+00:00,9.12
2024-08-16 09:19:38+00:00,9.14
2024-08-17 03:00:28+00:00,9.27
2024-08-17 03:09:51+00:00,9.18
2024-08-17 03:20:48+00:00,9.19
2024-08-17 03:30:12+00:00,9.17
2024-08-17 12:50:51+00:00,9.23
2024-08-17 13:00:18+00:00,9.11
2024-08-17 13:09:43+00:00,9.12
2024-08-17 13:20:50+00:00,9.03
2024-08-18 05:00:52+00:00,9.04
2024-08-18 05:10:31+00:00,9.06
2024-08-18 05:20:07+00:00,9.04
2024-08-18 05:31:04+00:00,9.01
2024-08-19 02:09:56+00:00,9.26
2024-08-19 02:20:53+00:00,9.08
2024-08-19 02:30:16+00:00,9.06
2024-08-19 02:39:39+00:00,9.09
2024-08-19 16:50:35+00:00,9.16
2024-08-19 17:00:06+00:00,9.16
2024-08-19 17:09:32+00:00,9.17
2024-08-19 17:20:31+00:00,9.12
2024-08-20 08:49:55+00:00,9.17
2024-08-20 09:00:52+00:00,9.13
2024-08-20 09:10:17+00:00,9.09
2024-08-20 09:19:44+00:00,8.91
2024-08-21 02:09:37+00:00,9.23
2024-08-21 02:20:34+00:00,9.25
2024-08-21 02:30:00+00:00,9.17
2024-08-21 02:40:57+00:00,9.12
2024-08-21 14:19:48+00:00,9.14
2024-08-21 14:30:46+00:00,9.16
2024-08-21 14:38:46+00:00,9.06
2024-08-21 14:50:04+00:00,9.02
2024-08-22 07:10:40+00:00,8.95
2024-08-22 07:20:04+00:00,8.98
2024-08-22 07:31:02+00:00,8.98
2024-08-22 07:40:34+00:00,8.97
2024-08-23 00:50:16+00:00,9.03
2024-08-23 00:59:41+00:00,9.05
2024-08-23 01:09:05+00:00,9.07
2024-08-23 10:49:57+00:00,9.56
2024-08-23 11:00:56+00:00,9.2
2024-08-23 11:10:22+00:00,9.13
2024-08-23 11:18:12+00:00,9.21
2024-08-24 03:10:22+00:00,9.12
2024-08-24 03:20:05+00:00,9.11
2024-08-24 03:31:02+00:00,8.94
2024-08-24 03:40:26+00:00,8.96
2024-08-24 15:58:50+00:00,9.1
2024-08-24 16:09:56+00:00,9.09
2024-08-24 16:20:54+00:00,9.1
2024-08-24 16:30:19+00:00,9.09
2024-08-25 11:30:31+00:00,9.1
2024-08-25 11:39:55+00:00,9.04
2024-08-25 11:50:53+00:00,9.01
2024-08-25 12:00:23+00:00,9.02
2024-08-26 17:50:49+00:00,9.21
2024-08-26 18:00:13+00:00,8.97
2024-08-26 18:09:39+00:00,9.11
2024-08-26 18:20:42+00:00,9.12
2024-08-27 10:00:16+00:00,9.12
2024-08-27 10:09:45+00:00,9.08
2024-08-27 10:20:45+00:00,9.02
2024-08-28 14:40:07+00:00,9.12
2024-08-28 14:49:53+00:00,9.05
2024-08-28 14:59:22+00:00,9.04
2024-08-28 15:10:35+00:00,9.07
2024-08-29 06:51:00+00:00,9.1
2024-08-29 07:00:24+00:00,9.05
2024-08-29 07:10:00+00:00,9.15
2024-08-29 07:19:27+00:00,9.07
2024-08-30 02:00:58+00:00,9.14
2024-08-30 02:10:22+00:00,9.07
2024-08-30 02:19:46+00:00,9.17
2024-08-30 02:22:54+00:00,9.15
2024-08-30 14:59:56+00:00,9.12
2024-08-30 15:10:56+00:00,9.2
2024-08-30 15:20:20+00:00,9.2
2024-08-30 15:29:52+00:00,9.14
2024-08-31 07:10:39+00:00,9.14
2024-08-31 07:20:06+00:00,9.06
2024-08-31 07:29:31+00:00,9.17
2024-08-31 21:00:22+00:00,9.13
2024-08-31 21:09:48+00:00,9.2
2024-08-31 21:20:46+00:00,9.15
2024-08-31 21:30:10+00:00,9.07
2024-09-01 14:30:10+00:00,9.27
2024-09-01 14:39:34+00:00,9.27
2024-09-01 14:50:33+00:00,9.09
2024-09-01 14:59:59+00:00,9.12
2024-09-02 08:40:41+00:00,9.18
2024-09-02 08:50:09+00:00,9.11
2024-09-02 08:59:40+00:00,9.14
2024-09-02 09:10:40+00:00,9.07
2024-09-03 03:10:04+00:00,8.98
2024-09-03 03:21:02+00:00,9.03
2024-09-03 03:30:27+00:00,8.97
2024-09-03 03:39:55+00:00,8.83
2024-09-03 16:20:43+00:00,9.19
2024-09-03 16:30:08+00:00,9.18
2024-09-03 16:39:33+00:00,9.13
2024-09-03 16:50:32+00:00,9.11
2024-09-04 07:20:47+00:00,9.17
2024-09-04 07:30:12+00:00,9.27
2024-09-04 07:39:37+00:00,9.26
2024-09-04 07:50:37+00:00,9.11
2024-09-05 01:00:35+00:00,9.05
2024-09-05 01:10:00+00:00,9.01
2024-09-05 01:20:58+00:00,9.02
2024-09-05 01:30:25+00:00,9.07
2024-09-05 11:30:50+00:00,9.22
2024-09-05 11:40:17+00:00,9.22
2024-09-05 11:49:43+00:00,9.08
2024-09-05 12:00:41+00:00,9.1
2024-09-06 03:10:37+00:00,9.06
2024-09-06 03:20:02+00:00,8.94
2024-09-06 03:31:00+00:00,9.0
2024-09-06 03:40:23+00:00,8.9
2024-09-06 14:20:06+00:00,9.48
2024-09-06 14:29:29+00:00,9.07
2024-09-06 14:40:27+00:00,8.98
2024-09-06 14:49:54+00:00,9.01
2024-09-07 07:10:39+00:00,8.94
2024-09-07 07:20:01+00:00,8.78
2024-09-07 07:30:58+00:00,8.87
2024-09-07 11:00:51+00:00,8.91
2024-09-07 11:10:14+00:00,8.88
2024-09-08 04:50:58+00:00,9.21
2024-09-08 05:00:21+00:00,9.21
2024-09-08 05:09:46+00:00,9.19
2024-09-08 20:50:09+00:00,9.11
2024-09-08 20:59:32+00:00,9.22
2024-09-08 21:10:30+00:00,9.09
2024-09-08 21:19:54+00:00,9.04
2024-09-09 09:20:35+00:00,9.17
2024-09-09 09:29:59+00:00,9.19
2024-09-09 09:40:56+00:00,9.14
2024-09-09 09:50:20+00:00,9.11
2024-09-10 02:00:26+00:00,9.17
2024-09-10 02:09:50+00:00,9.17
2024-09-10 02:20:47+00:00,9.11
2024-09-10 02:30:11+00:00,9.14
2024-09-10 13:39:35+00:00,9.1
2024-09-10 13:50:34+00:00,9.09
2024-09-10 13:59:59+00:00,9.09
2024-09-10 14:10:56+00:00,8.94
2024-09-11 04:10:00+00:00,9.08
2024-09-11 04:21:01+00:00,9.02
2024-09-11 04:30:26+00:00,9.06
2024-09-11 04:39:51+00:00,8.98
2024-09-11 17:20:06+00:00,9.4
2024-09-11 17:31:03+00:00,9.22
2024-09-11 17:40:26+00:00,9.08
2024-09-11 17:49:48+00:00,9.13
2024-09-12 07:09:09+00:00,9.11
2024-09-12 07:20:07+00:00,9.06
2024-09-12 07:29:31+00:00,8.97
2024-09-12 07:38:54+00:00,9.14
2024-09-13 01:10:25+00:00,9.08
2024-09-13 01:19:50+00:00,9.07
2024-09-13 01:30:47+00:00,9.03
2024-09-13 01:40:11+00:00,8.92
2024-09-13 12:39:31+00:00,9.05
2024-09-13 12:50:30+00:00,9.15
2024-09-13 12:59:54+00:00,9.07
2024-09-13 13:10:54+00:00,9.18
2024-09-14 04:09:49+00:00,9.02
2024-09-14 04:20:47+00:00,9.04
2024-09-14 04:30:11+00:00,9.01
2024-09-14 04:39:35+00:00,8.98
2024-09-14 16:09:38+00:00,9.11
2024-09-14 16:20:36+00:00,9.1
2024-09-14 16:30:01+00:00,9.06
2024-09-14 16:40:58+00:00,9.03
2024-09-15 08:40:51+00:00,9.1
2024-09-15 08:50:15+00:00,8.97
2024-09-15 08:59:39+00:00,9.07
2024-09-15 09:10:37+00:00,8.94
2024-09-16 02:20:31+00:00,9.14
2024-09-16 02:29:59+00:00,9.07
2024-09-16 02:40:56+00:00,9.15
2024-09-16 02:50:20+00:00,9.0
2024-09-16 13:59:57+00:00,9.11
2024-09-16 14:10:55+00:00,9.04
2024-09-16 14:20:19+00:00,9.02
2024-09-16 14:29:43+00:00,8.93
2024-09-17 04:20:07+00:00,8.95
2024-09-17 04:29:32+00:00,8.98
2024-09-17 04:40:29+00:00,8.96
2024-09-17 04:49:54+00:00,8.96
2024-09-17 10:19:39+00:00,9.09
2024-09-17 10:30:45+00:00,9.03
2024-09-17 10:40:09+00:00,9.06
2024-09-17 10:49:34+00:00,8.97
2024-09-17 16:30:00+00:00,9.28
2024-09-17 16:40:59+00:00,9.13
2024-09-17 16:50:23+00:00,9.07
2024-09-17 16:59:47+00:00,9.16
2024-09-18 00:10:52+00:00,9.09
2024-09-18 00:20:17+00:00,9.05
2024-09-18 00:29:40+00:00,9.05
2024-09-18 00:40:39+00:00,9.05
2024-09-18 00:50:02+00:00,8.95
2024-09-18 05:10:38+00:00,9.01
2024-09-18 05:20:29+00:00,8.84
2024-09-18 05:30:23+00:00,8.85
2024-09-18 05:40:37+00:00,8.82
2024-09-18 05:50:03+00:00,8.78
2024-09-18 12:00:26+00:00,9.06
2024-09-18 12:09:59+00:00,8.98
2024-09-18 12:21:00+00:00,8.89
2024-09-18 12:30:24+00:00,8.98
2024-09-18 12:39:48+00:00,8.91
2024-09-18 18:29:50+00:00,8.95
2024-09-18 18:40:48+00:00,8.93
2024-09-18 18:50:13+00:00,8.93
2024-09-18 18:59:37+00:00,8.88
2024-09-19 01:50:38+00:00,9.0
2024-09-19 02:00:03+00:00,8.98
2024-09-19 02:11:02+00:00,9.06
2024-09-19 02:20:28+00:00,9.05
2024-09-19 02:29:52+00:00,9.05
2024-09-19 05:39:50+00:00,9.05
2024-09-19 05:50:48+00:00,8.99
2024-09-19 06:00:16+00:00,9.0
2024-09-19 06:09:40+00:00,8.97
2024-09-19 10:10:48+00:00,9.04
2024-09-19 10:20:26+00:00,9.09
2024-09-19 10:29:59+00:00,8.89
2024-09-19 10:39:38+00:00,8.96
2024-09-19 15:30:23+00:00,9.36
2024-09-19 15:39:49+00:00,9.05
2024-09-19 15:50:47+00:00,9.0
2024-09-19 16:00:15+00:00,9.02
2024-09-19 16:09:40+00:00,8.98
2024-09-19 23:20:25+00:00,8.99
2024-09-19 23:29:53+00:00,8.92
2024-09-19 23:40:55+00:00,8.82
2024-09-19 23:50:20+00:00,8.85
2024-09-20 04:29:42+00:00,9.24
2024-09-20 04:40:41+00:00,8.91
2024-09-20 04:50:06+00:00,8.93
2024-09-20 04:59:31+00:00,8.86
2024-09-20 05:10:30+00:00,8.88
2024-09-20 10:30:42+00:00,9.37
2024-09-20 10:40:07+00:00,9.02
2024-09-20 10:49:30+00:00,9.03
2024-09-20 11:00:29+00:00,8.99
2024-09-20 11:09:54+00:00,8.98
2024-09-20 16:30:22+00:00,8.98
2024-09-20 16:39:47+00:00,8.97
2024-09-20 16:50:46+00:00,9.07
2024-09-20 17:00:10+00:00,8.93
2024-09-21 00:50:39+00:00,9.08
2024-09-21 01:00:04+00:00,8.95
2024-09-21 01:11:02+00:00,8.86
2024-09-21 01:20:26+00:00,8.85
2024-09-21 01:29:50+00:00,8.9
2024-09-21 05:40:52+00:00,9.56
2024-09-21 05:50:16+00:00,9.06
2024-09-21 05:59:39+00:00,9.08
2024-09-21 06:10:37+00:00,9.08
2024-09-21 06:20:02+00:00,9.06
2024-09-21 11:30:40+00:00,8.39
2024-09-21 11:40:07+00:00,9.16
2024-09-21 11:49:31+00:00,9.04
2024-09-21 12:00:30+00:00,9.07
2024-09-21 12:09:54+00:00,8.99
2024-09-21 17:40:40+00:00,9.0
2024-09-21 17:50:06+00:00,8.91
2024-09-21 18:01:04+00:00,8.94
2024-09-21 18:10:27+00:00,8.93
2024-09-22 01:40:13+00:00,8.85
2024-09-22 01:49:37+00:00,8.83
2024-09-22 02:00:36+00:00,8.85
2024-09-22 02:10:00+00:00,8.85
2024-09-22 07:10:55+00:00,8.97
2024-09-22 07:20:19+00:00,9.03
2024-09-22 07:29:43+00:00,8.96
2024-09-22 07:40:42+00:00,8.97
2024-09-22 13:00:58+00:00,9.11
2024-09-22 13:10:25+00:00,9.1
2024-09-22 13:19:50+00:00,9.11
2024-09-22 13:30:52+00:00,9.1
2024-09-22 19:40:47+00:00,8.95
2024-09-22 19:50:12+00:00,8.99
2024-09-22 20:01:10+00:00,8.88
2024-09-22 20:10:33+00:00,8.9
2024-09-23 02:39:59+00:00,9.11
2024-09-23 02:50:57+00:00,8.86
2024-09-23 03:00:21+00:00,8.79
2024-09-23 03:09:45+00:00,8.81
2024-09-23 03:20:43+00:00,8.88
2024-09-23 05:40:13+00:00,9.02
2024-09-23 05:49:36+00:00,8.96
2024-09-23 06:00:34+00:00,8.96
2024-09-23 12:49:54+00:00,9.12
2024-09-23 12:59:18+00:00,9.09
2024-09-23 13:10:16+00:00,9.16
2024-09-23 13:19:41+00:00,9.0
2024-09-23 13:29:07+00:00,8.97
2024-09-23 20:20:50+00:00,9.01
2024-09-23 20:30:16+00:00,8.97
2024-09-23 20:39:42+00:00,8.98
2024-09-23 20:50:42+00:00,8.9
2024-09-24 03:00:56+00:00,9.03
2024-09-24 03:10:21+00:00,8.92
2024-09-24 03:19:46+00:00,9.02
2024-09-24 03:30:45+00:00,8.93
2024-09-24 03:40:09+00:00,8.9
2024-09-25 01:39:35+00:00,8.86
2024-09-25 01:50:32+00:00,8.85
2024-09-25 01:59:57+00:00,8.94
2024-09-25 02:10:55+00:00,8.89
2024-09-25 11:20:36+00:00,9.15
2024-09-25 11:30:03+00:00,9.15
2024-09-25 11:39:27+00:00,9.12
2024-09-25 11:50:27+00:00,9.14
2024-09-26 00:20:27+00:00,9.08
2024-09-26 00:29:53+00:00,9.07
2024-09-26 00:40:52+00:00,9.08
2024-09-26 00:50:17+00:00,9.01
2024-09-26 08:20:24+00:00,9.04
2024-09-26 08:29:50+00:00,9.07
2024-09-26 08:40:49+00:00,8.97
2024-09-26 22:58:52+00:00,9.06
2024-09-26 23:09:51+00:00,9.02
2024-09-26 23:19:17+00:00,8.93
2024-09-27 07:49:31+00:00,8.99
2024-09-27 07:58:56+00:00,9.04
2024-09-27 08:09:57+00:00,9.01
2024-09-27 08:19:23+00:00,8.93
2024-09-28 00:50:35+00:00,9.12
2024-09-28 01:00:00+00:00,8.99
2024-09-28 01:09:24+00:00,8.96
2024-09-28 01:20:23+00:00,8.96
2024-09-28 10:10:52+00:00,9.29
2024-09-28 10:20:17+00:00,9.02
2024-09-28 10:29:44+00:00,8.99
2024-09-28 10:40:49+00:00,8.93
2024-09-29 02:30:35+00:00,9.07
2024-09-29 02:40:00+00:00,9.03
2024-09-29 02:49:25+00:00,8.9
2024-09-29 03:00:24+00:00,8.94
2024-09-29 11:00:44+00:00,9.58
2024-09-29 11:10:09+00:00,9.1
2024-09-29 11:19:33+00:00,9.03
2024-09-29 11:30:31+00:00,9.09
2024-09-30 02:59:40+00:00,9.16
2024-09-30 03:10:39+00:00,9.16
2024-09-30 03:20:04+00:00,9.11
2024-09-30 03:29:33+00:00,9.13
2024-09-30 13:10:18+00:00,8.96
2024-09-30 13:19:43+00:00,8.95
2024-09-30 13:29:07+00:00,9.05
2024-09-30 13:40:05+00:00,8.98
2024-10-01 04:39:24+00:00,8.96
2024-10-01 04:50:23+00:00,8.94
2024-10-01 04:59:47+00:00,8.93
2024-10-01 05:10:45+00:00,8.9
2024-10-01 15:29:53+00:00,8.96
2024-10-01 15:39:18+00:00,8.89
2024-10-01 15:50:17+00:00,8.95
2024-10-01 15:59:42+00:00,8.88
2024-10-02 05:49:42+00:00,8.88
2024-10-02 06:00:42+00:00,8.95
2024-10-02 06:10:06+00:00,8.88
2024-10-02 06:19:31+00:00,8.9
2024-10-02 17:20:08+00:00,9.09
2024-10-02 17:29:34+00:00,9.06
2024-10-02 17:40:32+00:00,9.03
2024-10-02 17:49:56+00:00,9.06
2024-10-03 07:00:33+00:00,8.96
2024-10-03 07:09:58+00:00,8.88
2024-10-03 07:19:22+00:00,8.85
2024-10-03 07:30:20+00:00,8.97
2024-10-03 23:30:42+00:00,8.98
2024-10-03 23:40:06+00:00,8.9
2024-10-03 23:49:30+00:00,8.94
2024-10-04 00:00:29+00:00,8.88
2024-10-04 08:29:05+00:00,8.91
2024-10-04 08:40:03+00:00,8.88
2024-10-04 08:49:26+00:00,8.85
2024-10-04 08:58:52+00:00,8.77
2024-10-05 02:38:55+00:00,9.19
2024-10-05 02:49:54+00:00,9.13
2024-10-05 02:59:19+00:00,9.14
2024-10-05 03:08:44+00:00,9.08
2024-10-05 11:18:59+00:00,9.13
2024-10-05 11:29:58+00:00,9.09
2024-10-05 11:39:24+00:00,9.04
2024-10-05 11:48:49+00:00,9.12
2024-10-06 03:49:29+00:00,9.08
2024-10-06 03:58:53+00:00,9.11
2024-10-06 04:09:54+00:00,9.13
2024-10-06 04:19:19+00:00,9.06
2024-10-06 21:39:42+00:00,9.24
2024-10-06 21:49:07+00:00,9.11
2024-10-06 22:00:06+00:00,9.22
2024-10-06 22:09:30+00:00,9.08
2024-10-07 09:09:26+00:00,9.08
2024-10-07 09:18:53+00:00,9.02
2024-10-07 09:29:52+00:00,9.01
2024-10-07 09:39:17+00:00,8.93
2024-10-07 15:09:24+00:00,9.02
2024-10-07 15:18:49+00:00,8.99
2024-10-07 15:29:50+00:00,9.01
2024-10-07 15:39:15+00:00,9.02
2024-10-07 23:39:16+00:00,9.12
2024-10-07 23:50:15+00:00,9.2
2024-10-07 23:59:41+00:00,9.13
2024-10-08 00:10:40+00:00,9.03
2024-10-08 04:49:51+00:00,9.51
2024-10-08 04:59:15+00:00,8.93
2024-10-08 05:10:14+00:00,8.99
2024-10-08 05:19:40+00:00,8.96
2024-10-08 05:30:40+00:00,8.97
2024-10-08 11:50:26+00:00,9.21
2024-10-08 11:59:50+00:00,9.12
2024-10-08 12:09:15+00:00,9.13
2024-10-08 12:20:13+00:00,9.05
2024-10-08 19:00:20+00:00,9.12
2024-10-08 19:09:45+00:00,9.02
2024-10-08 19:19:09+00:00,8.95
2024-10-08 19:30:08+00:00,8.94
2024-10-09 02:30:42+00:00,9.19
2024-10-09 02:40:07+00:00,8.98
2024-10-09 02:49:31+00:00,8.97
2024-10-09 03:00:30+00:00,9.01
2024-10-09 07:00:12+00:00,9.08
2024-10-09 07:09:38+00:00,9.06
2024-10-09 07:20:35+00:00,8.99
2024-10-09 07:30:02+00:00,9.03
2024-10-09 12:09:25+00:00,9.12
2024-10-09 12:20:34+00:00,9.1
2024-10-09 12:29:57+00:00,9.08
2024-10-09 12:39:22+00:00,9.06
2024-10-09 19:19:14+00:00,9.15
2024-10-09 19:30:12+00:00,9.02
2024-10-09 19:39:36+00:00,9.09
2024-10-09 19:50:34+00:00,9.01
2024-10-10 02:40:02+00:00,8.95
2024-10-10 02:49:26+00:00,8.93
2024-10-10 03:00:24+00:00,8.96
2024-10-10 03:09:48+00:00,8.91
2024-10-10 08:00:11+00:00,9.0
2024-10-10 08:09:37+00:00,8.94
2024-10-10 08:20:35+00:00,8.97
2024-10-10 08:30:01+00:00,9.02
2024-10-10 14:59:59+00:00,9.37
2024-10-10 15:09:24+00:00,9.12
2024-10-10 15:18:50+00:00,9.15
2024-10-10 15:29:52+00:00,9.03
2024-10-10 22:30:42+00:00,9.02
2024-10-10 22:40:06+00:00,8.96
2024-10-10 22:49:31+00:00,8.96
2024-10-11 04:50:22+00:00,9.04
2024-10-11 04:59:46+00:00,8.95
2024-10-11 05:09:11+00:00,9.01
2024-10-11 05:20:10+00:00,8.99
2024-10-11 11:39:14+00:00,8.98
2024-10-11 11:50:12+00:00,8.92
2024-10-11 17:49:37+00:00,8.99
2024-10-11 18:00:35+00:00,9.02
2024-10-11 18:09:59+00:00,9.07
2024-10-11 18:19:23+00:00,8.96
2024-10-12 01:59:42+00:00,9.02
2024-10-12 02:10:41+00:00,9.04
2024-10-12 02:20:07+00:00,8.95
2024-10-12 02:29:31+00:00,9.05
2024-10-12 08:19:19+00:00,8.91
2024-10-12 08:30:16+00:00,8.88
2024-10-12 08:39:42+00:00,9.01
2024-10-12 08:50:41+00:00,8.93
2024-10-12 15:29:28+00:00,9.15
2024-10-12 15:40:27+00:00,9.09
2024-10-12 15:49:51+00:00,9.18
2024-10-12 15:59:15+00:00,9.17
2024-10-12 23:50:04+00:00,8.98
2024-10-12 23:59:29+00:00,9.16
2024-10-13 00:10:27+00:00,8.94
2024-10-13 00:19:53+00:00,9.0
2024-10-13 05:49:21+00:00,9.12
2024-10-13 06:00:20+00:00,9.16
2024-10-13 06:09:45+00:00,9.05
2024-10-13 15:19:25+00:00,9.14
2024-10-13 15:28:50+00:00,9.11
2024-10-13 15:39:50+00:00,8.98
2024-10-13 15:49:16+00:00,8.94
2024-10-14 00:40:06+00:00,9.01
2024-10-14 00:49:32+00:00,8.96
2024-10-14 00:58:58+00:00,9.0
2024-10-14 01:09:57+00:00,8.88
2024-10-14 06:28:56+00:00,8.98
2024-10-14 06:39:56+00:00,9.02
2024-10-14 06:49:21+00:00,8.92
2024-10-14 06:58:46+00:00,8.92
2024-10-14 12:58:33+00:00,9.16
2024-10-14 13:09:39+00:00,9.1
2024-10-14 13:19:05+00:00,8.91
2024-10-14 13:30:05+00:00,9.05
2024-10-14 20:19:55+00:00,9.35
2024-10-14 20:29:20+00:00,9.04
2024-10-14 20:38:44+00:00,9.0
2024-10-14 20:49:43+00:00,9.06
2024-10-15 03:40:06+00:00,8.79
2024-10-15 03:49:30+00:00,8.86
2024-10-15 04:00:28+00:00,8.88
2024-10-15 04:09:53+00:00,8.79
2024-10-15 04:19:18+00:00,8.73
2024-10-15 13:09:56+00:00,9.09
2024-10-15 13:19:20+00:00,9.07
2024-10-15 13:30:21+00:00,9.06
2024-10-15 13:39:47+00:00,8.99
2024-10-16 05:09:34+00:00,9.0
2024-10-16 05:20:32+00:00,9.01
2024-10-16 05:29:58+00:00,9.0
2024-10-16 05:39:23+00:00,8.85
2024-10-17 00:50:38+00:00,9.09
2024-10-17 01:00:02+00:00,8.94
2024-10-17 01:09:26+00:00,8.97
2024-10-17 01:20:27+00:00,8.94
2024-10-17 12:09:58+00:00,9.12
2024-10-17 12:19:22+00:00,9.11
2024-10-17 12:30:21+00:00,9.15
2024-10-17 12:39:45+00:00,9.01
2024-10-18 03:09:55+00:00,8.99
2024-10-18 03:19:18+00:00,8.97
2024-10-18 03:30:16+00:00,8.99
2024-10-18 03:39:40+00:00,8.96
2024-10-18 16:20:22+00:00,8.9
2024-10-18 16:29:47+00:00,8.96
2024-10-18 16:39:11+00:00,8.89
2024-10-19 06:30:06+00:00,9.11
2024-10-19 06:39:30+00:00,9.1
2024-10-19 06:50:27+00:00,9.02
2024-10-19 06:59:52+00:00,8.96
2024-10-20 02:50:28+00:00,9.16
2024-10-20 02:59:52+00:00,9.03
2024-10-20 03:09:16+00:00,9.09
2024-10-20 03:20:14+00:00,9.14
2024-10-20 13:00:30+00:00,9.01
2024-10-20 13:09:55+00:00,8.95
2024-10-20 13:19:23+00:00,8.96
2024-10-20 13:30:22+00:00,8.92
2024-10-21 03:30:40+00:00,8.96
2024-10-21 03:40:04+00:00,8.9
2024-10-21 03:49:28+00:00,8.98
2024-10-21 04:00:28+00:00,8.92
2024-10-21 13:40:36+00:00,9.0
2024-10-21 13:50:01+00:00,8.93
2024-10-21 13:59:25+00:00,8.94
2024-10-21 14:10:23+00:00,9.0
2024-10-22 03:19:56+00:00,8.9
2024-10-22 03:29:21+00:00,8.96
2024-10-22 03:40:22+00:00,8.92
2024-10-22 03:49:49+00:00,8.91
2024-10-22 14:20:23+00:00,9.0
2024-10-22 14:29:48+00:00,9.03
2024-10-22 14:39:12+00:00,8.89
2024-10-23 04:30:41+00:00,9.13
2024-10-23 09:00:03+00:00,9.21
2024-10-23 09:09:27+00:00,9.15
2024-10-23 09:18:53+00:00,9.11
2024-10-23 09:29:52+00:00,9.04
2024-10-23 09:39:17+00:00,8.96
2024-10-24 00:09:57+00:00,9.05
2024-10-24 00:19:22+00:00,9.06
2024-10-24 00:30:22+00:00,9.01
2024-10-24 00:39:49+00:00,9.0
2024-10-24 03:40:25+00:00,8.84
2024-10-24 03:49:50+00:00,8.77
2024-10-24 17:20:05+00:00,9.03
2024-10-24 17:29:31+00:00,9.17
2024-10-24 17:40:30+00:00,9.13
2024-10-25 06:10:43+00:00,9.07
2024-10-25 06:20:08+00:00,9.08
2024-10-25 06:29:34+00:00,9.04
2024-10-25 06:40:34+00:00,8.98
2024-10-25 22:10:25+00:00,9.17
2024-10-25 22:19:50+00:00,9.2
2024-10-25 22:29:15+00:00,9.12
2024-10-25 22:40:13+00:00,9.08
2024-10-26 06:50:06+00:00,8.96
2024-10-26 06:59:33+00:00,9.01
2024-10-26 07:10:32+00:00,8.91
2024-10-26 07:19:57+00:00,8.93
2024-10-26 16:09:40+00:00,9.2
2024-10-26 16:20:40+00:00,9.19
2024-10-26 16:30:08+00:00,9.1
2024-10-26 16:39:35+00:00,9.07
2024-10-27 06:49:23+00:00,9.14
2024-10-27 07:00:22+00:00,9.0
2024-10-27 07:09:47+00:00,8.93
2024-10-27 18:09:31+00:00,9.56
2024-10-27 18:20:30+00:00,9.12
2024-10-27 18:29:56+00:00,9.16
2024-10-27 18:39:21+00:00,9.13
2024-10-28 06:19:35+00:00,9.0
2024-10-28 06:30:34+00:00,9.05
2024-10-28 06:40:00+00:00,9.02
2024-10-28 06:49:25+00:00,8.94
2024-10-28 22:10:11+00:00,9.12
2024-10-28 22:19:36+00:00,9.1
2024-10-28 22:30:36+00:00,9.07
2024-10-29 09:00:25+00:00,9.15
2024-10-29 09:09:50+00:00,9.06
2024-10-29 09:19:15+00:00,9.04
2024-10-30 01:20:35+00:00,9.55
2024-10-30 01:30:02+00:00,9.01
2024-10-30 01:39:30+00:00,8.93
2024-10-30 01:50:30+00:00,8.91
2024-10-30 12:59:50+00:00,9.01
2024-10-30 13:09:15+00:00,9.06
2024-10-30 13:20:14+00:00,9.03
2024-10-30 13:29:41+00:00,9.03
2024-10-31 04:59:42+00:00,9.06
2024-10-31 05:09:07+00:00,8.94
2024-10-31 05:19:30+00:00,8.97
2024-10-31 05:30:33+00:00,8.94
2024-10-31 17:39:28+00:00,9.09
2024-10-31 17:50:27+00:00,9.06
2024-10-31 17:59:53+00:00,9.0
2024-11-01 08:20:14+00:00,9.1
2024-11-01 08:29:41+00:00,9.11
2024-11-01 08:39:08+00:00,9.07
2024-11-01 08:50:06+00:00,9.07
2024-11-02 01:49:56+00:00,8.88
2024-11-02 01:59:21+00:00,9.0
2024-11-02 02:10:21+00:00,8.99
2024-11-02 02:19:47+00:00,8.98
2024-11-02 11:10:00+00:00,9.07
2024-11-02 11:19:26+00:00,9.08
2024-11-02 11:30:26+00:00,9.0
2024-11-02 11:39:52+00:00,8.89
2024-11-03 05:10:18+00:00,9.0
2024-11-03 05:19:45+00:00,8.99
2024-11-03 05:29:10+00:00,9.01
2024-11-03 05:40:11+00:00,8.95
2024-11-04 00:49:15+00:00,9.08
2024-11-04 01:00:16+00:00,9.09
2024-11-04 01:09:42+00:00,9.01
2024-11-04 01:20:42+00:00,9.03
2024-11-04 10:29:59+00:00,9.14
2024-11-04 10:39:25+00:00,9.07
2024-11-04 10:50:26+00:00,9.08
2024-11-04 10:59:52+00:00,9.11
2024-11-05 02:40:13+00:00,9.07
2024-11-05 02:49:39+00:00,9.08
2024-11-05 03:00:39+00:00,9.1
2024-11-05 03:10:09+00:00,9.04
2024-11-05 13:39:58+00:00,9.02
2024-11-05 13:49:25+00:00,9.0
2024-11-05 14:00:25+00:00,8.95
2024-11-06 04:39:56+00:00,9.15
2024-11-06 04:49:21+00:00,9.1
2024-11-06 05:00:21+00:00,9.09
2024-11-06 17:29:17+00:00,9.2
2024-11-06 17:40:20+00:00,9.15
2024-11-06 17:49:47+00:00,9.03
2024-11-06 17:59:13+00:00,9.12
2024-11-07 07:20:33+00:00,8.98
2024-11-07 07:29:59+00:00,9.05
2024-11-07 07:39:26+00:00,9.03
2024-11-07 07:50:27+00:00,9.03
2024-11-08 00:40:22+00:00,9.1
2024-11-08 00:49:48+00:00,8.97
2024-11-08 00:59:16+00:00,8.94
2024-11-08 01:10:15+00:00,8.96
2024-11-08 08:40:28+00:00,8.99
2024-11-08 08:49:54+00:00,8.88
2024-11-08 08:59:21+00:00,8.95
2024-11-09 01:49:43+00:00,9.1
2024-11-09 02:00:43+00:00,9.1
2024-11-09 02:10:09+00:00,9.02
2024-11-09 02:19:35+00:00,9.03
2024-11-09 10:30:32+00:00,8.99
2024-11-09 10:39:59+00:00,9.08
2024-11-09 10:49:25+00:00,8.89
2024-11-10 04:20:10+00:00,9.07
2024-11-10 04:29:38+00:00,9.03
2024-11-10 04:40:38+00:00,9.0
2024-11-10 04:50:02+00:00,8.95
2024-11-10 15:29:13+00:00,9.15
2024-11-10 15:40:13+00:00,9.0
2024-11-10 15:49:40+00:00,9.05
2024-11-10 15:59:06+00:00,8.96
2024-11-11 04:19:42+00:00,8.94
2024-11-11 04:30:42+00:00,8.88
2024-11-11 04:40:11+00:00,8.9
2024-11-11 04:49:38+00:00,8.77
2024-11-11 10:20:20+00:00,9.01
2024-11-11 10:29:48+00:00,9.09
2024-11-11 10:39:16+00:00,8.98
2024-11-11 10:50:17+00:00,8.82
2024-11-11 17:30:15+00:00,9.06
2024-11-11 17:39:43+00:00,9.0
2024-11-11 17:50:43+00:00,9.03
2024-11-12 02:50:33+00:00,8.96
2024-11-12 02:59:59+00:00,9.08
2024-11-12 03:09:24+00:00,9.0
2024-11-12 03:20:24+00:00,9.0
2024-11-12 13:29:33+00:00,9.28
2024-11-12 13:40:33+00:00,8.98
2024-11-12 13:50:00+00:00,8.98
2024-11-12 13:59:25+00:00,8.92
2024-11-13 05:29:50+00:00,9.13
2024-11-13 05:39:16+00:00,9.07
2024-11-13 05:50:18+00:00,9.07
2024-11-13 05:59:46+00:00,8.99
2024-11-14 01:20:21+00:00,8.98
2024-11-14 01:29:49+00:00,8.9
2024-11-14 01:39:15+00:00,9.01
2024-11-14 01:50:15+00:00,8.86
2024-11-14 07:39:32+00:00,9.44
2024-11-14 07:50:35+00:00,9.13
2024-11-14 08:00:02+00:00,9.09
2024-11-14 08:09:31+00:00,9.05
2024-11-15 01:20:21+00:00,9.11
2024-11-15 01:29:46+00:00,9.01
2024-11-15 01:39:13+00:00,8.99
2024-11-15 01:50:13+00:00,8.96
2024-11-15 09:20:23+00:00,8.98
2024-11-15 09:29:49+00:00,8.93
2024-11-15 09:39:15+00:00,8.98
2024-11-15 09:50:17+00:00,8.93
2024-11-15 15:49:19+00:00,8.89
2024-11-15 16:00:19+00:00,9.02
2024-11-15 16:09:45+00:00,8.9
2024-11-15 16:19:11+00:00,8.86
2024-11-16 00:09:43+00:00,8.99
2024-11-16 00:19:09+00:00,8.95
2024-11-16 00:30:09+00:00,9.0
2024-11-16 01:09:30+00:00,8.88
2024-11-16 01:18:59+00:00,8.89
2024-11-16 01:30:02+00:00,8.89
2024-11-16 06:08:51+00:00,9.23
2024-11-16 06:19:54+00:00,9.16
2024-11-16 06:29:24+00:00,9.16
2024-11-16 06:40:26+00:00,9.11
2024-11-16 12:19:05+00:00,9.02
2024-11-16 12:30:05+00:00,9.08
2024-11-16 12:39:33+00:00,9.05
2024-11-16 12:50:33+00:00,9.05
2024-11-17 03:49:41+00:00,9.04
2024-11-17 04:00:43+00:00,8.98
2024-11-17 04:10:21+00:00,8.96
2024-11-17 04:19:47+00:00,9.02
2024-11-17 09:30:27+00:00,9.48
2024-11-17 09:39:54+00:00,9.17
2024-11-17 16:50:52+00:00,8.97
2024-11-18 01:30:24+00:00,9.06
2024-11-18 01:39:50+00:00,8.95
2024-11-18 01:50:51+00:00,9.02
2024-11-18 02:00:18+00:00,8.78
2024-11-18 05:59:57+00:00,9.05
2024-11-18 06:10:58+00:00,9.01
2024-11-18 06:20:24+00:00,8.99
2024-11-18 12:40:13+00:00,8.98
2024-11-18 12:49:39+00:00,8.96
2024-11-18 19:19:47+00:00,9.03
2024-11-19 02:41:06+00:00,8.96
2024-11-19 02:50:37+00:00,9.0
2024-11-19 03:00:03+00:00,9.02
2024-11-19 09:10:07+00:00,9.03
2024-11-19 09:40:06+00:00,8.99
2024-11-19 15:50:25+00:00,8.95
2024-11-20 01:20:33+00:00,9.03
2024-11-20 05:29:46+00:00,9.0
2024-11-20 12:30:25+00:00,9.02
2024-11-20 12:39:53+00:00,8.92
2024-11-20 12:50:59+00:00,8.86
2024-11-20 13:00:27+00:00,8.87
2024-11-21 03:40:33+00:00,8.89
2024-11-21 07:10:03+00:00,8.78
2024-11-21 12:20:35+00:00,8.92
2024-11-21 19:39:40+00:00,9.0
2024-11-22 02:50:15+00:00,8.96
2024-11-22 02:58:08+00:00,8.87
2024-11-22 03:10:45+00:00,8.93
2024-11-22 03:20:12+00:00,8.8
2024-11-22 15:11:01+00:00,9.01
2024-11-22 15:20:28+00:00,8.94
2024-11-22 15:29:55+00:00,8.91
2024-11-22 15:40:59+00:00,8.94
2024-11-22 15:50:27+00:00,8.86
2024-11-22 23:40:27+00:00,9.44
2024-11-22 23:49:53+00:00,9.08
2024-11-23 00:00:55+00:00,9.13
2024-11-23 00:10:20+00:00,9.2
2024-11-23 05:01:09+00:00,9.12
2024-11-23 16:50:32+00:00,9.01
2024-11-23 16:59:58+00:00,8.81
2024-11-23 17:09:25+00:00,8.92
2024-11-23 17:20:30+00:00,8.92
2024-11-24 01:40:29+00:00,9.4
2024-11-24 01:49:55+00:00,8.97
2024-11-24 02:00:57+00:00,8.91
2024-11-25 03:10:00+00:00,9.51
2024-11-25 03:21:05+00:00,9.03
2024-11-25 03:30:35+00:00,9.03
2024-11-25 03:40:03+00:00,8.99
2024-11-25 12:31:00+00:00,9.07
2024-11-25 12:40:28+00:00,9.04
2024-11-25 12:49:58+00:00,9.07
2024-11-26 04:49:54+00:00,9.04
2024-11-26 05:00:55+00:00,8.99
2024-11-26 05:10:24+00:00,9.12
2024-11-26 05:19:50+00:00,9.04
2024-11-26 12:20:59+00:00,8.93
2024-11-26 12:30:28+00:00,8.98
2024-11-26 12:39:55+00:00,8.98
2024-11-26 12:50:58+00:00,9.01
2024-11-26 20:00:45+00:00,9.24
2024-11-26 20:10:13+00:00,9.18
2024-11-26 20:21:14+00:00,9.26
2024-11-26 20:30:44+00:00,9.2
2024-11-27 03:10:04+00:00,9.07
2024-11-27 03:21:05+00:00,9.0
2024-11-27 03:30:34+00:00,9.04
2024-11-27 03:40:03+00:00,8.88
2024-11-27 09:10:18+00:00,9.06
2024-11-27 09:19:48+00:00,9.01
2024-11-27 09:30:53+00:00,9.03
2024-11-27 09:40:26+00:00,8.98
2024-11-27 15:10:47+00:00,9.03
2024-11-27 15:20:14+00:00,9.0
2024-11-27 15:31:18+00:00,9.01
2024-11-27 15:40:44+00:00,9.0
2024-11-28 00:00:34+00:00,9.12
2024-11-28 00:10:02+00:00,9.0
2024-11-28 00:21:05+00:00,9.04
2024-11-28 00:30:34+00:00,9.07
2024-11-28 04:20:49+00:00,9.01
2024-11-28 04:30:18+00:00,9.02
2024-11-28 04:39:47+00:00,9.03
2024-11-28 04:50:48+00:00,8.88
2024-11-28 08:20:37+00:00,8.97
2024-11-28 08:30:09+00:00,8.86
2024-11-28 08:41:11+00:00,8.93
2024-11-28 08:50:37+00:00,8.81
2024-11-28 15:20:45+00:00,10.43
2024-11-28 15:30:16+00:00,8.93
2024-11-28 15:41:17+00:00,9.0
2024-11-28 15:50:44+00:00,8.96
2024-11-28 23:50:39+00:00,8.99
2024-11-29 00:00:07+00:00,8.99
2024-11-29 00:11:10+00:00,8.88
2024-11-29 00:20:38+00:00,8.9
2024-11-29 04:50:57+00:00,9.2
2024-11-29 05:00:25+00:00,9.04
2024-11-29 05:09:53+00:00,9.08
2024-11-29 05:20:53+00:00,9.01
2024-11-29 11:30:20+00:00,8.94
2024-11-29 11:40:04+00:00,8.84
2024-11-29 11:51:04+00:00,8.78
2024-11-29 13:00:34+00:00,8.9
2024-11-29 13:10:00+00:00,8.96
2024-11-29 13:21:01+00:00,8.89
2024-11-29 22:39:56+00:00,9.03
2024-11-29 22:50:57+00:00,9.09
2024-11-29 23:00:23+00:00,9.11
2024-11-30 04:40:49+00:00,9.09
2024-11-30 04:50:16+00:00,9.1
2024-11-30 04:59:45+00:00,8.99
2024-11-30 05:10:49+00:00,8.94
2024-11-30 10:51:09+00:00,9.05
2024-11-30 11:00:36+00:00,9.08
2024-11-30 11:10:05+00:00,8.99
2024-11-30 11:21:05+00:00,8.97
2024-12-01 04:40:16+00:00,8.97
2024-12-01 04:51:18+00:00,8.92
2024-12-01 05:00:45+00:00,8.99
2024-12-01 05:10:15+00:00,8.83
2024-12-01 22:00:24+00:00,9.1
2024-12-01 22:09:53+00:00,9.12
2024-12-01 22:19:21+00:00,9.06
2024-12-02 05:30:23+00:00,8.98
2024-12-02 05:39:53+00:00,8.93
2024-12-02 05:49:22+00:00,8.93
2024-12-02 06:00:25+00:00,8.93
2024-12-02 15:20:47+00:00,9.18
2024-12-02 15:30:14+00:00,9.0
2024-12-02 15:39:44+00:00,8.91
2024-12-02 15:49:11+00:00,8.79
2024-12-02 16:00:12+00:00,8.87
2024-12-02 16:09:43+00:00,8.93
2024-12-02 16:20:44+00:00,8.87
2024-12-02 23:38:00+00:00,9.16
2024-12-02 23:49:36+00:00,9.12
2024-12-03 00:00:38+00:00,9.14
2024-12-03 00:10:04+00:00,9.1
2024-12-03 05:30:06+00:00,8.97
2024-12-03 05:39:34+00:00,8.87
2024-12-03 05:50:35+00:00,8.88
2024-12-03 06:00:01+00:00,8.87
2024-12-04 00:30:03+00:00,9.14
2024-12-04 00:41:04+00:00,9.01
2024-12-04 00:50:31+00:00,9.08
2024-12-04 00:59:59+00:00,8.97
2024-12-04 11:51:10+00:00,9.06
2024-12-04 12:00:38+00:00,8.9
2024-12-04 12:10:07+00:00,8.96
2024-12-04 12:21:07+00:00,8.92
2024-12-05 04:19:54+00:00,8.97
2024-12-05 04:30:53+00:00,8.99
2024-12-05 04:40:22+00:00,9.0
2024-12-05 04:49:47+00:00,9.05
2024-12-05 17:00:51+00:00,9.16
2024-12-05 17:10:19+00:00,9.06
2024-12-05 17:19:46+00:00,8.97
2024-12-05 17:30:46+00:00,9.02
2024-12-06 07:30:04+00:00,9.06
2024-12-06 07:41:05+00:00,9.09
2024-12-06 07:50:32+00:00,9.12
2024-12-06 08:00:04+00:00,9.04
2024-12-07 01:20:37+00:00,9.08
2024-12-07 01:30:08+00:00,9.16
2024-12-07 01:41:12+00:00,9.11
2024-12-07 01:50:39+00:00,9.02
2024-12-07 09:20:44+00:00,9.05
2024-12-07 09:30:12+00:00,9.06
2024-12-07 09:41:13+00:00,9.02
2024-12-08 04:30:04+00:00,9.1
2024-12-08 04:41:08+00:00,9.05
2024-12-08 04:50:35+00:00,9.09
2024-12-08 05:00:03+00:00,8.96
2024-12-08 17:10:09+00:00,7.7
2024-12-08 17:21:10+00:00,9.16
2024-12-08 17:30:37+00:00,9.08
2024-12-08 17:40:06+00:00,9.07
2024-12-09 06:50:14+00:00,8.99
2024-12-09 07:01:17+00:00,9.0
2024-12-09 07:10:44+00:00,8.93
2024-12-09 07:20:13+00:00,8.96
2024-12-10 00:21:08+00:00,9.1
2024-12-10 00:30:38+00:00,9.12
2024-12-10 01:40:09+00:00,8.87
2024-12-10 01:51:10+00:00,8.81
2024-12-10 02:00:37+00:00,8.88
2024-12-10 14:00:18+00:00,9.26
2024-12-10 14:11:20+00:00,9.03
2024-12-10 14:20:50+00:00,9.03
2024-12-10 14:30:20+00:00,8.99
2024-12-11 04:21:03+00:00,9.18
2024-12-11 04:30:33+00:00,9.1
2024-12-11 04:40:01+00:00,9.1
2024-12-11 04:51:02+00:00,9.05
2024-12-11 08:50:46+00:00,9.21
2024-12-11 09:00:15+00:00,9.17
2024-12-11 09:11:16+00:00,9.09
2024-12-11 09:20:43+00:00,9.07
2024-12-11 09:30:12+00:00,9.0
2024-12-11 14:41:01+00:00,9.08
2024-12-11 14:50:31+00:00,8.96
2024-12-11 14:59:58+00:00,8.88
2024-12-11 15:11:02+00:00,8.84
2024-12-11 15:20:31+00:00,8.9
2024-12-11 23:40:42+00:00,9.09
2024-12-11 23:50:12+00:00,9.07
2024-12-12 00:01:13+00:00,9.2
2024-12-12 00:10:41+00:00,9.07
2024-12-12 05:01:03+00:00,9.18
2024-12-12 05:10:36+00:00,9.16
2024-12-12 05:20:07+00:00,9.18
2024-12-12 05:31:08+00:00,9.17
2024-12-12 11:10:54+00:00,8.94
2024-12-12 11:20:23+00:00,8.95
2024-12-12 11:30:00+00:00,9.03
2024-12-12 11:41:01+00:00,8.95
2024-12-12 17:30:51+00:00,9.19
2024-12-12 17:40:21+00:00,9.16
2024-12-12 17:49:48+00:00,9.12
2024-12-12 18:00:49+00:00,9.13
2024-12-13 01:40:03+00:00,9.0
2024-12-13 02:00:37+00:00,8.96
2024-12-13 02:10:06+00:00,8.91
2024-12-13 02:19:35+00:00,8.98
2024-12-13 07:21:10+00:00,8.97
2024-12-13 07:30:38+00:00,9.06
2024-12-13 07:40:08+00:00,9.04
2024-12-13 07:51:08+00:00,8.98
2024-12-13 21:21:17+00:00,9.09
2024-12-13 21:30:44+00:00,8.99
2024-12-13 21:40:13+00:00,8.97
2024-12-14 05:40:24+00:00,9.15
2024-12-14 05:49:54+00:00,9.17
2024-12-14 06:00:56+00:00,8.84
2024-12-14 06:10:25+00:00,8.71
2024-12-14 16:40:31+00:00,8.95
2024-12-14 16:50:01+00:00,8.98
2024-12-14 16:59:31+00:00,9.03
2024-12-14 17:08:57+00:00,9.0
2024-12-15 08:39:20+00:00,10.31
2024-12-15 08:48:49+00:00,9.09
2024-12-15 08:59:51+00:00,9.11
2024-12-15 09:09:17+00:00,9.05
2024-12-16 03:29:03+00:00,9.06
2024-12-16 03:40:06+00:00,8.99
2024-12-16 03:49:36+00:00,8.94
2024-12-16 03:59:03+00:00,8.93
2024-12-16 10:49:28+00:00,9.05
2024-12-16 10:58:56+00:00,8.83
2024-12-16 11:09:57+00:00,8.86
2024-12-16 11:19:25+00:00,8.79
2024-12-16 11:28:54+00:00,8.76
2024-12-16 18:19:10+00:00,9.61
2024-12-16 18:30:15+00:00,9.24
2024-12-16 18:39:45+00:00,9.12
2024-12-16 18:49:14+00:00,9.09
2024-12-16 19:00:16+00:00,9.05
2024-12-17 02:09:36+00:00,8.87
2024-12-17 02:19:04+00:00,8.89
2024-12-17 02:30:07+00:00,8.92
2024-12-17 02:39:38+00:00,8.94
2024-12-17 07:40:01+00:00,9.18
2024-12-17 07:49:31+00:00,9.18
2024-12-17 07:58:58+00:00,9.14
2024-12-17 08:10:02+00:00,9.1
2024-12-17 13:38:54+00:00,9.14
2024-12-17 13:50:10+00:00,9.09
2024-12-17 13:59:38+00:00,9.03
2024-12-17 14:09:06+00:00,9.06
2024-12-17 21:09:50+00:00,9.2
2024-12-17 21:19:19+00:00,9.26
2024-12-17 21:30:23+00:00,9.1
2024-12-17 21:39:51+00:00,9.12
2024-12-18 03:39:47+00:00,8.98
2024-12-18 03:49:15+00:00,8.82
2024-12-18 04:00:17+00:00,8.88
2024-12-18 04:09:46+00:00,9.01
2024-12-18 09:29:17+00:00,9.09
2024-12-18 09:40:21+00:00,8.94
2024-12-18 09:49:48+00:00,9.09
2024-12-18 09:59:15+00:00,8.99
2024-12-18 16:50:30+00:00,9.09
2024-12-18 17:00:00+00:00,9.06
2024-12-18 17:09:29+00:00,9.1
2024-12-19 06:49:18+00:00,9.01
2024-12-19 07:00:20+00:00,9.08
2024-12-19 07:09:49+00:00,9.01
2024-12-19 07:19:17+00:00,9.09
2024-12-20 01:49:37+00:00,9.01
2024-12-20 01:59:04+00:00,9.04
2024-12-20 02:10:08+00:00,8.98
2024-12-20 02:19:37+00:00,8.88
2024-12-20 11:49:25+00:00,9.11
2024-12-20 12:00:30+00:00,9.05
2024-12-20 12:10:03+00:00,9.1
2024-12-20 12:17:59+00:00,9.0
2024-12-21 03:49:55+00:00,9.08
2024-12-21 03:59:23+00:00,8.95
2024-12-21 04:10:24+00:00,8.95
2024-12-21 04:19:51+00:00,8.91
2024-12-21 14:50:16+00:00,9.2
2024-12-21 14:59:44+00:00,9.08
2024-12-21 15:09:20+00:00,9.1
2024-12-22 05:50:18+00:00,9.07
2024-12-22 05:59:48+00:00,9.0
2024-12-22 06:09:17+00:00,8.93
2024-12-22 06:20:21+00:00,8.98
2024-12-22 19:39:52+00:00,9.16
2024-12-22 19:49:18+00:00,9.13
2024-12-22 20:00:21+00:00,9.17
2024-12-23 04:39:11+00:00,9.07
2024-12-23 04:50:16+00:00,9.01
2024-12-23 04:59:44+00:00,9.04
2024-12-23 05:09:12+00:00,8.97
2024-12-23 05:20:14+00:00,8.86
2024-12-23 08:59:50+00:00,8.87
2024-12-23 09:09:18+00:00,8.88
2024-12-23 09:20:21+00:00,8.85
2024-12-23 09:29:51+00:00,8.79
2024-12-23 14:59:31+00:00,9.04
2024-12-23 15:08:58+00:00,8.96
2024-12-23 15:20:03+00:00,8.97
2024-12-23 15:29:32+00:00,8.93
2024-12-24 00:09:06+00:00,8.94
2024-12-24 00:20:07+00:00,8.93
2024-12-24 00:29:34+00:00,8.97
2024-12-24 00:39:02+00:00,8.87
2024-12-24 04:39:02+00:00,8.95
2024-12-24 04:50:05+00:00,8.92
2024-12-24 04:59:32+00:00,8.9
2024-12-24 05:08:59+00:00,8.85
2024-12-24 05:20:01+00:00,8.82
2024-12-24 10:50:02+00:00,9.03
2024-12-24 10:59:29+00:00,9.1
2024-12-24 11:08:56+00:00,9.05
2024-12-25 01:29:36+00:00,9.1
2024-12-25 01:39:03+00:00,9.08
2024-12-25 01:50:07+00:00,9.02
2024-12-25 01:59:36+00:00,9.0
2024-12-25 11:40:32+00:00,8.98
2024-12-25 11:50:00+00:00,8.97
2024-12-25 11:59:27+00:00,8.98
2024-12-25 12:08:55+00:00,9.03
2024-12-26 05:59:31+00:00,9.02
2024-12-26 06:09:02+00:00,8.87
2024-12-26 06:20:06+00:00,8.99
2024-12-26 06:29:36+00:00,9.0
2024-12-27 01:29:29+00:00,9.13
2024-12-27 01:40:32+00:00,9.15
2024-12-27 01:50:01+00:00,9.02
2024-12-27 01:59:30+00:00,9.01
2024-12-27 13:59:09+00:00,9.15
2024-12-27 14:10:13+00:00,9.11
2024-12-27 14:19:41+00:00,9.05
2024-12-27 14:29:08+00:00,9.03
2024-12-28 08:19:10+00:00,9.25
2024-12-28 08:30:13+00:00,9.12
2024-12-28 08:39:42+00:00,9.1
2024-12-28 08:49:14+00:00,9.08
2024-12-29 06:59:42+00:00,9.07
2024-12-29 07:09:11+00:00,9.05
2024-12-29 07:20:15+00:00,9.0
2024-12-29 07:29:43+00:00,9.0
2024-12-29 07:39:10+00:00,8.98
2024-12-30 03:59:37+00:00,9.1
2024-12-30 04:09:04+00:00,9.04
2024-12-30 04:20:09+00:00,9.0
2024-12-30 04:29:37+00:00,9.12
2024-12-31 01:49:31+00:00,8.79
2024-12-31 01:59:00+00:00,8.81
2024-12-31 02:10:03+00:00,8.82
2024-12-31 02:19:33+00:00,8.74
2024-12-31 02:29:01+00:00,8.89
2024-12-31 11:49:48+00:00,8.91
2024-12-31 11:59:16+00:00,8.84
2024-12-31 12:10:19+00:00,8.8
2024-12-31 12:19:46+00:00,8.79
2024-12-31 12:29:14+00:00,8.79
2024-12-31 16:59:09+00:00,8.98
2024-12-31 17:10:14+00:00,8.97
2024-12-31 17:19:41+00:00,8.87
2024-12-31 17:29:08+00:00,8.92
2024-12-31 17:40:11+00:00,8.86
2025-01-01 01:40:13+00:00,8.79
2025-01-01 01:49:40+00:00,8.83
2025-01-01 01:59:07+00:00,8.87
2025-01-01 02:10:08+00:00,8.74
2025-01-01 06:39:30+00:00,8.79
2025-01-01 06:48:56+00:00,8.86
2025-01-01 07:00:01+00:00,8.77
2025-01-01 07:09:29+00:00,8.8
2025-01-02 01:39:34+00:00,9.06
2025-01-02 01:49:02+00:00,8.89
2025-01-02 02:00:04+00:00,8.94
2025-01-02 02:09:31+00:00,9.05
2025-01-02 06:39:34+00:00,8.83
2025-01-02 06:49:01+00:00,8.76
2025-01-02 07:00:04+00:00,8.86
2025-01-02 07:09:36+00:00,8.77
2025-01-02 07:19:03+00:00,8.83
2025-01-02 16:49:48+00:00,8.92
2025-01-02 16:59:17+00:00,8.85
2025-01-02 17:09:24+00:00,8.83
2025-01-02 17:18:52+00:00,8.88
2025-01-03 05:10:21+00:00,9.0
2025-01-03 05:19:48+00:00,9.02
2025-01-03 05:29:16+00:00,8.88
2025-01-03 05:40:22+00:00,8.93
2025-01-03 11:39:00+00:00,9.2
2025-01-03 11:50:03+00:00,8.81
2025-01-03 11:59:31+00:00,8.78
2025-01-03 12:09:03+00:00,8.93
2025-01-04 03:29:15+00:00,9.06
2025-01-04 03:40:19+00:00,8.96
2025-01-04 03:49:50+00:00,9.05
2025-01-04 03:59:17+00:00,8.97
2025-01-04 08:48:58+00:00,8.9
2025-01-04 09:00:01+00:00,8.88
2025-01-04 09:09:35+00:00,8.83
2025-01-04 09:19:04+00:00,8.83
2025-01-05 03:59:43+00:00,8.76
2025-01-05 04:09:10+00:00,8.79
2025-01-05 04:20:13+00:00,8.77
2025-01-05 04:29:42+00:00,8.79
2025-01-05 18:29:47+00:00,8.86
2025-01-05 18:39:15+00:00,8.79
2025-01-05 18:50:16+00:00,8.83
2025-01-05 18:59:43+00:00,8.7
2025-01-06 04:49:04+00:00,8.8
2025-01-06 05:00:10+00:00,8.81
2025-01-06 05:09:39+00:00,8.83
2025-01-06 05:19:06+00:00,8.65
2025-01-06 05:30:13+00:00,8.82
2025-01-07 10:09:50+00:00,8.62
2025-01-07 10:19:20+00:00,8.67
2025-01-07 10:28:51+00:00,8.64
2025-01-07 10:39:55+00:00,8.62
2025-01-07 10:49:28+00:00,8.65
2025-01-07 10:58:58+00:00,8.65
2025-01-07 11:08:28+00:00,8.64
2025-01-07 12:10:17+00:00,8.84
2025-01-07 12:19:47+00:00,8.56
2025-01-07 12:29:16+00:00,8.77
2025-01-07 12:40:18+00:00,8.75
2025-01-08 02:59:44+00:00,8.71
2025-01-08 03:09:13+00:00,8.74
2025-01-08 03:20:18+00:00,8.71
2025-01-08 03:29:46+00:00,8.7
2025-01-08 07:39:44+00:00,8.77
2025-01-08 07:49:12+00:00,8.81
2025-01-08 08:00:15+00:00,8.69
2025-01-08 08:09:46+00:00,8.67
2025-01-09 01:29:13+00:00,9.87
2025-01-09 01:40:22+00:00,8.9
2025-01-09 01:49:50+00:00,8.94
2025-01-09 01:59:18+00:00,9.01
2025-01-09 07:59:53+00:00,8.93
2025-01-09 08:09:25+00:00,8.87
2025-01-09 08:18:56+00:00,8.9
2025-01-10 02:18:52+00:00,9.01
2025-01-10 02:29:56+00:00,8.97
2025-01-10 02:39:28+00:00,8.97
2025-01-10 02:48:59+00:00,9.02
2025-01-10 07:39:44+00:00,8.98
2025-01-10 07:49:13+00:00,8.97
2025-01-10 08:00:17+00:00,8.96
2025-01-10 08:09:43+00:00,8.9
2025-01-10 14:10:14+00:00,8.95
2025-01-10 14:19:42+00:00,9.02
2025-01-10 14:29:13+00:00,8.97
2025-01-10 14:40:16+00:00,8.88
2025-01-10 23:09:13+00:00,9.23
2025-01-10 23:20:17+00:00,8.82
2025-01-10 23:29:49+00:00,8.84
2025-01-10 23:39:17+00:00,8.73
2025-01-11 04:49:09+00:00,8.9
2025-01-11 05:00:14+00:00,8.9
2025-01-11 05:09:43+00:00,8.98
2025-01-11 05:19:10+00:00,8.84
2025-01-11 12:40:04+00:00,8.92
2025-01-11 12:49:29+00:00,8.89
2025-01-11 12:58:55+00:00,8.86
2025-01-12 08:29:34+00:00,8.92
2025-01-12 08:39:00+00:00,8.91
2025-01-12 08:50:01+00:00,8.85
2025-01-12 08:59:30+00:00,8.74
2025-01-13 03:49:29+00:00,8.86
2025-01-13 03:58:56+00:00,8.9
2025-01-13 04:10:02+00:00,8.89
2025-01-13 04:19:33+00:00,8.82
2025-01-13 09:00:15+00:00,8.76
2025-01-13 09:09:45+00:00,8.81
2025-01-13 09:19:13+00:00,8.89
2025-01-13 09:30:14+00:00,8.83
2025-01-14 05:50:11+00:00,8.95
2025-01-14 05:59:39+00:00,8.9
2025-01-14 06:09:07+00:00,8.97
2025-01-14 06:20:10+00:00,8.81
2025-01-15 01:49:01+00:00,8.84
2025-01-15 02:00:06+00:00,8.88
2025-01-15 02:09:36+00:00,8.88
2025-01-15 02:20:36+00:00,8.79
2025-01-15 05:39:32+00:00,8.87
2025-01-15 05:49:00+00:00,8.83
2025-01-15 06:00:05+00:00,8.8
2025-01-15 06:09:35+00:00,8.73
2025-01-15 13:30:26+00:00,8.96
2025-01-15 13:39:53+00:00,8.96
2025-01-15 13:49:22+00:00,8.88
2025-01-15 13:58:50+00:00,8.93
2025-01-16 04:00:00+00:00,8.86
2025-01-16 04:09:34+00:00,8.91
2025-01-16 04:19:01+00:00,8.78
2025-01-16 04:30:04+00:00,8.85
2025-01-16 08:48:59+00:00,8.89
2025-01-16 09:00:01+00:00,8.76
2025-01-16 09:09:33+00:00,8.74
2025-01-16 09:19:00+00:00,8.72
2025-01-16 15:09:41+00:00,9.03
2025-01-16 15:19:07+00:00,8.86
2025-01-16 15:30:10+00:00,8.94
2025-01-16 15:39:35+00:00,8.99
2025-01-16 23:18:55+00:00,8.94
2025-01-16 23:29:57+00:00,8.89
2025-01-16 23:39:26+00:00,8.84
2025-01-17 04:18:57+00:00,9.04
2025-01-17 09:29:42+00:00,9.1
2025-01-17 09:39:13+00:00,8.89
2025-01-17 09:48:39+00:00,8.94
2025-01-17 09:59:39+00:00,8.93
2025-01-17 10:09:06+00:00,8.9
2025-01-17 10:18:33+00:00,8.87
2025-01-17 10:29:36+00:00,8.81
2025-01-18 03:09:00+00:00,8.94
2025-01-18 03:20:07+00:00,9.04
2025-01-18 03:29:36+00:00,8.97
2025-01-18 03:39:02+00:00,9.01
2025-01-18 12:09:06+00:00,9.0
2025-01-18 12:20:10+00:00,8.94
2025-01-18 12:29:38+00:00,9.06
2025-01-19 04:20:16+00:00,8.91
2025-01-19 04:29:46+00:00,8.84
2025-01-19 04:39:13+00:00,8.87
2025-01-19 04:50:15+00:00,8.87
2025-01-19 18:19:56+00:00,9.04
2025-01-19 18:29:24+00:00,9.06
2025-01-19 18:38:50+00:00,8.96
2025-01-19 18:49:53+00:00,9.0
2025-01-20 05:28:52+00:00,8.99
2025-01-20 05:39:58+00:00,8.91
2025-01-20 05:49:28+00:00,8.89
2025-01-20 05:58:55+00:00,8.83
2025-01-20 11:49:27+00:00,8.9
2025-01-20 12:00:32+00:00,8.95
2025-01-20 12:10:04+00:00,8.9
2025-01-20 12:19:31+00:00,8.86
2025-01-20 17:19:35+00:00,8.85
2025-01-20 17:29:02+00:00,8.87
2025-01-20 17:40:04+00:00,8.95
2025-01-20 17:49:32+00:00,8.87
2025-01-21 01:39:34+00:00,8.85
2025-01-21 01:49:03+00:00,8.74
2025-01-21 02:00:05+00:00,8.75
2025-01-21 02:09:34+00:00,8.73
2025-01-21 05:59:44+00:00,8.77
2025-01-21 06:09:12+00:00,8.81
2025-01-21 06:20:16+00:00,8.8
2025-01-21 06:29:44+00:00,8.77
2025-01-21 12:00:00+00:00,8.77
2025-01-21 12:09:28+00:00,8.83
2025-01-21 12:18:55+00:00,8.82
2025-01-21 12:29:56+00:00,8.73
2025-01-21 18:19:09+00:00,8.78
2025-01-21 18:30:20+00:00,8.79
2025-01-21 18:39:49+00:00,8.69
2025-01-21 18:49:16+00:00,8.78
2025-01-22 02:19:09+00:00,8.72
2025-01-22 02:30:10+00:00,8.67
2025-01-22 02:39:40+00:00,8.75
2025-01-22 02:49:08+00:00,8.67
2025-01-22 03:00:16+00:00,8.68
2025-01-22 07:39:13+00:00,8.85
2025-01-22 07:50:16+00:00,8.78
2025-01-22 07:59:45+00:00,8.85
2025-01-22 08:09:17+00:00,8.82
2025-01-23 01:20:06+00:00,8.87
2025-01-23 01:29:35+00:00,8.96
2025-01-23 01:39:05+00:00,8.82
2025-01-23 01:50:13+00:00,8.71
2025-01-23 05:39:49+00:00,8.84
2025-01-23 05:49:18+00:00,8.76
2025-01-23 06:00:23+00:00,8.79
2025-01-23 06:09:54+00:00,8.75
2025-01-23 11:59:39+00:00,8.88
2025-01-23 12:09:10+00:00,8.8
2025-01-23 12:20:16+00:00,8.83
2025-01-24 04:00:41+00:00,8.99
2025-01-24 04:10:10+00:00,8.91
2025-01-24 04:19:40+00:00,8.88
2025-01-24 04:30:41+00:00,8.83
2025-01-24 09:39:18+00:00,8.87
2025-01-24 09:50:24+00:00,8.81
2025-01-24 09:59:52+00:00,8.76
2025-01-24 10:09:22+00:00,8.82
2025-01-25 03:19:47+00:00,8.91
2025-01-25 03:29:15+00:00,8.92
2025-01-25 03:38:44+00:00,8.81
2025-01-25 03:48:16+00:00,8.88
2025-01-25 03:59:20+00:00,8.72
2025-01-25 08:29:52+00:00,8.89
2025-01-25 08:39:22+00:00,8.91
2025-01-25 08:48:56+00:00,8.75
2025-01-25 14:40:08+00:00,9.07
2025-01-25 14:49:38+00:00,9.04
2025-01-25 14:59:10+00:00,8.85
2025-01-25 15:10:14+00:00,8.95
2025-01-25 22:29:46+00:00,8.82
2025-01-25 22:39:13+00:00,8.78
2025-01-25 22:50:17+00:00,8.76
2025-01-25 22:59:46+00:00,8.73
2025-01-26 04:19:15+00:00,8.92
2025-01-26 04:30:20+00:00,8.84
2025-01-26 04:39:50+00:00,8.85
2025-01-26 04:49:20+00:00,8.8
2025-01-26 09:50:11+00:00,8.96
2025-01-26 09:59:41+00:00,8.88
2025-01-26 10:09:09+00:00,8.85
2025-01-26 16:19:18+00:00,8.92
2025-01-26 16:30:20+00:00,8.85
2025-01-26 16:39:50+00:00,8.84
2025-01-26 16:49:18+00:00,8.82
2025-01-27 00:09:04+00:00,8.81
2025-01-27 00:20:10+00:00,8.76
2025-01-27 00:29:39+00:00,8.81
2025-01-27 00:39:08+00:00,8.74
2025-01-27 04:49:01+00:00,8.85
2025-01-27 05:00:03+00:00,8.77
2025-01-27 05:09:32+00:00,8.74
2025-01-27 05:19:01+00:00,8.66
2025-01-27 10:49:54+00:00,8.92
2025-01-27 10:59:22+00:00,8.83
2025-01-27 11:10:25+00:00,8.81
2025-01-27 11:19:56+00:00,8.77
2025-01-28 03:09:44+00:00,9.31
2025-01-28 03:19:14+00:00,8.91
2025-01-28 03:30:19+00:00,8.9
2025-01-28 03:39:53+00:00,8.87
2025-01-28 08:20:00+00:00,8.91
2025-01-28 08:29:30+00:00,8.94
2025-01-28 08:40:34+00:00,8.95
2025-01-28 08:50:05+00:00,8.88
2025-01-28 14:39:52+00:00,8.99
2025-01-28 14:49:23+00:00,8.98
2025-01-28 15:00:26+00:00,8.93
2025-01-28 15:09:55+00:00,8.87
2025-01-28 22:09:40+00:00,8.87
2025-01-28 22:19:08+00:00,8.86
2025-01-28 22:30:14+00:00,8.91
2025-01-28 22:39:43+00:00,8.85
2025-01-29 03:49:45+00:00,8.9
2025-01-29 03:59:15+00:00,8.94
2025-01-29 04:08:43+00:00,8.97
2025-01-29 04:19:49+00:00,8.91
2025-01-29 04:29:20+00:00,8.89
2025-01-29 08:58:30+00:00,9.02
2025-01-29 09:09:38+00:00,9.01
2025-01-29 09:19:07+00:00,9.04
2025-01-29 14:38:31+00:00,8.97
2025-01-29 14:49:35+00:00,9.01
2025-01-29 14:59:04+00:00,8.98
2025-01-29 15:08:35+00:00,8.95
2025-01-29 21:39:09+00:00,8.98
2025-01-29 21:48:39+00:00,8.88
2025-01-29 21:59:45+00:00,8.89
2025-01-29 22:09:14+00:00,8.9
2025-01-30 04:00:41+00:00,8.9
2025-01-30 04:10:09+00:00,8.84
2025-01-30 04:19:39+00:00,8.91
2025-01-30 04:29:08+00:00,8.95
2025-01-30 13:10:18+00:00,8.89
2025-01-30 13:19:45+00:00,8.92
2025-01-30 13:29:14+00:00,8.94
2025-01-30 13:40:19+00:00,8.84
2025-01-31 03:59:22+00:00,8.89
2025-01-31 04:10:28+00:00,8.77
2025-01-31 04:19:59+00:00,8.79
2025-01-31 04:29:29+00:00,8.85
2025-01-31 08:39:38+00:00,10.48
2025-01-31 08:49:06+00:00,8.71
2025-01-31 09:00:08+00:00,8.8
2025-01-31 09:09:39+00:00,8.72
2025-01-31 09:19:10+00:00,8.73
2025-01-31 14:48:59+00:00,8.88
2025-01-31 15:00:02+00:00,8.98
2025-01-31 15:09:30+00:00,8.77
2025-01-31 15:18:57+00:00,8.81
2025-01-31 22:20:02+00:00,8.96
2025-01-31 22:29:31+00:00,8.99
2025-01-31 22:40:33+00:00,9.01
2025-01-31 22:50:02+00:00,8.92
2025-02-01 03:40:22+00:00,8.93
2025-02-01 03:49:51+00:00,8.83
2025-02-01 03:59:18+00:00,8.88
2025-02-01 04:08:47+00:00,8.9
2025-02-01 08:20:08+00:00,8.91
2025-02-01 08:29:36+00:00,8.95
2025-02-01 08:42:18+00:00,8.83
2025-02-01 08:50:15+00:00,8.83
2025-02-02 02:49:06+00:00,8.96
2025-02-02 03:00:10+00:00,8.85
2025-02-02 03:09:41+00:00,8.91
2025-02-02 15:49:08+00:00,8.88
2025-02-02 16:00:11+00:00,8.89
2025-02-02 16:09:39+00:00,8.89
2025-02-02 16:19:06+00:00,8.8
2025-02-03 03:59:05+00:00,8.9
2025-02-03 04:10:08+00:00,8.85
2025-02-03 04:19:35+00:00,8.81
2025-02-03 04:29:03+00:00,8.89
2025-02-03 04:40:07+00:00,8.73
2025-02-03 07:59:05+00:00,8.9
2025-02-03 08:10:12+00:00,8.85
2025-02-03 08:19:39+00:00,8.79
2025-02-03 08:29:08+00:00,8.79
2025-02-03 13:29:12+00:00,8.86
2025-02-03 13:40:15+00:00,8.79
2025-02-03 13:49:43+00:00,8.7
2025-02-03 13:59:10+00:00,8.74
2025-02-03 21:40:06+00:00,8.88
2025-02-03 21:49:32+00:00,8.89
2025-02-03 21:58:59+00:00,8.85
2025-02-03 22:10:02+00:00,8.84
2025-02-04 03:30:22+00:00,8.76
2025-02-04 03:39:51+00:00,8.73
2025-02-04 03:49:18+00:00,8.68
2025-02-04 03:58:46+00:00,8.71
2025-02-04 08:09:45+00:00,8.92
2025-02-04 08:19:11+00:00,8.9
2025-02-04 08:30:16+00:00,8.96
2025-02-04 08:39:43+00:00,8.87
2025-02-04 13:58:47+00:00,9.01
2025-02-04 14:09:51+00:00,8.96
2025-02-04 14:19:19+00:00,8.92
2025-02-04 14:28:48+00:00,8.9
2025-02-04 21:49:24+00:00,9.69
2025-02-04 22:00:26+00:00,9.08
2025-02-04 22:09:53+00:00,9.04
2025-02-04 22:19:22+00:00,9.08
2025-02-05 03:59:26+00:00,8.89
2025-02-05 04:08:58+00:00,8.79
2025-02-05 04:20:05+00:00,8.79
2025-02-05 04:29:33+00:00,8.84
2025-02-05 08:59:54+00:00,8.88
2025-02-05 09:09:26+00:00,8.8
2025-02-05 09:18:55+00:00,8.87
2025-02-05 09:29:58+00:00,8.81
2025-02-05 19:49:50+00:00,9.1
2025-02-05 19:59:18+00:00,9.05
2025-02-05 20:10:21+00:00,9.04
2025-02-06 03:50:29+00:00,8.95
2025-02-06 03:59:59+00:00,8.99
2025-02-06 04:09:29+00:00,8.99
2025-02-06 04:18:58+00:00,8.89
2025-02-06 09:10:10+00:00,8.82
2025-02-06 09:19:45+00:00,8.91
2025-02-06 09:29:14+00:00,8.81
2025-02-06 09:40:14+00:00,8.76
2025-02-06 15:19:42+00:00,8.91
2025-02-06 15:29:10+00:00,8.82
2025-02-06 15:40:12+00:00,8.91
2025-02-06 15:49:42+00:00,8.79
2025-02-06 23:49:45+00:00,8.76
2025-02-06 23:59:13+00:00,8.85
2025-02-07 00:08:44+00:00,8.75
2025-02-07 04:10:18+00:00,8.8
2025-02-07 04:19:47+00:00,8.82
2025-02-07 04:29:18+00:00,8.82
2025-02-07 04:40:21+00:00,8.73
2025-02-07 08:30:04+00:00,8.94
2025-02-07 08:39:33+00:00,8.76
2025-02-07 08:50:40+00:00,8.79
