created_at,compensated_tds_value
2022-09-13 07:02:48+00:00,1920.81
2022-09-14 04:45:00+00:00,198.57
2022-09-14 04:46:47+00:00,207.1
2022-09-14 04:48:38+00:00,209.97
2022-09-14 04:50:33+00:00,212.08
2022-09-14 04:52:14+00:00,212.51
2022-09-14 04:54:00+00:00,213.18
2022-09-14 04:57:15+00:00,249.03
2022-09-14 04:57:15+00:00,249.03
2022-09-14 04:59:02+00:00,256.43
2022-09-14 05:00:54+00:00,267.38
2022-09-14 05:02:53+00:00,266.14
2022-09-14 05:02:53+00:00,266.14
2022-09-14 05:08:47+00:00,253.58
2022-09-14 05:12:15+00:00,242.04
2022-09-14 05:12:15+00:00,242.04
2022-09-14 05:14:04+00:00,243.85
2022-09-14 05:16:01+00:00,243.38
2022-09-14 05:19:45+00:00,242.55
2022-09-14 05:19:45+00:00,242.55
2022-09-14 05:21:43+00:00,242.43
2022-09-14 05:21:43+00:00,242.43
2022-09-14 05:23:38+00:00,243.5
2022-09-14 05:23:38+00:00,243.5
2022-09-14 05:23:38+00:00,243.5
2022-09-14 05:25:36+00:00,242.93
2022-09-14 05:25:36+00:00,242.93
2022-09-14 05:27:46+00:00,242.45
2022-09-14 05:29:58+00:00,242.29
2022-09-14 05:29:58+00:00,242.29
2022-09-14 05:32:24+00:00,241.93
2022-09-14 05:37:37+00:00,242.55
2022-09-14 05:40:25+00:00,242.67
2022-09-14 05:46:22+00:00,243.54
2022-09-14 05:46:22+00:00,243.54
2022-09-14 05:52:43+00:00,243.34
2022-09-14 07:02:02+00:00,153.63
2022-09-14 07:02:02+00:00,153.63
2022-09-14 07:03:56+00:00,254.26
2022-09-14 07:03:56+00:00,254.26
2022-09-14 07:03:56+00:00,254.26
2022-09-14 07:05:52+00:00,254.24
2022-09-14 07:05:52+00:00,254.24
2022-09-14 07:07:39+00:00,253.94
2022-09-14 07:09:38+00:00,254.21
2022-09-14 07:11:35+00:00,254.58
2022-09-14 07:13:29+00:00,254.59
2022-09-14 07:15:26+00:00,254.83
2022-09-14 07:15:26+00:00,254.83
2022-09-14 07:22:12+00:00,254.94
2022-09-14 07:22:12+00:00,254.94
2022-09-14 10:41:49+00:00,248.38
2022-09-14 10:43:45+00:00,246.94
2022-09-14 12:53:15+00:00,325.92
2022-09-14 12:53:15+00:00,325.92
2022-09-14 14:53:57+00:00,310.46
2022-09-14 14:53:57+00:00,310.46
2022-09-14 16:54:45+00:00,308.56
2022-09-14 18:55:42+00:00,310.48
2022-09-14 20:56:32+00:00,307.49
2022-09-14 22:57:22+00:00,305.77
2022-09-14 22:57:22+00:00,305.77
2022-09-15 00:58:16+00:00,305.04
2022-09-15 02:59:15+00:00,306.48
2022-09-15 05:00:14+00:00,312.9
2022-09-15 07:01:04+00:00,311.76
2022-09-15 09:01:59+00:00,309.97
2022-09-15 11:02:42+00:00,307.72
2022-09-15 13:03:31+00:00,302.9
2022-09-15 15:04:27+00:00,301.06
2022-09-15 17:05:27+00:00,306.67
2022-10-09 12:14:11+00:00,218.28
2022-10-09 12:14:11+00:00,218.28
2022-10-09 12:14:11+00:00,218.28
2022-10-09 14:14:48+00:00,217.63
2022-10-09 14:14:48+00:00,217.63
2022-10-09 14:14:48+00:00,217.63
2022-10-09 14:14:48+00:00,217.63
2022-10-09 14:14:48+00:00,217.63
2022-10-09 14:14:48+00:00,217.63
2022-10-09 14:14:48+00:00,217.63
2022-10-09 14:14:48+00:00,217.63
2022-10-09 16:15:39+00:00,158.86
2022-10-09 16:15:39+00:00,158.86
2022-10-09 16:15:39+00:00,158.86
2022-10-09 18:16:34+00:00,158.85
2022-10-09 18:16:34+00:00,158.85
2022-10-09 18:16:34+00:00,158.85
2022-10-09 18:16:34+00:00,158.85
2022-10-09 18:16:34+00:00,158.85
2022-10-09 18:16:34+00:00,158.85
2022-10-09 18:16:34+00:00,158.85
2022-10-09 18:16:34+00:00,158.85
2022-10-09 20:17:31+00:00,158.8
2022-10-09 20:17:31+00:00,158.8
2022-10-09 20:17:31+00:00,158.8
2022-10-09 20:17:31+00:00,158.8
2022-10-09 20:17:31+00:00,158.8
2022-10-09 22:18:24+00:00,158.8
2022-10-09 22:18:24+00:00,158.8
2022-10-09 22:18:24+00:00,158.8
2022-10-09 22:18:24+00:00,158.8
2022-10-09 22:18:24+00:00,158.8
2022-10-10 00:19:08+00:00,158.84
2022-10-10 00:19:08+00:00,158.84
2022-10-10 00:19:08+00:00,158.84
2022-10-10 00:19:08+00:00,158.84
2022-10-10 00:19:08+00:00,158.84
2022-10-10 00:19:08+00:00,158.84
2022-10-10 00:19:08+00:00,158.84
2022-10-10 00:19:08+00:00,158.84
2022-10-10 02:19:45+00:00,158.84
2022-10-10 02:19:45+00:00,158.84
2022-10-10 02:19:45+00:00,158.84
2022-10-10 04:20:35+00:00,158.87
2022-10-10 04:20:35+00:00,158.87
2022-10-10 04:20:35+00:00,158.87
2022-10-10 04:20:35+00:00,158.87
2022-10-10 04:20:35+00:00,158.87
2022-10-10 04:20:35+00:00,158.87
2022-10-10 04:20:35+00:00,158.87
2022-10-10 04:20:35+00:00,158.87
2022-10-10 04:20:35+00:00,158.87
2022-10-10 04:20:35+00:00,158.87
2022-10-10 06:21:16+00:00,158.87
2022-10-10 06:21:16+00:00,158.87
2022-10-10 06:21:16+00:00,158.87
2022-10-10 08:22:05+00:00,158.8
2022-10-10 08:22:05+00:00,158.8
2022-10-10 08:22:05+00:00,158.8
2022-10-10 08:22:05+00:00,158.8
2022-10-10 08:22:05+00:00,158.8
2022-10-10 08:22:05+00:00,158.8
2022-10-10 08:22:05+00:00,158.8
2022-10-10 10:22:44+00:00,158.86
2022-10-10 12:23:25+00:00,158.87
2022-10-10 12:23:25+00:00,158.87
2022-10-10 12:23:25+00:00,158.87
2022-10-10 12:23:25+00:00,158.87
2022-10-10 12:23:25+00:00,158.87
2022-10-10 14:24:19+00:00,158.84
2022-10-10 14:24:19+00:00,158.84
2022-10-10 14:24:19+00:00,158.84
2022-10-10 14:24:19+00:00,158.84
2022-10-10 16:25:02+00:00,158.81
2022-10-10 16:25:02+00:00,158.81
2022-10-10 16:25:02+00:00,158.81
2022-10-10 16:25:02+00:00,158.81
2022-10-10 16:25:02+00:00,158.81
2022-10-10 16:25:02+00:00,158.81
2022-10-10 18:25:53+00:00,158.86
2022-10-10 18:25:53+00:00,158.86
2022-10-10 18:25:53+00:00,158.86
2022-10-10 18:25:53+00:00,158.86
2022-10-10 20:26:37+00:00,158.86
2022-10-10 20:26:37+00:00,158.86
2022-10-10 20:26:37+00:00,158.86
2022-10-10 20:26:37+00:00,158.86
2022-10-10 20:26:37+00:00,158.86
2022-10-10 20:26:37+00:00,158.86
2022-10-10 20:26:37+00:00,158.86
2022-10-10 22:27:28+00:00,158.81
2022-10-10 22:27:28+00:00,158.81
2022-10-10 22:27:28+00:00,158.81
2022-10-10 22:27:28+00:00,158.81
2022-10-10 22:27:28+00:00,158.81
2022-10-11 00:28:13+00:00,158.84
2022-10-11 00:28:13+00:00,158.84
2022-10-11 02:29:06+00:00,158.85
2022-10-11 02:29:06+00:00,158.85
2022-10-11 02:29:06+00:00,158.85
2022-10-11 02:29:06+00:00,158.85
2022-10-11 02:29:06+00:00,158.85
2022-10-11 04:29:48+00:00,158.89
2022-10-11 06:30:38+00:00,158.88
2022-10-11 06:30:38+00:00,158.88
2022-10-11 06:30:38+00:00,158.88
2022-10-11 06:30:38+00:00,158.88
2022-10-11 06:30:38+00:00,158.88
2022-10-11 06:30:38+00:00,158.88
2022-10-11 08:31:24+00:00,158.85
2022-10-11 08:31:24+00:00,158.85
2022-10-11 08:31:24+00:00,158.85
2022-10-11 08:31:24+00:00,158.85
2022-10-11 08:31:24+00:00,158.85
2022-10-11 08:31:24+00:00,158.85
2022-10-11 10:32:17+00:00,158.88
2022-10-11 12:33:01+00:00,158.89
2022-10-11 12:33:01+00:00,158.89
2022-10-11 12:33:01+00:00,158.89
2022-10-11 14:33:49+00:00,158.88
2022-10-11 14:33:49+00:00,158.88
2022-10-11 14:33:49+00:00,158.88
2022-10-11 14:33:49+00:00,158.88
2022-10-11 14:33:49+00:00,158.88
2022-10-11 14:33:49+00:00,158.88
2022-10-11 14:33:49+00:00,158.88
2022-10-11 16:34:29+00:00,158.79
2022-10-11 16:34:29+00:00,158.79
2022-10-11 16:34:29+00:00,158.79
2022-10-11 16:34:29+00:00,158.79
2022-10-11 16:34:29+00:00,158.79
2022-10-11 18:35:08+00:00,158.86
2022-10-11 18:35:08+00:00,158.86
2022-10-11 18:35:08+00:00,158.86
2022-10-11 20:35:54+00:00,158.85
2022-10-11 20:35:54+00:00,158.85
2022-10-11 20:35:54+00:00,158.85
2022-10-11 20:35:54+00:00,158.85
2022-10-11 20:35:54+00:00,158.85
2022-10-11 22:36:38+00:00,158.83
2022-10-11 22:36:38+00:00,158.83
2022-10-11 22:36:38+00:00,158.83
2022-10-11 22:36:38+00:00,158.83
2022-10-12 00:37:29+00:00,158.84
2022-10-12 00:37:29+00:00,158.84
2022-10-12 02:38:11+00:00,158.86
2022-10-12 02:38:11+00:00,158.86
2022-10-12 02:38:11+00:00,158.86
2022-10-12 04:38:57+00:00,158.9
2022-10-12 04:38:57+00:00,158.9
2022-10-12 04:38:57+00:00,158.9
2022-10-12 04:38:57+00:00,158.9
2022-10-12 04:38:57+00:00,158.9
2022-10-12 06:39:38+00:00,158.89
2022-10-12 06:39:38+00:00,158.89
2022-10-12 06:39:38+00:00,158.89
2022-10-12 06:39:38+00:00,158.89
2022-10-12 06:39:38+00:00,158.89
2022-10-12 08:40:16+00:00,158.92
2022-10-12 08:40:16+00:00,158.92
2022-10-12 08:40:16+00:00,158.92
2022-10-12 08:40:16+00:00,158.92
2022-10-12 08:40:16+00:00,158.92
2022-10-12 08:40:16+00:00,158.92
2022-10-12 08:40:16+00:00,158.92
2022-10-12 10:40:53+00:00,162.73
2022-10-12 10:40:53+00:00,162.73
2022-10-12 10:40:53+00:00,162.73
2022-10-12 10:40:53+00:00,162.73
2022-10-12 10:40:53+00:00,162.73
2022-10-12 12:41:43+00:00,158.93
2022-10-12 12:41:43+00:00,158.93
2022-10-12 12:41:43+00:00,158.93
2022-10-12 12:41:43+00:00,158.93
2022-10-12 14:46:50+00:00,158.88
2022-10-12 14:46:50+00:00,158.88
2022-10-12 16:55:10+00:00,158.87
2022-10-12 16:55:10+00:00,158.87
2022-10-12 16:55:10+00:00,158.87
2022-10-12 16:55:10+00:00,158.87
2022-10-12 19:03:35+00:00,158.86
2022-10-12 19:03:35+00:00,158.86
2022-10-12 19:03:35+00:00,158.86
2022-10-12 19:03:35+00:00,158.86
2022-10-12 19:03:35+00:00,158.86
2022-10-12 19:03:35+00:00,158.86
2022-10-12 19:03:35+00:00,158.86
2022-10-12 21:12:18+00:00,158.85
2022-10-12 21:12:18+00:00,158.85
2022-10-12 21:12:18+00:00,158.85
2022-10-12 21:12:18+00:00,158.85
2022-10-12 21:12:18+00:00,158.85
2022-10-12 21:12:18+00:00,158.85
2022-10-12 23:21:18+00:00,158.84
2022-10-12 23:21:18+00:00,158.84
2022-10-12 23:21:18+00:00,158.84
2022-10-13 01:30:20+00:00,158.84
2022-10-13 01:30:20+00:00,158.84
2022-10-13 01:30:20+00:00,158.84
2022-10-13 01:30:20+00:00,158.84
2022-10-13 03:39:51+00:00,158.88
2022-10-13 03:39:51+00:00,158.88
2022-10-13 03:39:51+00:00,158.88
2022-10-13 03:39:51+00:00,158.88
2022-10-13 03:39:51+00:00,158.88
2022-10-13 03:39:51+00:00,158.88
2022-10-13 03:39:51+00:00,158.88
2022-10-13 03:39:51+00:00,158.88
2022-10-13 05:49:16+00:00,158.87
2022-10-13 05:49:16+00:00,158.87
2022-10-13 08:00:07+00:00,158.88
2022-10-13 08:00:07+00:00,158.88
2022-10-13 08:00:07+00:00,158.88
2022-10-13 08:00:07+00:00,158.88
2022-10-13 10:15:20+00:00,158.94
2022-10-13 10:15:20+00:00,158.94
2022-10-13 10:15:20+00:00,158.94
2022-10-13 10:15:20+00:00,158.94
2022-10-13 10:15:20+00:00,158.94
2022-10-13 12:39:03+00:00,158.88
2022-10-13 12:39:03+00:00,158.88
2022-10-13 12:39:03+00:00,158.88
2022-10-13 14:50:51+00:00,158.89
2022-10-13 14:50:51+00:00,158.89
2022-10-13 14:50:51+00:00,158.89
2022-10-13 14:50:51+00:00,158.89
2022-10-13 14:50:51+00:00,158.89
2022-10-13 14:50:51+00:00,158.89
2022-10-13 17:01:43+00:00,215.31
2022-10-13 17:01:43+00:00,215.31
2022-10-13 17:01:43+00:00,215.31
2022-10-13 19:12:56+00:00,158.87
2022-10-13 19:12:56+00:00,158.87
2022-10-13 19:12:56+00:00,158.87
2022-10-13 19:12:56+00:00,158.87
2022-10-13 19:12:56+00:00,158.87
2022-10-13 21:24:18+00:00,158.86
2022-10-13 21:24:18+00:00,158.86
2022-10-13 21:24:18+00:00,158.86
2022-10-13 21:24:18+00:00,158.86
2022-10-13 23:35:47+00:00,158.85
2022-10-13 23:35:47+00:00,158.85
2022-10-13 23:35:47+00:00,158.85
2022-10-13 23:35:47+00:00,158.85
2022-10-13 23:35:47+00:00,158.85
2022-10-13 23:35:47+00:00,158.85
2022-10-13 23:35:47+00:00,158.85
2022-10-14 01:47:27+00:00,158.85
2022-10-14 01:47:27+00:00,158.85
2022-10-14 01:47:27+00:00,158.85
2022-10-14 01:47:27+00:00,158.85
2022-10-14 01:47:27+00:00,158.85
2022-10-14 01:47:27+00:00,158.85
2022-10-14 01:47:27+00:00,158.85
2022-10-14 03:59:42+00:00,158.86
2022-10-14 03:59:42+00:00,158.86
2022-10-14 03:59:42+00:00,158.86
2022-10-14 03:59:42+00:00,158.86
2022-10-14 06:11:34+00:00,158.87
2022-10-14 06:11:34+00:00,158.87
2022-10-14 08:23:36+00:00,158.89
2022-10-14 08:23:36+00:00,158.89
2022-10-14 08:23:36+00:00,158.89
2022-10-14 08:23:36+00:00,158.89
2022-10-14 10:36:45+00:00,158.9
2022-10-14 10:36:45+00:00,158.9
2022-10-14 10:36:45+00:00,158.9
2022-10-14 12:49:14+00:00,158.9
2022-10-14 12:49:14+00:00,158.9
2022-10-14 12:49:14+00:00,158.9
2022-10-14 15:02:22+00:00,158.89
2022-10-14 15:02:22+00:00,158.89
2022-10-14 15:02:22+00:00,158.89
2022-10-14 15:02:22+00:00,158.89
2022-10-14 15:02:22+00:00,158.89
2022-10-14 15:02:22+00:00,158.89
2022-10-14 17:15:42+00:00,158.88
2022-10-14 17:15:42+00:00,158.88
2022-10-14 17:15:42+00:00,158.88
2022-10-14 17:15:42+00:00,158.88
2022-10-14 17:15:42+00:00,158.88
2022-10-14 19:28:58+00:00,158.86
2022-10-14 19:28:58+00:00,158.86
2022-10-14 19:28:58+00:00,158.86
2022-10-14 19:28:58+00:00,158.86
2022-10-14 21:42:37+00:00,158.86
2022-10-14 21:42:37+00:00,158.86
2022-10-14 23:56:37+00:00,218.79
2022-10-14 23:56:37+00:00,218.79
2022-10-14 23:56:37+00:00,218.79
2022-10-14 23:56:37+00:00,218.79
2022-10-15 02:11:06+00:00,275.91
2022-10-15 02:11:06+00:00,275.91
2022-10-15 02:11:06+00:00,275.91
2022-10-15 02:11:06+00:00,275.91
2022-10-15 02:11:06+00:00,275.91
2022-10-15 02:11:06+00:00,275.91
2022-10-15 04:25:35+00:00,276.17
2022-10-15 04:25:35+00:00,276.17
2022-10-15 04:25:35+00:00,276.17
2022-10-15 04:25:35+00:00,276.17
2022-10-15 06:40:23+00:00,218.92
2022-10-15 08:55:18+00:00,218.74
2022-10-15 08:55:18+00:00,218.74
2022-10-15 08:55:18+00:00,218.74
2022-10-15 11:10:43+00:00,158.86
2022-10-15 11:10:43+00:00,158.86
2022-10-15 11:10:43+00:00,158.86
2022-10-15 13:26:51+00:00,158.88
2022-10-15 13:26:51+00:00,158.88
2022-10-15 13:26:51+00:00,158.88
2022-10-15 15:42:37+00:00,158.84
2022-10-15 15:42:37+00:00,158.84
2022-10-15 15:42:37+00:00,158.84
2022-10-15 15:42:37+00:00,158.84
2022-10-15 17:58:30+00:00,158.83
2022-10-15 20:15:11+00:00,219.5
2022-10-15 20:15:11+00:00,219.5
2022-10-15 20:15:11+00:00,219.5
2022-10-15 20:15:11+00:00,219.5
2022-10-15 20:15:11+00:00,219.5
2022-10-15 20:15:11+00:00,219.5
2022-10-15 22:31:47+00:00,219.98
2022-10-15 22:31:47+00:00,219.98
2022-10-16 00:48:47+00:00,220.24
2022-10-16 00:48:47+00:00,220.24
2022-10-16 00:48:47+00:00,220.24
2022-10-16 00:48:47+00:00,220.24
2022-10-16 00:48:47+00:00,220.24
2022-10-16 03:06:33+00:00,220.05
2022-10-16 03:06:33+00:00,220.05
2022-10-16 03:06:33+00:00,220.05
2022-10-16 05:24:19+00:00,158.89
2022-10-16 05:24:19+00:00,158.89
2022-10-16 05:24:19+00:00,158.89
2022-10-16 07:41:54+00:00,158.83
2022-10-16 07:41:54+00:00,158.83
2022-10-16 07:41:54+00:00,158.83
2022-10-16 07:41:54+00:00,158.83
2022-10-16 09:59:31+00:00,158.86
2022-10-16 09:59:31+00:00,158.86
2022-10-16 09:59:31+00:00,158.86
2022-10-16 09:59:31+00:00,158.86
2022-10-16 09:59:31+00:00,158.86
2022-10-16 09:59:31+00:00,158.86
2022-10-16 09:59:31+00:00,158.86
2022-10-16 12:17:49+00:00,217.69
2022-10-16 12:17:49+00:00,217.69
2022-10-16 12:17:49+00:00,217.69
2022-10-16 12:17:49+00:00,217.69
2022-10-16 12:17:49+00:00,217.69
2022-10-16 12:17:49+00:00,217.69
2022-10-16 14:36:09+00:00,217.75
2022-10-16 14:36:09+00:00,217.75
2022-10-16 16:54:53+00:00,218.16
2022-10-16 19:13:49+00:00,219.61
2022-10-16 19:13:49+00:00,219.61
2022-10-16 19:13:49+00:00,219.61
2022-10-16 21:32:52+00:00,219.34
2022-10-16 21:32:52+00:00,219.34
2022-10-16 23:52:42+00:00,220.11
2022-10-16 23:52:42+00:00,220.11
2022-10-16 23:52:42+00:00,220.11
2022-10-16 23:52:42+00:00,220.11
2022-10-16 23:52:42+00:00,220.11
2022-10-17 02:12:15+00:00,219.94
2022-10-17 02:12:15+00:00,219.94
2022-10-17 04:32:12+00:00,218.57
2022-10-17 04:32:12+00:00,218.57
2022-10-17 04:32:12+00:00,218.57
2022-10-17 04:32:12+00:00,218.57
2022-10-17 04:32:12+00:00,218.57
2022-10-17 06:52:01+00:00,218.43
2022-10-17 06:52:01+00:00,218.43
2022-10-17 09:13:00+00:00,217.02
2022-10-17 09:13:00+00:00,217.02
2022-10-17 11:33:43+00:00,216.12
2022-10-17 11:33:43+00:00,216.12
2022-10-17 11:33:43+00:00,216.12
2022-10-17 13:54:27+00:00,215.35
2022-10-17 16:15:17+00:00,215.8
2022-10-17 16:15:17+00:00,215.8
2022-10-17 18:37:16+00:00,217.12
2022-10-17 18:37:16+00:00,217.12
2022-10-17 20:58:57+00:00,217.81
2022-10-17 20:58:57+00:00,217.81
2022-10-17 23:20:58+00:00,218.23
2022-10-17 23:20:58+00:00,218.23
2022-10-17 23:20:58+00:00,218.23
2022-10-18 01:42:56+00:00,219.45
2022-10-18 01:42:56+00:00,219.45
2022-10-18 01:42:56+00:00,219.45
2022-10-18 04:05:08+00:00,215.3
2022-10-18 04:05:08+00:00,215.3
2022-10-18 06:27:43+00:00,217.7
2022-10-18 08:50:59+00:00,216.16
2022-10-18 08:50:59+00:00,216.16
2022-10-18 08:50:59+00:00,216.16
2022-10-18 08:50:59+00:00,216.16
2022-10-18 11:13:48+00:00,215.42
2022-10-18 11:13:48+00:00,215.42
2022-10-18 13:37:42+00:00,215.47
2022-10-18 13:37:42+00:00,215.47
2022-10-18 13:37:42+00:00,215.47
2022-10-18 15:59:51+00:00,215.82
2022-10-18 15:59:51+00:00,215.82
2022-10-18 18:22:50+00:00,216.8
2022-10-18 18:22:50+00:00,216.8
2022-10-18 18:22:50+00:00,216.8
2022-10-18 18:22:50+00:00,216.8
2022-10-18 20:45:51+00:00,217.36
2022-10-18 20:45:51+00:00,217.36
2022-10-18 20:45:51+00:00,217.36
2022-10-18 23:08:59+00:00,218.39
2022-10-18 23:08:59+00:00,218.39
2022-10-19 01:32:51+00:00,218.9
2022-10-19 01:32:51+00:00,218.9
2022-10-19 01:32:51+00:00,218.9
2022-10-19 03:57:05+00:00,218.75
2022-10-19 03:57:05+00:00,218.75
2022-10-19 06:23:23+00:00,218.19
2022-10-19 06:23:23+00:00,218.19
2022-10-19 08:48:55+00:00,216.9
2022-10-19 11:14:46+00:00,215.79
2022-10-19 13:39:54+00:00,215.81
2022-10-19 13:39:54+00:00,215.81
2022-10-19 16:04:03+00:00,216.76
2022-10-19 16:04:03+00:00,216.76
2022-10-19 16:04:03+00:00,216.76
2022-10-19 18:29:12+00:00,217.09
2022-10-19 18:29:12+00:00,217.09
2022-10-19 18:29:12+00:00,217.09
2022-10-19 18:29:12+00:00,217.09
2022-10-19 20:54:11+00:00,217.87
2022-10-19 23:20:14+00:00,218.58
2022-10-20 01:46:34+00:00,218.97
2022-10-20 04:13:16+00:00,218.41
2022-10-20 06:39:18+00:00,218.32
2022-10-20 06:39:18+00:00,218.32
2022-10-20 09:06:44+00:00,216.99
2022-10-20 09:06:44+00:00,216.99
2022-10-20 11:32:20+00:00,215.85
2022-10-20 14:00:03+00:00,215.92
2022-10-20 14:00:03+00:00,215.92
2022-10-20 14:00:03+00:00,215.92
2022-10-20 16:28:22+00:00,216.17
2022-10-20 18:57:00+00:00,217.18
2022-10-20 18:57:00+00:00,217.18
2022-10-20 21:25:48+00:00,217.42
2022-10-20 23:55:17+00:00,218.08
2022-10-20 23:55:17+00:00,218.08
2022-10-21 02:24:12+00:00,218.92
2022-10-21 04:53:15+00:00,218.65
2022-10-21 04:53:15+00:00,218.65
2022-10-21 07:23:05+00:00,217.56
2022-10-21 09:52:53+00:00,216.56
2022-10-21 12:23:24+00:00,216.12
2022-10-21 14:53:32+00:00,216.69
2022-10-21 17:24:20+00:00,217.12
2022-10-21 19:54:32+00:00,217.96
2022-10-21 19:54:32+00:00,217.96
2022-10-21 22:25:22+00:00,218.69
2022-10-22 00:56:44+00:00,219.73
2022-10-22 03:28:23+00:00,219.24
2022-10-22 06:00:17+00:00,219.25
2022-11-01 12:07:27+00:00,391.71
2022-11-01 14:08:19+00:00,384.65
2022-11-01 14:08:19+00:00,384.65
2022-11-02 00:12:04+00:00,367.18
2022-11-02 08:14:56+00:00,373.09
2022-11-02 10:15:47+00:00,378.6
2022-11-02 12:16:30+00:00,391.62
2022-11-02 14:17:22+00:00,380.68
2022-11-02 16:18:02+00:00,377.74
2022-11-02 18:18:58+00:00,375.04
2022-11-02 20:19:43+00:00,374.48
2022-11-02 22:20:37+00:00,374.36
2022-11-03 00:21:17+00:00,373.52
2022-11-04 04:32:05+00:00,376.57
2022-12-21 07:09:10+00:00,246.34
2022-12-21 07:18:01+00:00,246.32
2022-12-21 07:18:01+00:00,246.32
2022-12-21 07:19:57+00:00,246.25
2022-12-21 07:19:57+00:00,246.25
2022-12-21 07:19:57+00:00,246.25
2022-12-21 07:19:57+00:00,246.25
2022-12-21 07:19:57+00:00,246.25
2022-12-21 07:19:57+00:00,246.25
2022-12-21 07:21:45+00:00,246.01
2022-12-21 07:21:45+00:00,246.01
2022-12-21 07:21:45+00:00,246.01
2022-12-21 07:21:45+00:00,246.01
2022-12-21 07:21:45+00:00,246.01
2022-12-21 07:23:47+00:00,246.22
2022-12-21 07:23:47+00:00,246.22
2022-12-21 07:23:47+00:00,246.22
2022-12-21 07:23:47+00:00,246.22
2022-12-21 07:23:47+00:00,246.22
2022-12-21 07:26:06+00:00,246.21
2022-12-21 07:26:06+00:00,246.21
2022-12-21 07:26:06+00:00,246.21
2022-12-21 07:26:06+00:00,246.21
2022-12-21 07:26:06+00:00,246.21
2022-12-21 07:28:42+00:00,246.19
2022-12-21 07:28:42+00:00,246.19
2022-12-21 07:31:23+00:00,246.16
2022-12-21 07:31:23+00:00,246.16
2022-12-21 07:31:23+00:00,246.16
2022-12-21 07:37:29+00:00,246.2
2022-12-21 07:37:29+00:00,246.2
2022-12-21 07:37:29+00:00,246.2
2022-12-21 07:37:29+00:00,246.2
2022-12-21 07:40:49+00:00,246.36
2022-12-21 07:40:49+00:00,246.36
2022-12-21 07:40:49+00:00,246.36
2022-12-21 07:40:49+00:00,246.36
2022-12-21 07:40:49+00:00,246.36
2022-12-21 07:44:29+00:00,246.2
2022-12-21 07:44:29+00:00,246.2
2022-12-21 07:44:29+00:00,246.2
2022-12-21 07:44:29+00:00,246.2
2022-12-21 07:44:29+00:00,246.2
2022-12-21 07:44:29+00:00,246.2
2022-12-21 07:48:28+00:00,246.22
2022-12-21 07:48:28+00:00,246.22
2022-12-21 07:48:28+00:00,246.22
2022-12-21 07:48:28+00:00,246.22
2022-12-21 07:52:59+00:00,246.23
2022-12-21 07:52:59+00:00,246.23
2022-12-21 07:52:59+00:00,246.23
2022-12-21 07:57:31+00:00,246.25
2022-12-21 08:02:32+00:00,246.26
2022-12-21 08:02:32+00:00,246.26
2022-12-21 08:07:42+00:00,246.06
2022-12-21 08:07:42+00:00,246.06
2022-12-21 08:07:42+00:00,246.06
2022-12-21 08:07:42+00:00,246.06
2022-12-21 08:07:42+00:00,246.06
2022-12-21 08:13:17+00:00,246.28
2022-12-21 08:13:17+00:00,246.28
2022-12-21 08:13:17+00:00,246.28
2022-12-21 08:13:17+00:00,246.28
2022-12-21 08:13:17+00:00,246.28
2022-12-21 08:13:17+00:00,246.28
2022-12-21 08:13:17+00:00,246.28
2022-12-21 08:18:52+00:00,246.31
2022-12-21 08:18:52+00:00,246.31
2022-12-21 08:18:52+00:00,246.31
2022-12-21 08:18:52+00:00,246.31
2022-12-21 08:18:52+00:00,246.31
2022-12-21 08:18:52+00:00,246.31
2022-12-21 08:18:52+00:00,246.31
2022-12-21 08:18:52+00:00,246.31
2022-12-21 08:18:52+00:00,246.31
2022-12-21 08:18:52+00:00,246.31
2022-12-21 08:24:51+00:00,246.32
2022-12-21 08:24:51+00:00,246.32
2022-12-21 08:24:51+00:00,246.32
2022-12-21 08:24:51+00:00,246.32
2022-12-21 08:24:51+00:00,246.32
2022-12-21 08:31:14+00:00,246.25
2022-12-21 08:37:46+00:00,246.34
2022-12-21 08:37:46+00:00,246.34
2022-12-21 08:37:46+00:00,246.34
2022-12-21 08:44:46+00:00,246.36
2022-12-21 08:44:46+00:00,246.36
2022-12-21 08:44:46+00:00,246.36
2022-12-21 08:44:46+00:00,246.36
2022-12-21 08:52:11+00:00,246.38
2022-12-21 08:52:11+00:00,246.38
2022-12-21 08:52:11+00:00,246.38
2022-12-21 08:59:41+00:00,246.41
2022-12-21 08:59:41+00:00,246.41
2022-12-21 08:59:41+00:00,246.41
2022-12-21 09:07:08+00:00,246.39
2022-12-21 09:07:08+00:00,246.39
2022-12-21 09:14:42+00:00,246.43
2022-12-21 09:14:42+00:00,246.43
2022-12-21 09:14:42+00:00,246.43
2022-12-21 09:22:43+00:00,246.45
2022-12-21 09:31:24+00:00,246.63
2022-12-21 09:40:18+00:00,246.45
2022-12-21 09:40:18+00:00,246.45
2022-12-21 09:40:18+00:00,246.45
2022-12-21 09:40:18+00:00,246.45
2022-12-21 09:49:24+00:00,246.46
2022-12-21 09:49:24+00:00,246.46
2022-12-21 09:49:24+00:00,246.46
2022-12-21 09:49:24+00:00,246.46
2022-12-21 09:49:24+00:00,246.46
2022-12-21 09:49:24+00:00,246.46
2022-12-21 09:58:44+00:00,246.47
2022-12-21 10:08:12+00:00,246.46
2022-12-21 10:08:12+00:00,246.46
2022-12-21 10:08:12+00:00,246.46
2022-12-21 10:08:12+00:00,246.46
2022-12-21 10:18:13+00:00,246.48
2022-12-21 10:18:13+00:00,246.48
2022-12-21 10:18:13+00:00,246.48
2022-12-21 10:29:10+00:00,246.47
2022-12-21 10:29:10+00:00,246.47
2022-12-21 10:39:48+00:00,246.46
2022-12-21 10:39:48+00:00,246.46
2022-12-21 10:50:47+00:00,246.49
2022-12-21 10:50:47+00:00,246.49
2022-12-21 10:50:47+00:00,246.49
2022-12-21 11:14:18+00:00,246.29
2022-12-21 11:14:18+00:00,246.29
2022-12-21 11:14:18+00:00,246.29
2022-12-21 11:14:18+00:00,246.29
2022-12-21 11:26:11+00:00,246.51
2022-12-21 11:26:11+00:00,246.51
2022-12-21 11:38:35+00:00,246.53
2022-12-21 11:38:35+00:00,246.53
2022-12-21 11:38:35+00:00,246.53
2022-12-21 11:38:35+00:00,246.53
2022-12-21 11:38:35+00:00,246.53
2022-12-21 11:51:13+00:00,246.56
2022-12-21 11:51:13+00:00,246.56
2022-12-21 11:51:13+00:00,246.56
2022-12-21 12:03:47+00:00,246.6
2022-12-21 12:03:47+00:00,246.6
2022-12-21 12:03:47+00:00,246.6
2022-12-21 12:03:47+00:00,246.6
2022-12-21 12:17:19+00:00,246.65
2022-12-21 12:17:19+00:00,246.65
2022-12-21 12:17:19+00:00,246.65
2022-12-21 12:30:36+00:00,246.62
2022-12-21 12:30:36+00:00,246.62
2022-12-21 12:44:28+00:00,246.67
2022-12-21 12:44:28+00:00,246.67
2022-12-21 12:44:28+00:00,246.67
2022-12-21 12:58:16+00:00,246.61
2022-12-21 13:12:38+00:00,246.66
2022-12-21 13:12:38+00:00,246.66
2022-12-21 13:12:38+00:00,246.66
2022-12-21 13:12:38+00:00,246.66
2022-12-21 13:12:38+00:00,246.66
2022-12-21 13:27:03+00:00,246.7
2022-12-21 13:27:03+00:00,246.7
2022-12-21 13:27:03+00:00,246.7
2022-12-21 13:27:03+00:00,246.7
2022-12-21 13:27:03+00:00,246.7
2022-12-21 13:27:03+00:00,246.7
2022-12-21 13:42:02+00:00,246.73
2022-12-21 13:42:02+00:00,246.73
2022-12-21 13:42:02+00:00,246.73
2022-12-21 13:42:02+00:00,246.73
2022-12-21 13:57:57+00:00,246.73
2022-12-21 13:57:57+00:00,246.73
2022-12-21 13:57:57+00:00,246.73
2022-12-21 13:57:57+00:00,246.73
2022-12-21 13:57:57+00:00,246.73
2022-12-21 14:14:03+00:00,246.74
2022-12-21 14:14:03+00:00,246.74
2022-12-21 14:14:03+00:00,246.74
2022-12-21 14:30:11+00:00,246.76
2022-12-21 14:46:14+00:00,246.75
2022-12-21 14:46:14+00:00,246.75
2022-12-21 14:46:14+00:00,246.75
2022-12-21 15:02:34+00:00,246.76
2022-12-21 15:02:34+00:00,246.76
2022-12-21 15:36:29+00:00,246.8
2022-12-21 15:36:29+00:00,246.8
2022-12-21 15:53:47+00:00,246.83
2022-12-21 16:11:15+00:00,246.83
2022-12-21 16:11:15+00:00,246.83
2022-12-21 16:28:44+00:00,246.85
2022-12-21 16:46:49+00:00,246.61
2022-12-21 17:05:17+00:00,246.69
2022-12-21 17:05:17+00:00,246.69
2022-12-21 17:24:30+00:00,246.88
2022-12-21 17:24:30+00:00,246.88
2022-12-21 17:44:18+00:00,246.88
2022-12-21 17:44:18+00:00,246.88
2022-12-21 17:44:18+00:00,246.88
2022-12-21 17:44:18+00:00,246.88
2022-12-21 18:04:02+00:00,246.89
2022-12-21 18:04:02+00:00,246.89
2022-12-21 18:44:21+00:00,246.89
2022-12-21 19:04:45+00:00,246.93
2022-12-21 19:04:45+00:00,246.93
2022-12-21 19:04:45+00:00,246.93
2022-12-21 19:46:34+00:00,246.82
2022-12-21 19:46:34+00:00,246.82
2022-12-21 19:46:34+00:00,246.82
2022-12-21 20:07:36+00:00,246.99
2022-12-21 20:07:36+00:00,246.99
2022-12-21 20:07:36+00:00,246.99
2022-12-21 20:28:42+00:00,246.97
2022-12-21 20:50:14+00:00,246.99
2022-12-21 21:12:11+00:00,246.97
2022-12-21 21:12:11+00:00,246.97
2022-12-21 21:12:11+00:00,246.97
2022-12-21 21:57:22+00:00,247.2
2022-12-21 22:21:45+00:00,247.04
2022-12-21 22:21:45+00:00,247.04
2022-12-21 23:08:52+00:00,247.17
2022-12-21 23:08:52+00:00,247.17
2022-12-21 23:08:52+00:00,247.17
2022-12-21 23:08:52+00:00,247.17
2022-12-21 23:08:52+00:00,247.17
2022-12-21 23:33:01+00:00,247.21
2022-12-21 23:33:01+00:00,247.21
2022-12-21 23:57:05+00:00,247.02
2022-12-21 23:57:05+00:00,247.02
2022-12-21 23:57:05+00:00,247.02
2022-12-21 23:57:05+00:00,247.02
2022-12-22 00:21:32+00:00,247.11
2022-12-22 00:21:32+00:00,247.11
2022-12-22 01:12:43+00:00,247.02
2022-12-22 01:12:43+00:00,247.02
2022-12-22 01:37:57+00:00,247.0
2022-12-22 01:37:57+00:00,247.0
2022-12-22 01:37:57+00:00,247.0
2022-12-22 01:37:57+00:00,247.0
2022-12-22 02:04:18+00:00,247.02
2022-12-22 03:51:30+00:00,247.02
2022-12-22 04:19:21+00:00,247.2
2022-12-22 04:47:10+00:00,247.04
2022-12-22 05:15:22+00:00,247.05
2022-12-22 05:44:00+00:00,247.04
2022-12-22 06:12:42+00:00,247.04
2022-12-22 06:12:42+00:00,247.04
2022-12-22 06:42:06+00:00,247.04
2022-12-22 07:41:02+00:00,247.03
2022-12-22 08:40:53+00:00,247.06
2022-12-22 09:12:09+00:00,247.02
2022-12-22 09:12:09+00:00,247.02
2022-12-22 09:44:19+00:00,247.02
2022-12-22 10:16:28+00:00,247.03
2022-12-22 13:00:30+00:00,247.09
2022-12-22 14:07:18+00:00,247.2
2022-12-22 14:07:18+00:00,247.2
2022-12-22 14:07:18+00:00,247.2
2022-12-22 14:40:43+00:00,247.11
2022-12-22 14:40:43+00:00,247.11
2022-12-22 15:14:38+00:00,247.1
2022-12-22 16:23:43+00:00,247.11
2022-12-23 04:59:41+00:00,247.35
2022-12-23 05:12:47+00:00,246.92
2022-12-23 05:14:39+00:00,246.87
2022-12-23 05:16:41+00:00,246.88
2022-12-23 05:20:27+00:00,246.77
2022-12-25 07:51:23+00:00,253.0
2023-01-11 05:06:35+00:00,259.88
2023-01-11 05:20:31+00:00,260.0
2023-01-11 05:23:47+00:00,260.04
2023-01-11 05:40:07+00:00,259.87
2023-01-11 06:04:04+00:00,260.03
2023-01-11 06:15:27+00:00,259.99
2023-01-11 06:20:56+00:00,260.09
2023-01-11 06:46:53+00:00,260.0
2023-01-11 07:36:57+00:00,259.91
2023-01-11 07:36:57+00:00,259.91
2023-01-11 07:36:57+00:00,259.91
2023-01-11 07:42:28+00:00,260.02
2023-01-11 07:45:06+00:00,259.95
2023-01-11 07:45:06+00:00,259.95
2023-01-11 07:47:40+00:00,260.14
2023-01-11 07:54:04+00:00,260.18
2023-01-11 07:54:04+00:00,260.18
2023-01-11 07:57:21+00:00,260.1
2023-01-11 08:01:15+00:00,260.11
2023-01-11 08:05:08+00:00,260.11
2023-01-11 08:09:26+00:00,260.15
2023-01-11 08:13:44+00:00,260.13
2023-01-11 08:18:09+00:00,260.18
2023-01-11 08:22:38+00:00,260.1
2023-01-11 08:48:48+00:00,260.19
2023-01-11 09:07:09+00:00,260.23
2023-01-11 09:07:09+00:00,260.23
2023-01-11 09:13:54+00:00,260.22
2023-01-11 09:13:54+00:00,260.22
2023-01-11 09:13:54+00:00,260.22
2023-01-11 09:27:35+00:00,260.18
2023-01-11 09:34:41+00:00,260.14
2023-01-11 09:49:01+00:00,260.26
2023-01-11 09:49:01+00:00,260.26
2023-01-11 10:13:08+00:00,260.2
2023-01-11 10:13:08+00:00,260.2
2023-01-11 10:30:02+00:00,260.28
2023-01-11 10:38:30+00:00,260.34
2023-01-11 10:38:30+00:00,260.34
2023-01-11 10:47:49+00:00,260.26
2023-01-11 10:57:04+00:00,260.34
2023-01-11 11:15:43+00:00,260.3
2023-01-11 11:56:20+00:00,260.19
2023-01-11 11:56:20+00:00,260.19
2023-01-11 11:56:20+00:00,260.19
2023-01-11 11:56:20+00:00,260.19
2023-01-11 12:41:01+00:00,260.26
2023-01-11 13:39:08+00:00,260.37
2023-01-11 13:39:08+00:00,260.37
2023-01-11 13:51:00+00:00,260.33
2023-01-11 13:51:00+00:00,260.33
2023-01-11 13:51:00+00:00,260.33
2023-01-11 14:54:44+00:00,260.28
2023-01-11 15:21:29+00:00,260.28
2023-01-11 15:21:29+00:00,260.28
2023-01-11 16:03:39+00:00,260.29
2023-01-11 16:17:49+00:00,260.26
2023-01-11 17:17:35+00:00,260.23
2023-01-11 17:48:27+00:00,260.34
2023-01-11 18:20:03+00:00,260.26
2023-01-11 18:20:03+00:00,260.26
2023-01-11 18:36:49+00:00,260.28
2023-01-11 18:54:24+00:00,260.18
2023-01-11 18:54:24+00:00,260.18
2023-01-11 19:11:07+00:00,260.2
2023-01-11 19:27:44+00:00,260.2
2023-01-11 19:27:44+00:00,260.2
2023-01-11 19:44:50+00:00,260.14
2023-01-11 20:02:31+00:00,260.13
2023-01-11 20:20:04+00:00,260.1
2023-01-11 20:38:10+00:00,260.11
2023-01-12 00:05:59+00:00,260.08
2023-01-17 06:35:32+00:00,259.99
2023-01-17 06:41:56+00:00,260.14
2023-01-17 06:41:56+00:00,260.14
2023-01-17 06:45:20+00:00,260.15
2023-01-17 06:45:20+00:00,260.15
2023-01-17 06:48:47+00:00,260.24
2023-01-17 06:59:22+00:00,260.26
2023-01-17 07:16:17+00:00,260.31
2023-01-17 07:41:58+00:00,260.21
2023-01-17 07:48:11+00:00,260.22
2023-01-17 07:54:54+00:00,260.08
2023-01-17 08:01:33+00:00,260.19
2023-01-17 08:09:00+00:00,260.29
2023-01-17 08:17:00+00:00,260.24
2023-01-17 08:25:57+00:00,260.24
2023-01-17 09:02:41+00:00,260.26
2023-01-17 09:02:41+00:00,260.26
2023-01-17 10:13:10+00:00,260.4
2023-01-17 10:24:48+00:00,260.3
2023-01-17 10:37:11+00:00,260.37
2023-01-17 11:55:30+00:00,260.28
2023-01-17 12:51:15+00:00,260.37
2023-01-17 12:51:15+00:00,260.37
2023-01-17 12:51:15+00:00,260.37
2023-01-17 12:51:15+00:00,260.37
2023-01-17 13:05:51+00:00,260.34
2023-01-17 14:22:13+00:00,260.32
2023-01-17 14:37:45+00:00,260.42
2023-01-17 15:09:31+00:00,260.38
2023-01-17 16:56:07+00:00,260.26
2023-01-17 18:10:56+00:00,260.25
2023-01-17 18:52:58+00:00,260.32
2023-01-17 19:35:12+00:00,260.27
2023-01-17 22:51:52+00:00,260.25
2023-01-21 08:27:20+00:00,259.81
2023-01-21 08:52:08+00:00,260.07
2023-01-21 09:21:58+00:00,259.99
2023-01-21 09:21:58+00:00,259.99
2023-01-21 09:29:25+00:00,260.11
2023-01-21 09:33:16+00:00,260.09
2023-01-21 09:37:10+00:00,260.1
2023-01-21 09:41:04+00:00,260.02
2023-01-21 09:44:50+00:00,260.15
2023-01-21 10:05:57+00:00,260.26
2023-01-21 10:13:11+00:00,260.31
2023-01-21 10:20:52+00:00,260.26
2023-01-21 10:28:28+00:00,260.33
2023-01-21 10:36:08+00:00,260.31
2023-01-21 10:36:08+00:00,260.31
2023-01-21 10:43:44+00:00,260.32
2023-01-21 10:43:44+00:00,260.32
2023-01-21 10:43:44+00:00,260.32
2023-01-21 11:39:11+00:00,260.29
2023-01-21 11:50:11+00:00,260.3
2023-01-21 11:50:11+00:00,260.3
2023-01-21 12:24:22+00:00,260.34
2023-01-21 12:24:22+00:00,260.34
2023-01-21 12:35:37+00:00,260.41
2023-01-21 13:26:04+00:00,260.37
2023-01-21 13:26:04+00:00,260.37
2023-01-21 13:39:39+00:00,260.42
2023-01-21 14:07:00+00:00,260.25
2023-01-21 14:48:24+00:00,260.35
2023-01-21 15:16:47+00:00,260.36
2023-01-21 16:01:49+00:00,260.29
2023-01-21 16:18:02+00:00,260.33
2023-01-21 16:33:54+00:00,260.34
2023-01-21 16:51:07+00:00,260.3
2023-01-21 17:08:16+00:00,260.32
2023-01-21 18:17:13+00:00,260.34
2023-01-21 18:34:38+00:00,260.31
2023-01-21 20:20:11+00:00,260.29
2023-01-21 20:20:11+00:00,260.29
2023-01-21 20:43:55+00:00,260.23
2023-01-21 21:31:02+00:00,260.21
2023-01-21 21:55:09+00:00,260.21
2023-01-21 21:55:09+00:00,260.21
2023-01-21 22:21:12+00:00,260.21
2023-01-21 22:45:23+00:00,260.15
2023-01-21 23:09:54+00:00,260.18
2023-01-22 00:28:58+00:00,260.18
2023-01-22 04:21:03+00:00,260.16
2023-01-22 09:15:26+00:00,260.35
2023-01-22 15:03:50+00:00,260.4
2023-01-24 06:29:31+00:00,260.3
2023-01-24 06:29:31+00:00,260.3
2023-01-24 06:31:45+00:00,260.3
2023-01-24 06:31:45+00:00,260.3
2023-01-24 06:38:36+00:00,260.28
2023-01-24 06:42:51+00:00,260.27
2023-01-24 06:47:04+00:00,260.29
2023-01-24 06:55:59+00:00,260.31
2023-01-24 07:00:15+00:00,260.27
2023-01-24 07:00:15+00:00,260.27
2023-01-24 07:05:24+00:00,260.28
2023-01-24 07:05:24+00:00,260.28
2023-01-24 07:05:24+00:00,260.28
2023-01-24 07:11:07+00:00,260.32
2023-01-24 07:11:07+00:00,260.32
2023-01-24 07:11:07+00:00,260.32
2023-01-24 07:16:46+00:00,260.31
2023-01-24 07:16:46+00:00,260.31
2023-01-24 07:22:46+00:00,260.35
2023-01-24 07:22:46+00:00,260.35
2023-01-24 07:22:46+00:00,260.35
2023-01-24 07:30:02+00:00,260.33
2023-01-24 07:38:05+00:00,260.28
2023-01-24 07:38:05+00:00,260.28
2023-01-24 08:02:11+00:00,260.34
2023-01-24 08:10:01+00:00,260.34
2023-01-24 08:26:45+00:00,260.4
2023-01-24 08:36:28+00:00,260.39
2023-01-24 08:36:28+00:00,260.39
2023-01-24 08:46:09+00:00,260.37
2023-01-24 08:56:24+00:00,260.47
2023-01-24 08:56:24+00:00,260.47
2023-01-24 09:08:04+00:00,260.42
2023-01-24 09:20:24+00:00,260.36
2023-01-24 09:20:24+00:00,260.36
2023-01-24 09:33:01+00:00,260.43
2023-01-24 09:33:01+00:00,260.43
2023-01-24 09:33:01+00:00,260.43
2023-01-24 09:57:46+00:00,260.38
2023-01-24 10:22:55+00:00,260.32
2023-01-24 10:49:18+00:00,260.44
2023-01-24 10:49:18+00:00,260.44
2023-01-24 11:04:19+00:00,260.37
2023-01-24 11:19:01+00:00,260.36
2023-01-24 11:19:01+00:00,260.36
2023-01-24 11:35:36+00:00,260.37
2023-01-24 11:35:36+00:00,260.37
2023-01-24 12:08:27+00:00,260.17
2023-01-24 12:41:30+00:00,260.34
2023-01-24 12:41:30+00:00,260.34
2023-01-24 12:58:50+00:00,260.32
2023-01-24 12:58:50+00:00,260.32
2023-01-24 13:33:31+00:00,260.43
2023-01-24 13:33:31+00:00,260.43
2023-01-24 13:33:31+00:00,260.43
2023-01-24 14:08:50+00:00,260.34
2023-01-24 14:27:46+00:00,260.43
2023-01-24 14:46:50+00:00,260.37
2023-01-24 14:46:50+00:00,260.37
2023-01-24 15:06:05+00:00,260.36
2023-01-24 15:25:08+00:00,260.3
2023-01-24 15:25:08+00:00,260.3
2023-01-24 15:25:08+00:00,260.3
2023-01-24 15:25:08+00:00,260.3
2023-01-24 16:04:40+00:00,260.33
2023-01-24 16:04:40+00:00,260.33
2023-01-24 16:04:40+00:00,260.33
2023-01-24 16:25:21+00:00,260.39
2023-01-24 16:25:21+00:00,260.39
2023-01-24 16:25:21+00:00,260.39
2023-01-24 16:45:56+00:00,260.29
2023-01-24 16:45:56+00:00,260.29
2023-01-24 16:45:56+00:00,260.29
2023-01-24 17:06:50+00:00,260.33
2023-01-24 17:29:07+00:00,260.33
2023-01-24 17:29:07+00:00,260.33
2023-01-24 18:15:20+00:00,260.29
2023-01-24 18:38:56+00:00,260.27
2023-01-24 18:38:56+00:00,260.27
2023-01-24 18:38:56+00:00,260.27
2023-01-24 19:02:02+00:00,260.25
2023-01-24 20:13:29+00:00,260.24
2023-01-24 20:13:29+00:00,260.24
2023-01-24 21:29:13+00:00,260.19
2023-01-24 21:55:56+00:00,260.28
2023-01-24 21:55:56+00:00,260.28
2023-01-24 23:44:04+00:00,260.29
2023-01-24 23:44:04+00:00,260.29
2023-01-25 00:11:40+00:00,260.27
2023-01-25 00:11:40+00:00,260.27
2023-01-25 00:11:40+00:00,260.27
2023-01-25 00:39:21+00:00,260.23
2023-01-25 02:38:46+00:00,260.26
2023-01-25 04:12:50+00:00,260.21
2023-01-25 04:12:50+00:00,260.21
2023-01-25 04:45:35+00:00,260.18
2023-01-25 06:27:50+00:00,260.28
2023-01-25 07:41:23+00:00,260.22
2023-01-25 08:18:03+00:00,260.34
2023-01-25 08:18:03+00:00,260.34
2023-01-25 10:10:58+00:00,260.43
2023-01-25 11:30:22+00:00,260.38
2023-01-25 12:10:17+00:00,260.39
2023-01-25 14:14:56+00:00,260.35
2023-01-25 14:14:56+00:00,260.35
2023-01-25 14:55:55+00:00,260.36
2023-01-25 22:08:16+00:00,260.19
2023-01-25 22:53:00+00:00,260.2
2023-01-25 22:53:00+00:00,260.2
2023-01-26 01:58:20+00:00,260.13
2023-01-26 01:58:20+00:00,260.13
2023-01-26 02:48:35+00:00,260.15
2023-01-26 05:19:30+00:00,260.16
2023-01-26 10:18:42+00:00,260.34
2023-01-26 11:04:21+00:00,260.34
2023-01-26 11:51:24+00:00,260.42
2023-01-26 12:51:07+00:00,260.3
2023-01-26 12:51:07+00:00,260.3
2023-01-26 19:13:26+00:00,260.19
2023-01-26 22:07:32+00:00,260.15
2023-01-26 23:06:24+00:00,260.14
2023-01-27 04:19:13+00:00,260.2
2023-01-27 08:38:22+00:00,260.31
2023-01-27 18:54:47+00:00,260.24
2023-01-28 04:25:52+00:00,259.95
2023-01-28 05:49:29+00:00,260.24
2023-01-28 06:42:58+00:00,260.16
2023-01-28 06:56:27+00:00,260.25
2023-01-28 08:29:04+00:00,259.84
2023-01-28 08:33:57+00:00,260.13
2023-01-28 08:56:31+00:00,260.29
2023-01-28 09:08:30+00:00,260.24
2023-01-28 09:22:35+00:00,260.36
2023-01-28 09:31:37+00:00,260.37
2023-01-28 09:31:37+00:00,260.37
2023-01-28 09:49:57+00:00,260.31
2023-01-28 10:08:30+00:00,260.35
2023-01-28 11:39:20+00:00,260.32
2023-01-28 11:53:25+00:00,260.38
2023-01-28 12:06:26+00:00,260.34
2023-01-28 12:47:13+00:00,260.31
2023-01-28 13:33:02+00:00,260.4
2023-01-28 14:41:57+00:00,260.32
2023-01-28 15:36:05+00:00,260.3
2023-01-28 15:36:05+00:00,260.3
2023-01-28 17:21:11+00:00,260.27
2023-01-28 17:21:11+00:00,260.27
2023-01-28 19:11:26+00:00,260.2
2023-01-28 19:59:00+00:00,260.16
2023-01-28 20:24:01+00:00,260.21
2023-01-28 22:10:13+00:00,260.2
2023-02-02 10:51:09+00:00,260.31
2023-02-02 10:53:21+00:00,260.31
2023-02-02 11:02:26+00:00,260.3
2023-02-02 11:02:26+00:00,260.3
2023-02-02 11:07:36+00:00,260.29
2023-02-02 11:12:50+00:00,260.32
2023-02-02 11:12:50+00:00,260.32
2023-02-02 11:17:55+00:00,260.32
2023-02-02 11:23:07+00:00,260.33
2023-02-02 11:36:47+00:00,260.35
2023-02-02 11:45:24+00:00,260.35
2023-02-02 11:45:24+00:00,260.35
2023-02-02 11:45:24+00:00,260.35
2023-02-02 11:51:58+00:00,260.3
2023-02-02 11:59:34+00:00,260.36
2023-02-02 11:59:34+00:00,260.36
2023-02-02 11:59:34+00:00,260.36
2023-02-02 12:08:29+00:00,260.34
2023-02-02 12:08:29+00:00,260.34
2023-02-02 12:18:22+00:00,260.33
2023-02-02 12:28:20+00:00,260.34
2023-02-02 12:28:20+00:00,260.34
2023-02-02 12:28:20+00:00,260.34
2023-02-02 12:28:20+00:00,260.34
2023-02-02 12:28:20+00:00,260.34
2023-02-02 12:49:16+00:00,260.38
2023-02-02 12:49:16+00:00,260.38
2023-02-02 12:49:16+00:00,260.38
2023-02-02 13:26:43+00:00,260.38
2023-02-02 13:26:43+00:00,260.38
2023-02-02 13:32:42+00:00,260.35
2023-02-02 13:32:42+00:00,260.35
2023-02-02 13:45:16+00:00,260.39
2023-02-02 13:45:16+00:00,260.39
2023-02-02 13:51:53+00:00,260.35
2023-02-02 13:58:52+00:00,260.48
2023-02-02 14:13:30+00:00,260.41
2023-02-02 14:13:30+00:00,260.41
2023-02-02 14:13:30+00:00,260.41
2023-02-02 14:13:30+00:00,260.41
2023-02-02 14:13:30+00:00,260.41
2023-02-02 14:28:13+00:00,260.41
2023-02-02 14:36:04+00:00,260.49
2023-02-02 14:36:04+00:00,260.49
2023-02-02 14:43:54+00:00,260.41
2023-02-02 14:43:54+00:00,260.41
2023-02-02 14:51:58+00:00,260.43
2023-02-02 14:51:58+00:00,260.43
2023-02-02 15:00:16+00:00,260.47
2023-02-02 15:17:19+00:00,260.53
2023-02-02 15:35:17+00:00,260.54
2023-02-02 15:44:52+00:00,260.56
2023-02-02 15:44:52+00:00,260.56
2023-02-02 15:54:41+00:00,260.56
2023-02-02 16:04:26+00:00,260.59
2023-02-02 16:04:26+00:00,260.59
2023-02-02 16:04:26+00:00,260.59
2023-02-02 16:14:29+00:00,260.48
2023-02-02 16:24:50+00:00,260.52
2023-02-02 16:36:53+00:00,260.46
2023-02-02 16:49:27+00:00,260.52
2023-02-02 17:02:16+00:00,260.46
2023-02-02 17:15:30+00:00,260.49
2023-02-02 17:15:30+00:00,260.49
2023-02-02 17:28:42+00:00,260.47
2023-02-02 17:41:30+00:00,260.48
2023-02-02 17:55:13+00:00,260.5
2023-02-02 17:55:13+00:00,260.5
2023-02-02 17:55:13+00:00,260.5
2023-02-02 18:09:25+00:00,260.44
2023-02-02 18:09:25+00:00,260.44
2023-02-02 18:23:46+00:00,260.48
2023-02-02 18:38:15+00:00,260.43
2023-02-02 18:38:15+00:00,260.43
2023-02-02 18:38:15+00:00,260.43
2023-02-02 18:38:15+00:00,260.43
2023-02-02 19:18:30+00:00,260.36
2023-02-02 19:18:30+00:00,260.36
2023-02-02 19:18:30+00:00,260.36
2023-02-02 19:45:41+00:00,260.44
2023-02-02 19:59:18+00:00,260.36
2023-02-02 19:59:18+00:00,260.36
2023-02-02 20:12:58+00:00,260.36
2023-02-02 20:12:58+00:00,260.36
2023-02-02 20:26:52+00:00,260.35
2023-02-02 20:41:02+00:00,260.38
2023-02-02 20:55:09+00:00,260.31
2023-02-02 21:09:28+00:00,260.25
2023-02-02 21:09:28+00:00,260.25
2023-02-02 21:24:12+00:00,260.33
2023-02-02 22:40:46+00:00,260.38
2023-02-02 22:40:46+00:00,260.38
2023-02-02 22:57:22+00:00,260.38
2023-02-02 23:13:29+00:00,260.46
2023-02-02 23:46:46+00:00,260.32
2023-02-02 23:46:46+00:00,260.32
2023-02-02 23:46:46+00:00,260.32
2023-02-03 00:03:35+00:00,260.47
2023-02-03 00:03:35+00:00,260.47
2023-02-03 00:20:26+00:00,260.33
2023-02-03 00:20:26+00:00,260.33
2023-02-03 00:37:30+00:00,260.35
2023-02-03 00:54:43+00:00,260.3
2023-02-03 00:54:43+00:00,260.3
2023-02-03 01:12:15+00:00,260.29
2023-02-03 01:30:00+00:00,260.34
2023-02-03 01:47:50+00:00,260.33
2023-02-03 01:47:50+00:00,260.33
2023-02-03 01:47:50+00:00,260.33
2023-02-03 02:06:10+00:00,260.29
2023-02-03 02:06:10+00:00,260.29
2023-02-03 02:06:10+00:00,260.29
2023-02-03 02:06:10+00:00,260.29
2023-02-03 02:23:52+00:00,260.24
2023-02-03 02:41:50+00:00,260.28
2023-02-03 03:18:08+00:00,260.27
2023-02-03 03:55:23+00:00,260.27
2023-02-03 04:14:26+00:00,260.27
2023-02-03 04:14:26+00:00,260.27
2023-02-03 04:14:26+00:00,260.27
2023-02-03 04:33:40+00:00,260.27
2023-02-03 04:53:06+00:00,260.26
2023-02-03 04:53:06+00:00,260.26
2023-02-03 05:52:30+00:00,260.47
2023-02-03 06:54:04+00:00,260.37
2023-02-03 07:14:48+00:00,260.39
2023-02-03 07:36:36+00:00,260.38
2023-02-03 07:36:36+00:00,260.38
2023-02-03 07:57:34+00:00,260.36
2023-02-03 08:18:45+00:00,260.49
2023-02-03 08:39:57+00:00,260.45
2023-02-03 08:39:57+00:00,260.45
2023-02-03 09:01:40+00:00,260.53
2023-02-03 09:53:46+00:00,260.5
2023-02-03 10:16:26+00:00,260.52
2023-02-03 10:40:02+00:00,260.39
2023-02-03 10:40:02+00:00,260.39
2023-02-03 10:40:02+00:00,260.39
2023-02-03 11:03:53+00:00,260.48
2023-02-03 11:40:23+00:00,260.51
2023-02-03 11:52:51+00:00,260.51
2023-02-03 12:05:29+00:00,260.41
2023-02-03 12:18:37+00:00,260.46
2023-02-03 12:18:37+00:00,260.46
2023-02-03 12:43:38+00:00,260.51
2023-02-03 12:56:37+00:00,260.57
2023-02-03 13:09:34+00:00,260.54
2023-02-03 13:35:40+00:00,260.49
2023-02-03 13:48:58+00:00,260.47
2023-02-03 14:16:08+00:00,260.43
2023-02-03 14:57:20+00:00,260.58
2023-02-03 15:53:33+00:00,260.53
2023-02-03 16:08:02+00:00,260.52
2023-02-03 16:22:30+00:00,260.54
2023-02-03 16:36:38+00:00,260.55
2023-02-03 16:36:38+00:00,260.55
2023-02-03 17:06:02+00:00,260.44
2023-02-03 17:35:48+00:00,260.49
2023-02-03 18:06:18+00:00,260.5
2023-02-03 18:36:53+00:00,260.38
2023-02-03 18:36:53+00:00,260.38
2023-02-03 19:07:32+00:00,260.35
2023-02-03 19:55:42+00:00,260.39
2023-02-03 20:11:30+00:00,260.39
2023-02-03 21:15:49+00:00,260.32
2023-02-03 22:05:45+00:00,260.36
2023-02-03 22:56:30+00:00,260.36
2023-02-03 23:13:24+00:00,260.34
2023-02-04 00:05:14+00:00,260.36
2023-02-04 01:33:26+00:00,260.23
2023-02-04 01:51:09+00:00,260.34
2023-02-04 03:02:59+00:00,260.4
2023-02-07 04:50:52+00:00,260.51
2023-02-07 04:50:52+00:00,260.51
2023-02-07 04:58:52+00:00,260.56
2023-02-07 05:03:24+00:00,260.55
2023-02-07 05:03:24+00:00,260.55
2023-02-07 05:08:23+00:00,260.55
2023-02-07 05:08:23+00:00,260.55
2023-02-07 05:11:03+00:00,260.54
2023-02-07 05:16:32+00:00,260.5
2023-02-07 05:25:26+00:00,260.43
2023-02-07 05:28:41+00:00,260.54
2023-02-07 05:31:57+00:00,260.49
2023-02-07 05:35:20+00:00,260.57
2023-02-07 05:38:48+00:00,260.48
2023-02-07 05:42:25+00:00,260.55
2023-02-07 05:49:44+00:00,260.6
2023-02-07 05:49:44+00:00,260.6
2023-02-07 05:57:39+00:00,260.49
2023-02-07 05:57:39+00:00,260.49
2023-02-07 05:57:39+00:00,260.49
2023-02-07 05:57:39+00:00,260.49
2023-02-07 06:05:37+00:00,260.61
2023-02-07 06:09:49+00:00,260.57
2023-02-07 06:14:05+00:00,260.61
2023-02-07 06:14:05+00:00,260.61
2023-02-07 06:22:50+00:00,260.55
2023-02-07 06:27:23+00:00,260.47
2023-02-07 06:27:23+00:00,260.47
2023-02-07 06:36:49+00:00,260.56
2023-02-07 06:46:39+00:00,260.64
2023-02-07 06:46:39+00:00,260.64
2023-02-07 06:51:38+00:00,260.52
2023-02-07 06:51:38+00:00,260.52
2023-02-07 06:56:36+00:00,260.67
2023-02-07 07:40:28+00:00,260.54
2023-02-07 07:40:28+00:00,260.54
2023-02-07 07:40:28+00:00,260.54
2023-02-07 07:46:25+00:00,260.53
2023-02-07 07:52:23+00:00,260.57
2023-02-07 07:58:28+00:00,260.71
2023-02-07 08:04:40+00:00,260.55
2023-02-07 08:24:39+00:00,260.56
2023-02-07 08:31:14+00:00,260.56
2023-02-07 08:31:14+00:00,260.56
2023-02-07 08:37:58+00:00,260.6
2023-02-07 08:44:55+00:00,260.58
2023-02-07 08:52:04+00:00,260.56
2023-02-07 08:58:56+00:00,260.54
2023-02-07 09:27:56+00:00,260.56
2023-02-07 09:27:56+00:00,260.56
2023-02-07 09:35:32+00:00,260.62
2023-02-07 09:43:08+00:00,260.62
2023-02-07 09:43:08+00:00,260.62
2023-02-07 09:43:08+00:00,260.62
2023-02-07 09:58:23+00:00,267.0
2023-02-07 10:06:16+00:00,267.0
2023-02-07 10:14:26+00:00,267.0
2023-02-07 10:14:26+00:00,267.0
2023-02-07 10:22:19+00:00,266.78
2023-02-07 10:22:19+00:00,266.78
2023-02-07 10:22:19+00:00,266.78
2023-02-07 10:22:19+00:00,266.78
2023-02-07 10:30:38+00:00,266.96
2023-02-07 10:47:33+00:00,256.08
2023-02-07 11:13:24+00:00,256.36
2023-02-07 11:22:01+00:00,256.51
2023-02-07 11:30:45+00:00,256.79
2023-02-07 14:04:25+00:00,257.31
2023-02-07 15:29:48+00:00,257.55
2023-02-08 19:07:04+00:00,257.6
2023-02-08 19:08:55+00:00,257.97
2023-02-08 19:10:52+00:00,257.95
2023-02-08 19:19:33+00:00,257.99
2023-02-08 19:19:33+00:00,257.99
2023-02-08 19:19:33+00:00,257.99
2023-02-08 19:22:01+00:00,257.98
2023-02-08 19:22:01+00:00,257.98
2023-02-08 19:24:29+00:00,257.95
2023-02-08 19:29:44+00:00,257.95
2023-02-08 19:29:44+00:00,257.95
2023-02-08 19:32:31+00:00,257.9
2023-02-08 19:35:25+00:00,257.87
2023-02-08 19:38:24+00:00,257.83
2023-02-08 19:38:24+00:00,257.83
2023-02-08 19:44:41+00:00,257.89
2023-02-08 19:47:58+00:00,257.9
2023-02-08 19:54:48+00:00,257.93
2023-02-08 19:58:23+00:00,257.86
2023-02-08 19:58:23+00:00,257.86
2023-02-08 20:17:38+00:00,258.01
2023-02-08 20:17:38+00:00,258.01
2023-02-08 20:26:01+00:00,257.98
2023-02-08 20:26:01+00:00,257.98
2023-02-08 20:26:01+00:00,257.98
2023-02-08 20:34:42+00:00,257.95
2023-02-08 20:39:13+00:00,258.0
2023-02-08 20:39:13+00:00,258.0
2023-02-08 20:39:13+00:00,258.0
2023-02-08 20:43:58+00:00,258.03
2023-02-08 20:48:38+00:00,258.01
2023-02-08 21:19:25+00:00,258.06
2023-02-08 21:24:46+00:00,258.04
2023-02-08 21:35:59+00:00,258.05
2023-02-08 21:47:33+00:00,258.07
2023-02-08 22:05:14+00:00,258.1
2023-02-08 22:05:14+00:00,258.1
2023-02-08 22:05:14+00:00,258.1
2023-02-08 22:11:16+00:00,258.03
2023-02-08 22:11:16+00:00,258.03
2023-02-08 22:23:53+00:00,258.06
2023-02-08 22:42:31+00:00,258.09
2023-02-08 22:48:59+00:00,258.08
2023-02-08 23:09:37+00:00,258.1
2023-02-08 23:44:47+00:00,258.07
2023-02-08 23:52:07+00:00,258.2
2023-02-08 23:59:46+00:00,258.11
2023-02-09 00:15:21+00:00,258.11
2023-02-09 00:23:20+00:00,258.19
2023-02-09 00:39:38+00:00,258.19
2023-02-09 01:04:22+00:00,258.2
2023-02-09 01:12:43+00:00,258.24
2023-02-09 01:12:43+00:00,258.24
2023-02-09 01:21:38+00:00,258.09
2023-02-09 02:05:54+00:00,258.15
2023-02-09 02:05:54+00:00,258.15
2023-02-09 02:43:03+00:00,258.16
2023-02-09 02:52:31+00:00,258.05
2023-02-09 03:02:03+00:00,258.09
2023-02-09 03:11:44+00:00,258.17
2023-02-09 03:21:29+00:00,258.23
2023-02-09 03:31:05+00:00,258.17
2023-02-09 03:41:18+00:00,258.22
2023-02-09 03:51:14+00:00,258.27
2023-02-09 04:01:19+00:00,258.2
2023-02-09 04:01:19+00:00,258.2
2023-02-09 04:11:33+00:00,258.34
2023-02-09 05:59:39+00:00,258.25
2023-02-09 06:51:45+00:00,257.33
2023-02-09 06:53:36+00:00,257.93
2023-02-09 06:59:47+00:00,258.28
2023-02-09 06:59:47+00:00,258.28
2023-02-09 06:59:47+00:00,258.28
2023-02-09 06:59:47+00:00,258.28
2023-02-09 06:59:47+00:00,258.28
2023-02-09 07:01:59+00:00,258.38
2023-02-09 07:04:18+00:00,258.29
2023-02-09 07:04:18+00:00,258.29
2023-02-09 07:09:15+00:00,258.36
2023-02-09 07:09:15+00:00,258.36
2023-02-09 07:09:15+00:00,258.36
2023-02-09 07:09:15+00:00,258.36
2023-02-09 07:09:15+00:00,258.36
2023-02-09 07:11:52+00:00,258.21
2023-02-09 07:11:52+00:00,258.21
2023-02-09 07:11:52+00:00,258.21
2023-02-09 07:14:38+00:00,258.31
2023-02-09 07:14:38+00:00,258.31
2023-02-09 07:17:25+00:00,258.34
2023-02-09 07:20:21+00:00,258.28
2023-02-09 07:20:21+00:00,258.28
2023-02-09 07:20:21+00:00,258.28
2023-02-09 07:20:21+00:00,258.28
2023-02-09 07:20:21+00:00,258.28
2023-02-09 07:23:19+00:00,258.3
2023-02-09 07:23:19+00:00,258.3
2023-02-09 07:23:19+00:00,258.3
2023-02-09 07:26:21+00:00,258.31
2023-02-09 07:26:21+00:00,258.31
2023-02-09 07:26:21+00:00,258.31
2023-02-09 07:32:49+00:00,258.22
2023-02-09 07:32:49+00:00,258.22
2023-02-09 07:32:49+00:00,258.22
2023-02-09 07:36:10+00:00,258.26
2023-02-09 07:36:10+00:00,258.26
2023-02-09 07:36:10+00:00,258.26
2023-02-09 07:36:10+00:00,258.26
2023-02-09 07:39:34+00:00,258.25
2023-02-09 07:39:34+00:00,258.25
2023-02-09 07:39:34+00:00,258.25
2023-02-09 07:43:04+00:00,258.28
2023-02-09 07:46:45+00:00,258.23
2023-02-09 07:46:45+00:00,258.23
2023-02-09 07:46:45+00:00,258.23
2023-02-09 07:46:45+00:00,258.23
2023-02-09 07:50:27+00:00,258.26
2023-02-09 07:50:27+00:00,258.26
2023-02-09 07:54:15+00:00,258.23
2023-02-09 07:54:15+00:00,258.23
2023-02-09 07:54:15+00:00,258.23
2023-02-09 07:58:17+00:00,258.23
2023-02-09 07:58:17+00:00,258.23
2023-02-09 08:02:14+00:00,258.25
2023-02-09 08:02:14+00:00,258.25
2023-02-09 08:02:14+00:00,258.25
2023-02-09 08:02:14+00:00,258.25
2023-02-09 08:02:14+00:00,258.25
2023-02-09 08:06:14+00:00,258.16
2023-02-09 08:06:14+00:00,258.16
2023-02-09 08:10:27+00:00,258.07
2023-02-09 08:14:44+00:00,258.06
2023-02-09 08:19:07+00:00,258.16
2023-02-09 08:23:42+00:00,258.1
2023-02-09 08:23:42+00:00,258.1
2023-02-09 08:23:42+00:00,258.1
2023-02-09 08:23:42+00:00,258.1
2023-02-09 08:23:42+00:00,258.1
2023-02-09 08:28:18+00:00,258.18
2023-02-09 08:28:18+00:00,258.18
2023-02-09 08:33:01+00:00,258.07
2023-02-09 08:33:01+00:00,258.07
2023-02-09 08:37:50+00:00,258.2
2023-02-09 08:37:50+00:00,258.2
2023-02-09 08:42:36+00:00,258.12
2023-02-09 08:42:36+00:00,258.12
2023-02-09 08:42:36+00:00,258.12
2023-02-09 08:42:36+00:00,258.12
2023-02-09 08:47:27+00:00,258.11
2023-02-09 08:47:27+00:00,258.11
2023-02-09 08:47:27+00:00,258.11
2023-02-09 08:47:27+00:00,258.11
2023-02-09 08:47:27+00:00,258.11
2023-02-09 08:52:30+00:00,258.09
2023-02-09 08:57:38+00:00,258.05
2023-02-09 08:57:38+00:00,258.05
2023-02-09 09:02:48+00:00,258.15
2023-02-09 09:02:48+00:00,258.15
2023-02-09 09:19:08+00:00,258.18
2023-02-09 09:19:08+00:00,258.18
2023-02-09 09:19:08+00:00,258.18
2023-02-09 09:19:08+00:00,258.18
2023-02-09 09:19:08+00:00,258.18
2023-02-09 09:24:56+00:00,258.19
2023-02-09 09:30:37+00:00,258.15
2023-02-09 09:30:37+00:00,258.15
2023-02-09 09:30:37+00:00,258.15
2023-02-09 09:36:32+00:00,258.08
2023-02-09 09:36:32+00:00,258.08
2023-02-09 09:42:41+00:00,258.1
2023-02-09 09:42:41+00:00,258.1
2023-02-09 09:42:41+00:00,258.1
2023-02-09 09:48:43+00:00,258.1
2023-02-09 09:48:43+00:00,258.1
2023-02-09 09:54:46+00:00,258.18
2023-02-09 09:54:46+00:00,258.18
2023-02-09 10:00:56+00:00,258.13
2023-02-09 10:07:23+00:00,258.13
2023-02-09 10:07:23+00:00,258.13
2023-02-09 10:13:41+00:00,258.2
2023-02-09 10:27:09+00:00,258.18
2023-02-09 10:27:09+00:00,258.18
2023-02-09 10:33:56+00:00,258.16
2023-02-09 10:40:26+00:00,258.18
2023-02-09 10:40:26+00:00,258.18
2023-02-09 10:47:09+00:00,258.07
2023-02-09 10:54:07+00:00,258.17
2023-02-09 10:54:07+00:00,258.17
2023-02-09 10:54:07+00:00,258.17
2023-02-09 10:54:07+00:00,258.17
2023-02-09 11:01:02+00:00,258.12
2023-02-09 11:01:02+00:00,258.12
2023-02-09 11:01:02+00:00,258.12
2023-02-09 11:08:04+00:00,258.11
2023-02-09 11:15:23+00:00,258.12
2023-02-09 11:15:23+00:00,258.12
2023-02-09 11:15:23+00:00,258.12
2023-02-09 11:15:23+00:00,258.12
2023-02-09 11:15:23+00:00,258.12
2023-02-09 11:22:39+00:00,258.14
2023-02-09 11:38:02+00:00,258.14
2023-02-09 11:38:02+00:00,258.14
2023-02-09 11:45:35+00:00,258.09
2023-02-09 11:53:10+00:00,258.08
2023-02-09 12:09:06+00:00,258.14
2023-02-09 12:09:06+00:00,258.14
2023-02-09 12:09:06+00:00,258.14
2023-02-09 12:17:06+00:00,258.17
2023-02-09 12:17:06+00:00,258.17
2023-02-09 12:33:11+00:00,258.0
2023-02-09 12:33:11+00:00,258.0
2023-02-09 12:41:20+00:00,258.3
2023-02-09 12:41:20+00:00,258.3
2023-02-09 12:41:20+00:00,258.3
2023-02-09 12:49:33+00:00,258.2
2023-02-09 13:06:14+00:00,258.15
2023-02-09 13:14:49+00:00,258.14
2023-02-09 13:14:49+00:00,258.14
2023-02-09 13:14:49+00:00,258.14
2023-02-09 13:32:21+00:00,258.33
2023-02-09 13:32:21+00:00,258.33
2023-02-09 13:41:26+00:00,258.31
2023-02-09 13:41:26+00:00,258.31
2023-02-09 13:50:23+00:00,258.27
2023-02-09 13:59:44+00:00,258.33
2023-02-09 13:59:44+00:00,258.33
2023-02-09 13:59:44+00:00,258.33
2023-02-09 14:08:45+00:00,258.41
2023-02-09 14:36:50+00:00,258.49
2023-02-09 14:36:50+00:00,258.49
2023-02-09 14:46:36+00:00,258.4
2023-02-09 14:56:25+00:00,258.31
2023-02-09 15:06:03+00:00,258.37
2023-02-09 15:16:17+00:00,258.45
2023-02-09 15:25:56+00:00,258.31
2023-02-09 15:25:56+00:00,258.31
2023-02-09 15:36:13+00:00,258.48
2023-02-09 15:46:19+00:00,258.42
2023-02-09 15:56:34+00:00,258.38
2023-02-09 15:56:34+00:00,258.38
2023-02-09 16:06:59+00:00,258.44
2023-02-09 16:28:28+00:00,258.37
2023-02-09 16:39:08+00:00,258.37
2023-02-09 16:39:08+00:00,258.37
2023-02-09 16:49:52+00:00,258.37
2023-02-09 16:49:52+00:00,258.37
2023-02-09 16:49:52+00:00,258.37
2023-02-09 17:00:35+00:00,258.34
2023-02-09 17:00:35+00:00,258.34
2023-02-09 17:22:27+00:00,258.31
2023-02-09 17:33:44+00:00,258.3
2023-02-09 17:44:40+00:00,258.31
2023-02-09 17:44:40+00:00,258.31
2023-02-09 17:56:05+00:00,258.35
2023-02-09 17:56:05+00:00,258.35
2023-02-09 18:07:35+00:00,258.27
2023-02-09 18:07:35+00:00,258.27
2023-02-09 18:19:13+00:00,258.29
2023-02-09 18:19:13+00:00,258.29
2023-02-09 18:30:45+00:00,258.27
2023-02-09 18:30:45+00:00,258.27
2023-02-09 18:42:30+00:00,258.24
2023-02-09 18:54:12+00:00,258.25
2023-02-09 19:18:38+00:00,258.16
2023-02-09 19:18:38+00:00,258.16
2023-02-09 19:30:56+00:00,258.04
2023-02-09 19:30:56+00:00,258.04
2023-02-09 19:43:47+00:00,257.96
2023-02-09 20:08:49+00:00,258.02
2023-02-09 20:08:49+00:00,258.02
2023-02-09 20:08:49+00:00,258.02
2023-02-09 20:21:37+00:00,258.05
2023-02-09 20:21:37+00:00,258.05
2023-02-09 20:21:37+00:00,258.05
2023-02-09 20:46:38+00:00,258.0
2023-02-09 20:46:38+00:00,258.0
2023-02-09 20:59:24+00:00,257.94
2023-02-09 21:24:47+00:00,257.89
2023-02-09 21:24:47+00:00,257.89
2023-02-09 21:24:47+00:00,257.89
2023-02-09 21:37:51+00:00,257.96
2023-02-09 21:37:51+00:00,257.96
2023-02-09 21:37:51+00:00,257.96
2023-02-09 22:04:13+00:00,258.04
2023-02-09 22:17:40+00:00,258.05
2023-02-09 22:17:40+00:00,258.05
2023-02-09 22:31:44+00:00,258.01
2023-02-09 22:31:44+00:00,258.01
2023-02-09 22:31:44+00:00,258.01
2023-02-09 22:45:21+00:00,258.04
2023-02-09 22:59:02+00:00,257.98
2023-02-09 23:12:51+00:00,258.07
2023-02-09 23:12:51+00:00,258.07
2023-02-09 23:12:51+00:00,258.07
2023-02-09 23:12:51+00:00,258.07
2023-02-09 23:26:38+00:00,258.06
2023-02-09 23:26:38+00:00,258.06
2023-02-09 23:54:43+00:00,258.05
2023-02-09 23:54:43+00:00,258.05
2023-02-09 23:54:43+00:00,258.05
2023-02-10 00:08:55+00:00,258.13
2023-02-10 00:37:38+00:00,258.09
2023-02-10 00:37:38+00:00,258.09
2023-02-10 01:05:51+00:00,258.1
2023-02-10 01:05:51+00:00,258.1
2023-02-10 01:35:03+00:00,258.11
2023-02-10 01:35:03+00:00,258.11
2023-02-10 01:35:03+00:00,258.11
2023-02-10 02:18:44+00:00,258.09
2023-02-10 02:33:27+00:00,258.01
2023-02-10 02:33:27+00:00,258.01
2023-02-10 03:04:08+00:00,257.97
2023-02-10 03:33:51+00:00,258.02
2023-02-10 03:49:32+00:00,258.05
2023-02-10 03:49:32+00:00,258.05
2023-02-10 04:05:08+00:00,258.01
2023-02-10 04:05:08+00:00,258.01
2023-02-10 05:24:06+00:00,258.05
2023-02-10 05:24:06+00:00,258.05
2023-02-10 06:46:27+00:00,257.92
2023-02-10 06:46:27+00:00,257.92
2023-02-10 07:20:00+00:00,257.94
2023-02-10 07:54:00+00:00,258.07
2023-02-10 07:54:00+00:00,258.07
2023-02-10 07:54:00+00:00,258.07
2023-02-10 08:10:36+00:00,258.0
2023-02-10 08:27:41+00:00,258.07
2023-02-10 08:44:57+00:00,258.07
2023-02-10 08:44:57+00:00,258.07
2023-02-10 09:54:46+00:00,258.1
2023-02-10 10:12:53+00:00,258.13
2023-02-10 10:12:53+00:00,258.13
2023-02-10 11:24:48+00:00,258.41
2023-02-10 11:43:03+00:00,258.48
2023-02-10 12:20:00+00:00,258.52
2023-02-10 13:53:20+00:00,258.35
2023-02-10 14:11:56+00:00,258.38
2023-02-10 14:30:58+00:00,258.51
2023-02-10 14:30:58+00:00,258.51
2023-02-10 17:08:10+00:00,258.44
2023-02-10 17:08:10+00:00,258.44
2023-02-10 17:28:27+00:00,258.38
2023-02-10 18:08:41+00:00,258.4
2023-02-10 18:29:07+00:00,258.34
2023-02-10 19:29:43+00:00,258.45
2023-02-10 19:50:33+00:00,258.51
2023-02-10 20:11:13+00:00,258.51
2023-02-10 22:17:28+00:00,258.33
2023-02-10 22:38:35+00:00,258.39
2023-02-11 00:49:27+00:00,258.34
2023-02-11 01:35:16+00:00,258.28
2023-02-11 02:42:23+00:00,258.25
2023-02-11 04:58:23+00:00,258.31
2023-02-11 09:38:09+00:00,257.49
2023-02-11 09:38:09+00:00,257.49
2023-02-11 09:38:09+00:00,257.49
2023-02-11 09:40:00+00:00,257.23
2023-02-11 09:40:00+00:00,257.23
2023-02-11 09:41:59+00:00,257.17
2023-02-11 09:41:59+00:00,257.17
2023-02-11 09:41:59+00:00,257.17
2023-02-11 09:46:17+00:00,257.32
2023-02-11 09:46:17+00:00,257.32
2023-02-11 09:46:17+00:00,257.32
2023-02-11 09:46:17+00:00,257.32
2023-02-11 09:48:34+00:00,257.5
2023-02-11 09:48:34+00:00,257.5
2023-02-11 09:48:34+00:00,257.5
2023-02-11 09:48:34+00:00,257.5
2023-02-11 09:48:34+00:00,257.5
2023-02-11 09:50:52+00:00,257.51
2023-02-11 09:50:52+00:00,257.51
2023-02-11 09:53:18+00:00,257.47
2023-02-11 09:53:18+00:00,257.47
2023-02-11 09:55:51+00:00,257.49
2023-02-11 09:55:51+00:00,257.49
2023-02-11 09:55:51+00:00,257.49
2023-02-11 09:55:51+00:00,257.49
2023-02-11 09:55:51+00:00,257.49
2023-02-11 09:55:51+00:00,257.49
2023-02-11 09:58:26+00:00,257.55
2023-02-11 09:58:26+00:00,257.55
2023-02-11 09:58:26+00:00,257.55
2023-02-11 10:03:56+00:00,257.42
2023-02-11 10:03:56+00:00,257.42
2023-02-11 10:03:56+00:00,257.42
2023-02-11 10:06:50+00:00,257.44
2023-02-11 10:06:50+00:00,257.44
2023-02-11 10:06:50+00:00,257.44
2023-02-11 10:06:50+00:00,257.44
2023-02-11 10:09:55+00:00,257.42
2023-02-11 10:09:55+00:00,257.42
2023-02-11 10:13:06+00:00,257.44
2023-02-11 10:16:16+00:00,257.44
2023-02-11 10:16:16+00:00,257.44
2023-02-11 10:16:16+00:00,257.44
2023-02-11 10:19:31+00:00,257.4
2023-02-11 10:19:31+00:00,257.4
2023-02-11 10:19:31+00:00,257.4
2023-02-11 10:23:01+00:00,257.44
2023-02-11 10:23:01+00:00,257.44
2023-02-11 10:23:01+00:00,257.44
2023-02-11 10:23:01+00:00,257.44
2023-02-11 10:26:32+00:00,257.42
2023-02-11 10:26:32+00:00,257.42
2023-02-11 10:26:32+00:00,257.42
2023-02-11 10:26:32+00:00,257.42
2023-02-11 10:30:10+00:00,257.44
2023-02-11 10:30:10+00:00,257.44
2023-02-11 10:30:10+00:00,257.44
2023-02-11 10:33:50+00:00,257.42
2023-02-11 10:33:50+00:00,257.42
2023-02-11 10:37:37+00:00,257.42
2023-02-11 10:37:37+00:00,257.42
2023-02-11 10:37:37+00:00,257.42
2023-02-11 10:37:37+00:00,257.42
2023-02-11 10:37:37+00:00,257.42
2023-02-11 10:41:29+00:00,257.41
2023-02-11 10:41:29+00:00,257.41
2023-02-11 10:41:29+00:00,257.41
2023-02-11 10:41:29+00:00,257.41
2023-02-11 10:45:34+00:00,257.48
2023-02-11 10:45:34+00:00,257.48
2023-02-11 10:45:34+00:00,257.48
2023-02-11 10:49:36+00:00,257.37
2023-02-11 10:49:36+00:00,257.37
2023-02-11 10:53:44+00:00,257.31
2023-02-11 10:53:44+00:00,257.31
2023-02-11 10:53:44+00:00,257.31
2023-02-11 10:53:44+00:00,257.31
2023-02-11 10:57:56+00:00,257.39
2023-02-11 10:57:56+00:00,257.39
2023-02-11 10:57:56+00:00,257.39
2023-02-11 10:57:56+00:00,257.39
2023-02-11 10:57:56+00:00,257.39
2023-02-11 11:02:15+00:00,257.5
2023-02-11 11:02:15+00:00,257.5
2023-02-11 11:02:15+00:00,257.5
2023-02-11 11:02:15+00:00,257.5
2023-02-11 11:06:45+00:00,257.42
2023-02-11 11:06:45+00:00,257.42
2023-02-11 11:06:45+00:00,257.42
2023-02-11 11:06:45+00:00,257.42
2023-02-11 11:11:18+00:00,257.32
2023-02-11 11:15:51+00:00,257.46
2023-02-11 11:15:51+00:00,257.46
2023-02-11 11:15:51+00:00,257.46
2023-02-11 11:15:51+00:00,257.46
2023-02-11 11:15:51+00:00,257.46
2023-02-11 11:20:35+00:00,257.23
2023-02-11 11:25:23+00:00,257.34
2023-02-11 11:30:17+00:00,257.35
2023-02-11 11:35:12+00:00,257.36
2023-02-11 11:35:12+00:00,257.36
2023-02-11 11:40:11+00:00,257.4
2023-02-11 11:40:11+00:00,257.4
2023-02-11 11:40:11+00:00,257.4
2023-02-11 11:40:11+00:00,257.4
2023-02-11 11:40:11+00:00,257.4
2023-02-11 11:40:11+00:00,257.4
2023-02-11 11:45:27+00:00,257.49
2023-02-11 11:45:27+00:00,257.49
2023-02-11 11:45:27+00:00,257.49
2023-02-11 11:45:27+00:00,257.49
2023-02-11 11:45:27+00:00,257.49
2023-02-11 11:56:12+00:00,257.45
2023-02-11 11:56:12+00:00,257.45
2023-02-11 11:56:12+00:00,257.45
2023-02-11 11:56:12+00:00,257.45
2023-02-11 11:56:12+00:00,257.45
2023-02-11 12:01:41+00:00,257.42
2023-02-11 12:01:41+00:00,257.42
2023-02-11 12:01:41+00:00,257.42
2023-02-11 12:07:14+00:00,257.45
2023-02-11 12:07:14+00:00,257.45
2023-02-11 12:07:14+00:00,257.45
2023-02-11 12:12:49+00:00,257.49
2023-02-11 12:12:49+00:00,257.49
2023-02-11 12:18:47+00:00,257.54
2023-02-11 12:18:47+00:00,257.54
2023-02-11 12:18:47+00:00,257.54
2023-02-11 12:24:42+00:00,257.61
2023-02-11 12:24:42+00:00,257.61
2023-02-11 12:24:42+00:00,257.61
2023-02-11 12:24:42+00:00,257.61
2023-02-11 12:24:42+00:00,257.61
2023-02-11 12:30:28+00:00,257.59
2023-02-11 12:30:28+00:00,257.59
2023-02-11 12:30:28+00:00,257.59
2023-02-11 12:30:28+00:00,257.59
2023-02-11 12:30:28+00:00,257.59
2023-02-11 12:36:39+00:00,257.77
2023-02-11 12:36:39+00:00,257.77
2023-02-11 12:36:39+00:00,257.77
2023-02-11 12:42:39+00:00,257.71
2023-02-11 12:42:39+00:00,257.71
2023-02-11 12:42:39+00:00,257.71
2023-02-11 12:49:06+00:00,257.63
2023-02-11 12:49:06+00:00,257.63
2023-02-11 12:55:23+00:00,257.8
2023-02-11 12:55:23+00:00,257.8
2023-02-11 12:55:23+00:00,257.8
2023-02-11 13:01:45+00:00,257.86
2023-02-11 13:01:45+00:00,257.86
2023-02-11 13:01:45+00:00,257.86
2023-02-11 13:15:24+00:00,257.89
2023-02-11 13:15:24+00:00,257.89
2023-02-11 13:15:24+00:00,257.89
2023-02-11 13:21:58+00:00,257.87
2023-02-11 13:28:39+00:00,257.9
2023-02-11 13:28:39+00:00,257.9
2023-02-11 13:28:39+00:00,257.9
2023-02-11 13:28:39+00:00,257.9
2023-02-11 13:35:35+00:00,257.73
2023-02-11 13:35:35+00:00,257.73
2023-02-11 13:42:40+00:00,257.91
2023-02-11 13:42:40+00:00,257.91
2023-02-11 13:42:40+00:00,257.91
2023-02-11 13:42:40+00:00,257.91
2023-02-11 13:49:38+00:00,257.86
2023-02-11 14:03:49+00:00,257.94
2023-02-11 14:03:49+00:00,257.94
2023-02-11 14:11:05+00:00,257.95
2023-02-11 14:11:05+00:00,257.95
2023-02-11 14:11:05+00:00,257.95
2023-02-11 14:19:28+00:00,257.87
2023-02-11 14:19:28+00:00,257.87
2023-02-11 14:19:28+00:00,257.87
2023-02-11 14:19:28+00:00,257.87
2023-02-11 14:34:42+00:00,258.08
2023-02-11 14:34:42+00:00,258.08
2023-02-11 14:34:42+00:00,258.08
2023-02-11 14:42:25+00:00,258.04
2023-02-11 14:42:25+00:00,258.04
2023-02-11 14:50:11+00:00,258.02
2023-02-11 14:50:11+00:00,258.02
2023-02-11 14:50:11+00:00,258.02
2023-02-11 14:50:11+00:00,258.02
2023-02-11 15:06:37+00:00,258.02
2023-02-11 15:06:37+00:00,258.02
2023-02-11 15:06:37+00:00,258.02
2023-02-11 15:06:37+00:00,258.02
2023-02-11 15:22:43+00:00,258.07
2023-02-11 15:22:43+00:00,258.07
2023-02-11 15:22:43+00:00,258.07
2023-02-11 15:22:43+00:00,258.07
2023-02-11 15:30:57+00:00,258.07
2023-02-11 15:30:57+00:00,258.07
2023-02-11 15:30:57+00:00,258.07
2023-02-11 15:47:43+00:00,258.07
2023-02-11 15:47:43+00:00,258.07
2023-02-11 15:56:23+00:00,258.05
2023-02-11 15:56:23+00:00,258.05
2023-02-11 15:56:23+00:00,258.05
2023-02-11 15:56:23+00:00,258.05
2023-02-11 15:56:23+00:00,258.05
2023-02-11 15:56:23+00:00,258.05
2023-02-11 16:05:15+00:00,258.05
2023-02-11 16:05:15+00:00,258.05
2023-02-11 16:05:15+00:00,258.05
2023-02-11 16:14:00+00:00,258.02
2023-02-11 16:22:41+00:00,258.07
2023-02-11 16:22:41+00:00,258.07
2023-02-11 16:40:18+00:00,258.09
2023-02-11 16:40:18+00:00,258.09
2023-02-11 16:40:18+00:00,258.09
2023-02-11 16:49:33+00:00,258.13
2023-02-11 16:58:42+00:00,258.05
2023-02-11 16:58:42+00:00,258.05
2023-02-11 17:07:56+00:00,258.08
2023-02-11 17:17:29+00:00,258.11
2023-02-11 17:17:29+00:00,258.11
2023-02-11 17:26:58+00:00,257.99
2023-02-11 17:26:58+00:00,257.99
2023-02-11 17:36:24+00:00,258.06
2023-02-11 17:36:24+00:00,258.06
2023-02-11 17:56:17+00:00,258.04
2023-02-11 17:56:17+00:00,258.04
2023-02-11 17:56:17+00:00,258.04
2023-02-11 18:06:09+00:00,258.06
2023-02-11 18:15:54+00:00,258.05
2023-02-11 18:15:54+00:00,258.05
2023-02-11 18:15:54+00:00,258.05
2023-02-11 18:46:38+00:00,258.13
2023-02-11 18:46:38+00:00,258.13
2023-02-11 18:46:38+00:00,258.13
2023-02-11 18:46:38+00:00,258.13
2023-02-11 19:07:22+00:00,258.11
2023-02-11 19:07:22+00:00,258.11
2023-02-11 19:18:15+00:00,258.21
2023-02-11 19:28:53+00:00,258.12
2023-02-11 19:28:53+00:00,258.12
2023-02-11 19:28:53+00:00,258.12
2023-02-11 19:39:57+00:00,258.08
2023-02-11 19:39:57+00:00,258.08
2023-02-11 19:39:57+00:00,258.08
2023-02-11 19:39:57+00:00,258.08
2023-02-11 19:50:58+00:00,258.08
2023-02-11 19:50:58+00:00,258.08
2023-02-11 19:50:58+00:00,258.08
2023-02-11 19:50:58+00:00,258.08
2023-02-11 20:02:18+00:00,258.04
2023-02-11 20:02:18+00:00,258.04
2023-02-11 20:02:18+00:00,258.04
2023-02-11 20:02:18+00:00,258.04
2023-02-11 20:24:39+00:00,258.25
2023-02-11 20:24:39+00:00,258.25
2023-02-11 20:24:39+00:00,258.25
2023-02-11 20:35:48+00:00,258.14
2023-02-11 20:35:48+00:00,258.14
2023-02-11 20:35:48+00:00,258.14
2023-02-11 21:09:55+00:00,258.25
2023-02-11 21:09:55+00:00,258.25
2023-02-11 21:21:40+00:00,258.22
2023-02-11 21:21:40+00:00,258.22
2023-02-11 21:45:29+00:00,258.23
2023-02-11 21:45:29+00:00,258.23
2023-02-11 21:57:43+00:00,258.21
2023-02-11 22:22:34+00:00,258.28
2023-02-11 22:22:34+00:00,258.28
2023-02-11 22:22:34+00:00,258.28
2023-02-11 22:34:39+00:00,258.2
2023-02-11 22:34:39+00:00,258.2
2023-02-11 22:46:53+00:00,258.26
2023-02-11 22:59:11+00:00,258.25
2023-02-11 22:59:11+00:00,258.25
2023-02-11 22:59:11+00:00,258.25
2023-02-11 23:11:39+00:00,258.32
2023-02-11 23:11:39+00:00,258.32
2023-02-11 23:11:39+00:00,258.32
2023-02-11 23:11:39+00:00,258.32
2023-02-11 23:24:51+00:00,258.26
2023-02-11 23:37:48+00:00,258.28
2023-02-11 23:37:48+00:00,258.28
2023-02-12 00:03:39+00:00,258.28
2023-02-12 00:03:39+00:00,258.28
2023-02-12 00:03:39+00:00,258.28
2023-02-12 00:03:39+00:00,258.28
2023-02-12 00:16:53+00:00,258.26
2023-02-12 00:42:44+00:00,258.34
2023-02-12 00:42:44+00:00,258.34
2023-02-12 00:42:44+00:00,258.34
2023-02-12 00:56:11+00:00,258.29
2023-02-12 00:56:11+00:00,258.29
2023-02-12 00:56:11+00:00,258.29
2023-02-12 00:56:11+00:00,258.29
2023-02-12 01:09:45+00:00,258.39
2023-02-12 01:09:45+00:00,258.39
2023-02-12 01:09:45+00:00,258.39
2023-02-12 01:09:45+00:00,258.39
2023-02-12 01:23:15+00:00,258.28
2023-02-12 01:23:15+00:00,258.28
2023-02-12 01:23:15+00:00,258.28
2023-02-12 01:37:04+00:00,258.26
2023-02-12 01:37:04+00:00,258.26
2023-02-12 01:37:04+00:00,258.26
2023-02-12 02:04:17+00:00,258.18
2023-02-12 02:04:17+00:00,258.18
2023-02-12 02:18:04+00:00,258.22
2023-02-12 02:18:04+00:00,258.22
2023-02-12 02:33:20+00:00,258.18
2023-02-12 02:33:20+00:00,258.18
2023-02-12 02:33:20+00:00,258.18
2023-02-12 02:47:11+00:00,258.17
2023-02-12 02:47:11+00:00,258.17
2023-02-12 02:47:11+00:00,258.17
2023-02-12 02:47:11+00:00,258.17
2023-02-12 03:01:17+00:00,258.17
2023-02-12 03:01:17+00:00,258.17
2023-02-12 03:01:17+00:00,258.17
2023-02-12 03:29:52+00:00,258.17
2023-02-12 03:44:17+00:00,258.04
2023-02-12 03:44:17+00:00,258.04
2023-02-12 03:44:17+00:00,258.04
2023-02-12 03:44:17+00:00,258.04
2023-02-12 03:44:17+00:00,258.04
2023-02-12 04:01:10+00:00,258.09
2023-02-12 04:01:10+00:00,258.09
2023-02-12 04:15:42+00:00,258.25
2023-02-12 04:15:42+00:00,258.25
2023-02-12 04:15:42+00:00,258.25
2023-02-12 04:47:00+00:00,258.18
2023-02-12 04:47:00+00:00,258.18
2023-02-12 05:01:34+00:00,258.15
2023-02-12 05:16:12+00:00,258.1
2023-02-12 05:30:56+00:00,258.06
2023-02-12 05:30:56+00:00,258.06
2023-02-12 05:46:13+00:00,258.13
2023-02-12 05:46:13+00:00,258.13
2023-02-12 05:46:13+00:00,258.13
2023-02-12 06:01:37+00:00,258.13
2023-02-12 06:01:37+00:00,258.13
2023-02-12 06:01:37+00:00,258.13
2023-02-12 06:17:01+00:00,258.15
2023-02-12 06:32:18+00:00,258.11
2023-02-12 06:32:18+00:00,258.11
2023-02-12 06:47:55+00:00,258.09
2023-02-12 07:03:54+00:00,258.08
2023-02-12 07:19:55+00:00,258.19
2023-02-12 07:19:55+00:00,258.19
2023-02-12 07:35:46+00:00,258.17
2023-02-12 07:52:23+00:00,258.18
2023-02-12 07:52:23+00:00,258.18
2023-02-12 08:09:13+00:00,258.14
2023-02-12 08:09:13+00:00,258.14
2023-02-12 08:09:13+00:00,258.14
2023-02-12 08:25:05+00:00,258.13
2023-02-12 08:25:05+00:00,258.13
2023-02-12 08:25:05+00:00,258.13
2023-02-12 08:57:53+00:00,258.22
2023-02-12 09:14:06+00:00,258.21
2023-02-12 09:47:40+00:00,258.19
2023-02-12 09:47:40+00:00,258.19
2023-02-12 10:04:12+00:00,258.26
2023-02-12 10:04:12+00:00,258.26
2023-02-12 10:21:36+00:00,258.08
2023-02-12 10:21:36+00:00,258.08
2023-02-12 10:21:36+00:00,258.08
2023-02-12 10:38:33+00:00,258.24
2023-02-12 10:38:33+00:00,258.24
2023-02-12 10:38:33+00:00,258.24
2023-02-12 10:38:33+00:00,258.24
2023-02-12 11:29:16+00:00,258.5
2023-02-12 11:46:57+00:00,258.52
2023-02-12 11:46:57+00:00,258.52
2023-02-12 12:04:09+00:00,258.55
2023-02-12 12:04:09+00:00,258.55
2023-02-12 12:21:35+00:00,258.52
2023-02-12 12:38:49+00:00,258.58
2023-02-12 13:13:58+00:00,258.59
2023-02-12 13:13:58+00:00,258.59
2023-02-12 13:13:58+00:00,258.59
2023-02-12 13:13:58+00:00,258.59
2023-02-12 14:25:21+00:00,258.61
2023-02-12 14:43:04+00:00,258.59
2023-02-12 14:43:04+00:00,258.59
2023-02-12 14:43:04+00:00,258.59
2023-02-12 14:43:04+00:00,258.59
2023-02-12 15:19:58+00:00,258.61
2023-02-12 15:38:06+00:00,258.55
2023-02-12 15:38:06+00:00,258.55
2023-02-12 15:38:06+00:00,258.55
2023-02-12 15:56:21+00:00,258.51
2023-02-12 16:15:08+00:00,258.57
2023-02-12 16:34:01+00:00,258.54
2023-02-12 16:34:01+00:00,258.54
2023-02-12 16:52:44+00:00,258.47
2023-02-12 17:11:57+00:00,258.38
2023-02-12 17:11:57+00:00,258.38
2023-02-12 17:50:15+00:00,258.44
2023-02-12 18:28:30+00:00,258.41
2023-02-12 18:28:30+00:00,258.41
2023-02-12 18:28:30+00:00,258.41
2023-02-12 19:08:53+00:00,258.44
2023-02-12 19:28:34+00:00,258.38
2023-02-12 19:28:34+00:00,258.38
2023-02-12 20:27:56+00:00,258.36
2023-02-12 21:28:20+00:00,258.34
2023-02-12 22:08:54+00:00,258.21
2023-02-12 22:08:54+00:00,258.21
2023-02-12 22:49:59+00:00,258.08
2023-02-12 22:49:59+00:00,258.08
2023-02-12 23:10:52+00:00,258.14
2023-02-12 23:32:08+00:00,258.04
2023-02-12 23:32:08+00:00,258.04
2023-02-12 23:32:08+00:00,258.04
2023-02-12 23:54:17+00:00,258.03
2023-02-13 01:18:52+00:00,258.04
2023-02-13 01:18:52+00:00,258.04
2023-02-13 01:40:32+00:00,258.05
2023-02-13 02:01:38+00:00,258.02
2023-02-13 02:22:53+00:00,257.99
2023-02-13 02:22:53+00:00,257.99
2023-02-13 02:44:21+00:00,257.97
2023-02-13 03:06:05+00:00,258.0
2023-02-13 03:27:43+00:00,258.03
2023-02-13 03:49:34+00:00,258.0
2023-02-13 05:18:27+00:00,257.87
2023-02-13 05:40:46+00:00,257.85
2023-02-13 06:03:09+00:00,257.85
2023-02-13 06:48:38+00:00,257.87
2023-02-13 06:48:38+00:00,257.87
2023-02-13 07:56:53+00:00,257.93
2023-02-13 07:56:53+00:00,257.93
2023-02-13 07:56:53+00:00,257.93
2023-02-13 08:19:40+00:00,258.07
2023-02-13 08:19:40+00:00,258.07
2023-02-13 08:43:44+00:00,257.99
2023-02-13 09:00:40+00:00,258.05
2023-02-13 09:38:11+00:00,258.07
2023-02-13 10:01:31+00:00,258.09
2023-02-13 11:13:30+00:00,258.18
2023-02-13 11:37:47+00:00,258.2
2023-02-13 12:05:29+00:00,258.32
2023-02-13 12:54:04+00:00,258.22
2023-02-13 13:18:37+00:00,258.24
2023-02-13 14:08:23+00:00,258.37
2023-02-13 14:57:43+00:00,258.03
2023-02-13 15:47:50+00:00,257.98
2023-02-13 16:13:38+00:00,258.14
2023-02-13 16:38:29+00:00,258.28
2023-02-13 16:38:29+00:00,258.28
2023-02-13 17:04:33+00:00,258.34
2023-02-13 17:30:00+00:00,258.45
2023-02-13 17:55:27+00:00,258.51
2023-02-13 17:55:27+00:00,258.51
2023-02-13 17:55:27+00:00,258.51
2023-02-13 18:46:57+00:00,258.45
2023-02-13 19:12:50+00:00,258.55
2023-02-13 19:12:50+00:00,258.55
2023-02-13 19:38:29+00:00,258.55
2023-02-13 20:04:57+00:00,258.58
2023-02-13 20:30:57+00:00,258.61
2023-02-13 20:56:51+00:00,258.51
2023-02-13 20:56:51+00:00,258.51
2023-02-13 21:23:21+00:00,258.45
2023-02-13 21:51:17+00:00,258.58
2023-02-13 22:44:42+00:00,258.49
2023-02-13 23:38:47+00:00,258.53
2023-02-14 00:05:48+00:00,258.46
2023-02-14 01:55:08+00:00,258.43
2023-02-14 02:22:37+00:00,258.32
2023-02-14 02:51:35+00:00,258.34
2023-02-14 04:42:44+00:00,258.31
2023-02-14 07:03:40+00:00,258.43
2023-02-14 07:31:58+00:00,258.45
2023-02-14 08:00:31+00:00,258.36
2023-02-14 09:26:14+00:00,258.35
2023-02-14 17:30:06+00:00,258.51
2023-02-14 17:30:06+00:00,258.51
2023-02-14 17:34:07+00:00,258.45
2023-02-14 17:34:07+00:00,258.45
2023-02-14 17:38:29+00:00,258.5
2023-02-14 17:40:52+00:00,258.48
2023-02-14 17:43:18+00:00,258.42
2023-02-14 17:43:18+00:00,258.42
2023-02-14 17:43:18+00:00,258.42
2023-02-14 17:48:26+00:00,258.46
2023-02-14 17:48:26+00:00,258.46
2023-02-14 17:51:08+00:00,258.4
2023-02-14 17:53:56+00:00,258.44
2023-02-14 17:56:51+00:00,258.47
2023-02-14 17:59:52+00:00,258.43
2023-02-14 18:02:59+00:00,258.56
2023-02-14 18:13:15+00:00,258.52
2023-02-14 18:27:26+00:00,258.47
2023-02-14 18:27:26+00:00,258.47
2023-02-14 18:31:16+00:00,258.51
2023-02-14 18:35:11+00:00,258.46
2023-02-14 18:47:51+00:00,258.41
2023-02-14 18:56:36+00:00,258.41
2023-02-14 19:01:07+00:00,258.45
2023-02-14 19:06:07+00:00,258.54
2023-02-14 19:15:50+00:00,258.47
2023-02-14 19:15:50+00:00,258.47
2023-02-14 19:25:42+00:00,258.55
2023-02-14 19:30:46+00:00,258.5
2023-02-14 19:35:51+00:00,258.54
2023-02-14 19:46:29+00:00,258.57
2023-02-14 19:46:29+00:00,258.57
2023-02-14 19:57:26+00:00,258.46
2023-02-14 20:14:47+00:00,258.45
2023-02-14 20:32:44+00:00,258.53
2023-02-14 20:32:44+00:00,258.53
2023-02-14 20:39:13+00:00,258.49
2023-02-14 20:45:52+00:00,258.57
2023-02-14 20:52:23+00:00,258.52
2023-02-14 21:12:28+00:00,258.55
2023-02-14 21:33:49+00:00,258.6
2023-02-14 21:33:49+00:00,258.6
2023-02-14 22:33:45+00:00,258.6
2023-02-14 22:41:28+00:00,258.59
2023-02-14 23:05:55+00:00,258.53
2023-02-14 23:22:45+00:00,258.51
2023-02-15 00:06:01+00:00,258.34
2023-02-15 00:42:43+00:00,258.39
2023-02-15 00:51:58+00:00,258.38
2023-02-15 01:01:13+00:00,258.31
2023-02-15 01:10:40+00:00,258.43
2023-02-15 01:49:35+00:00,258.37
2023-02-15 02:00:36+00:00,258.3
2023-02-15 02:10:57+00:00,258.27
2023-02-21 04:59:43+00:00,258.18
2023-02-21 04:59:43+00:00,258.18
2023-02-21 05:01:34+00:00,258.26
2023-02-21 05:01:34+00:00,258.26
2023-02-21 05:01:34+00:00,258.26
2023-02-21 05:03:31+00:00,258.29
2023-02-21 05:05:34+00:00,258.27
2023-02-21 05:05:34+00:00,258.27
2023-02-21 05:05:34+00:00,258.27
2023-02-21 05:05:34+00:00,258.27
2023-02-21 05:05:34+00:00,258.27
2023-02-21 05:05:34+00:00,258.27
2023-02-21 05:07:43+00:00,258.26
2023-02-21 05:07:43+00:00,258.26
2023-02-21 05:07:43+00:00,258.26
2023-02-21 05:07:43+00:00,258.26
2023-02-21 05:09:56+00:00,258.24
2023-02-21 05:09:56+00:00,258.24
2023-02-21 05:12:21+00:00,258.28
2023-02-21 05:14:45+00:00,258.19
2023-02-21 05:14:45+00:00,258.19
2023-02-21 05:17:16+00:00,258.25
2023-02-21 05:17:16+00:00,258.25
2023-02-21 05:19:58+00:00,258.25
2023-02-21 05:19:58+00:00,258.25
2023-02-21 05:22:42+00:00,258.24
2023-02-21 05:22:42+00:00,258.24
2023-02-21 05:28:23+00:00,258.23
2023-02-21 05:28:23+00:00,258.23
2023-02-21 05:31:21+00:00,258.23
2023-02-21 05:37:40+00:00,258.31
2023-02-21 05:37:40+00:00,258.31
2023-02-21 05:37:40+00:00,258.31
2023-02-21 05:40:59+00:00,258.23
2023-02-21 05:40:59+00:00,258.23
2023-02-21 05:40:59+00:00,258.23
2023-02-21 05:44:22+00:00,258.28
2023-02-21 05:44:22+00:00,258.28
2023-02-21 05:44:22+00:00,258.28
2023-02-21 05:44:22+00:00,258.28
2023-02-21 05:47:47+00:00,258.33
2023-02-21 05:47:47+00:00,258.33
2023-02-21 05:51:21+00:00,258.26
2023-02-21 05:51:21+00:00,258.26
2023-02-21 05:54:57+00:00,258.27
2023-02-21 05:54:57+00:00,258.27
2023-02-21 05:54:57+00:00,258.27
2023-02-21 05:54:57+00:00,258.27
2023-02-21 05:54:57+00:00,258.27
2023-02-21 05:58:48+00:00,258.33
2023-02-21 05:58:48+00:00,258.33
2023-02-21 05:58:48+00:00,258.33
2023-02-21 05:58:48+00:00,258.33
2023-02-21 06:02:38+00:00,258.26
2023-02-21 06:06:32+00:00,258.33
2023-02-21 06:06:32+00:00,258.33
2023-02-21 06:06:32+00:00,258.33
2023-02-21 06:10:33+00:00,258.33
2023-02-21 06:14:38+00:00,258.35
2023-02-21 06:18:56+00:00,258.25
2023-02-21 06:23:17+00:00,258.25
2023-02-21 06:27:41+00:00,258.32
2023-02-21 06:27:41+00:00,258.32
2023-02-21 06:27:41+00:00,258.32
2023-02-21 06:27:41+00:00,258.32
2023-02-21 06:32:13+00:00,258.37
2023-02-21 06:32:13+00:00,258.37
2023-02-21 06:36:53+00:00,258.39
2023-02-21 06:36:53+00:00,258.39
2023-02-21 06:46:27+00:00,258.31
2023-02-21 06:46:27+00:00,258.31
2023-02-21 06:51:39+00:00,258.29
2023-02-21 06:51:39+00:00,258.29
2023-02-21 06:56:41+00:00,258.37
2023-02-21 07:01:55+00:00,258.36
2023-02-21 07:12:22+00:00,258.34
2023-02-21 07:12:22+00:00,258.34
2023-02-21 07:17:40+00:00,258.35
2023-02-21 07:17:40+00:00,258.35
2023-02-21 07:23:17+00:00,258.35
2023-02-21 07:23:17+00:00,258.35
2023-02-21 07:28:51+00:00,258.35
2023-02-21 07:28:51+00:00,258.35
2023-02-21 07:34:40+00:00,258.36
2023-02-21 07:34:40+00:00,258.36
2023-02-21 07:40:22+00:00,258.32
2023-02-21 07:40:22+00:00,258.32
2023-02-21 07:46:17+00:00,258.41
2023-02-21 07:46:17+00:00,258.41
2023-02-21 07:46:17+00:00,258.41
2023-02-21 07:52:19+00:00,258.39
2023-02-21 07:58:29+00:00,258.39
2023-02-21 08:04:38+00:00,258.35
2023-02-21 08:04:38+00:00,258.35
2023-02-21 08:10:47+00:00,258.35
2023-02-21 08:10:47+00:00,258.35
2023-02-21 08:17:00+00:00,258.43
2023-02-21 08:23:25+00:00,258.51
2023-02-21 08:23:25+00:00,258.51
2023-02-21 08:29:57+00:00,258.49
2023-02-21 08:36:36+00:00,258.51
2023-02-21 08:36:36+00:00,258.51
2023-02-21 08:43:22+00:00,258.52
2023-02-21 08:43:22+00:00,258.52
2023-02-21 08:50:11+00:00,258.45
2023-02-21 08:50:11+00:00,258.45
2023-02-21 08:50:11+00:00,258.45
2023-02-21 08:57:07+00:00,258.42
2023-02-21 09:04:11+00:00,258.46
2023-02-21 09:04:11+00:00,258.46
2023-02-21 09:11:13+00:00,258.5
2023-02-21 09:18:30+00:00,258.44
2023-02-21 09:18:30+00:00,258.44
2023-02-21 09:25:53+00:00,258.45
2023-02-21 09:33:16+00:00,258.48
2023-02-21 09:33:16+00:00,258.48
2023-02-21 09:40:45+00:00,258.34
2023-02-21 09:40:45+00:00,258.34
2023-02-21 09:48:17+00:00,258.43
2023-02-21 09:48:17+00:00,258.43
2023-02-21 09:48:17+00:00,258.43
2023-02-21 09:48:17+00:00,258.43
2023-02-21 09:56:16+00:00,258.35
2023-02-21 10:04:03+00:00,258.46
2023-02-21 10:04:03+00:00,258.46
2023-02-21 10:04:03+00:00,258.46
2023-02-21 10:11:51+00:00,258.41
2023-02-21 10:11:51+00:00,258.41
2023-02-21 10:11:51+00:00,258.41
2023-02-21 10:20:01+00:00,258.42
2023-02-21 10:20:01+00:00,258.42
2023-02-21 10:20:01+00:00,258.42
2023-02-21 10:27:58+00:00,258.47
2023-02-21 10:36:13+00:00,258.48
2023-02-21 10:36:13+00:00,258.48
2023-02-21 10:44:19+00:00,258.46
2023-02-21 10:44:19+00:00,258.46
2023-02-21 10:52:37+00:00,258.47
2023-02-21 11:01:16+00:00,258.44
2023-02-21 11:18:45+00:00,258.36
2023-02-21 11:18:45+00:00,258.36
2023-02-21 11:27:47+00:00,258.51
2023-02-21 11:27:47+00:00,258.51
2023-02-21 11:27:47+00:00,258.51
2023-02-21 11:36:32+00:00,258.54
2023-02-21 11:45:23+00:00,258.5
2023-02-21 12:13:07+00:00,258.55
2023-02-21 12:22:44+00:00,258.57
2023-02-21 12:22:44+00:00,258.57
2023-02-21 12:32:09+00:00,258.6
2023-02-21 12:32:09+00:00,258.6
2023-02-21 12:32:09+00:00,258.6
2023-02-21 12:32:09+00:00,258.6
2023-02-21 12:41:22+00:00,258.61
2023-02-21 12:41:22+00:00,258.61
2023-02-21 12:50:52+00:00,258.62
2023-02-21 12:50:52+00:00,258.62
2023-02-21 13:00:30+00:00,258.47
2023-02-21 13:10:32+00:00,258.55
2023-02-21 13:10:32+00:00,258.55
2023-02-21 13:10:32+00:00,258.55
2023-02-21 13:10:32+00:00,258.55
2023-02-21 13:10:32+00:00,258.55
2023-02-21 13:20:14+00:00,258.56
2023-02-21 13:20:14+00:00,258.56
2023-02-21 13:30:22+00:00,258.56
2023-02-21 13:40:32+00:00,258.59
2023-02-21 13:40:32+00:00,258.59
2023-02-21 13:40:32+00:00,258.59
2023-02-21 13:50:57+00:00,258.53
2023-02-21 13:50:57+00:00,258.53
2023-02-21 13:50:57+00:00,258.53
2023-02-21 13:50:57+00:00,258.53
2023-02-21 14:01:21+00:00,258.59
2023-02-21 14:12:41+00:00,258.57
2023-02-21 14:33:53+00:00,258.56
2023-02-21 14:33:53+00:00,258.56
2023-02-21 14:33:53+00:00,258.56
2023-02-21 14:44:33+00:00,258.58
2023-02-21 14:55:17+00:00,258.43
2023-02-21 15:06:03+00:00,258.49
2023-02-21 15:17:04+00:00,258.49
2023-02-21 15:17:04+00:00,258.49
2023-02-21 15:39:31+00:00,258.53
2023-02-21 15:39:31+00:00,258.53
2023-02-21 15:39:31+00:00,258.53
2023-02-21 15:39:31+00:00,258.53
2023-02-21 15:51:08+00:00,258.53
2023-02-21 15:51:08+00:00,258.53
2023-02-21 16:02:26+00:00,258.55
2023-02-21 16:14:01+00:00,258.51
2023-02-21 16:14:01+00:00,258.51
2023-02-21 16:37:31+00:00,258.55
2023-02-21 16:37:31+00:00,258.55
2023-02-21 16:49:19+00:00,258.54
2023-02-21 16:49:19+00:00,258.54
2023-02-21 17:01:51+00:00,258.55
2023-02-21 17:13:51+00:00,258.52
2023-02-21 17:13:51+00:00,258.52
2023-02-21 17:13:51+00:00,258.52
2023-02-21 17:26:17+00:00,258.52
2023-02-21 17:26:17+00:00,258.52
2023-02-21 17:26:17+00:00,258.52
2023-02-21 17:38:47+00:00,258.51
2023-02-21 17:38:47+00:00,258.51
2023-02-21 17:51:27+00:00,258.4
2023-02-21 18:04:03+00:00,258.55
2023-02-21 18:04:03+00:00,258.55
2023-02-21 18:16:31+00:00,258.49
2023-02-21 18:29:24+00:00,258.47
2023-02-21 18:42:40+00:00,258.56
2023-02-21 18:55:16+00:00,258.45
2023-02-21 19:08:11+00:00,258.4
2023-02-21 19:08:11+00:00,258.4
2023-02-21 19:08:11+00:00,258.4
2023-02-21 19:35:18+00:00,258.39
2023-02-21 19:35:18+00:00,258.39
2023-02-21 19:48:42+00:00,258.39
2023-02-21 20:01:55+00:00,258.39
2023-02-21 20:28:51+00:00,258.42
2023-02-21 20:28:51+00:00,258.42
2023-02-21 20:56:48+00:00,258.48
2023-02-21 20:56:48+00:00,258.48
2023-02-21 21:10:12+00:00,258.5
2023-02-21 21:24:26+00:00,258.35
2023-02-21 21:38:19+00:00,258.4
2023-02-21 21:38:19+00:00,258.4
2023-02-21 21:51:59+00:00,258.5
2023-02-21 22:06:07+00:00,258.42
2023-02-21 22:06:07+00:00,258.42
2023-02-21 22:20:45+00:00,258.4
2023-02-21 22:49:43+00:00,258.38
2023-02-21 22:49:43+00:00,258.38
2023-02-21 23:03:59+00:00,258.37
2023-02-21 23:18:38+00:00,258.33
2023-02-21 23:33:33+00:00,258.38
2023-02-22 00:19:15+00:00,258.44
2023-02-22 00:49:32+00:00,258.43
2023-02-22 01:35:09+00:00,258.38
2023-02-22 01:35:09+00:00,258.38
2023-02-22 02:06:32+00:00,258.22
2023-02-22 02:06:32+00:00,258.22
2023-02-22 03:10:02+00:00,258.32
2023-02-22 03:25:57+00:00,258.3
2023-02-22 03:25:57+00:00,258.3
2023-02-22 03:25:57+00:00,258.3
2023-02-22 04:14:35+00:00,258.31
2023-02-22 04:30:48+00:00,258.37
2023-02-22 04:30:48+00:00,258.37
2023-02-22 04:30:48+00:00,258.37
2023-02-22 04:47:39+00:00,258.38
2023-02-22 05:04:23+00:00,258.44
2023-02-22 05:54:31+00:00,258.48
2023-02-22 05:54:31+00:00,258.48
2023-02-22 06:11:34+00:00,258.46
2023-02-22 06:28:30+00:00,258.48
2023-02-22 06:28:30+00:00,258.48
2023-02-22 07:03:20+00:00,258.45
2023-02-22 07:56:17+00:00,258.49
2023-02-22 08:13:49+00:00,258.5
2023-02-22 08:32:03+00:00,258.54
2023-02-22 09:26:22+00:00,258.61
2023-02-22 10:03:22+00:00,258.51
2023-02-22 10:21:49+00:00,258.56
2023-02-22 10:21:49+00:00,258.56
2023-02-22 10:59:06+00:00,258.48
2023-02-22 10:59:06+00:00,258.48
2023-02-22 11:36:33+00:00,258.55
2023-02-22 12:52:53+00:00,258.68
2023-02-22 13:12:10+00:00,258.66
2023-02-22 13:31:25+00:00,258.71
2023-02-22 13:31:25+00:00,258.71
2023-02-22 14:10:19+00:00,258.71
2023-02-22 14:29:57+00:00,258.66
2023-02-22 16:10:06+00:00,258.67
2023-02-22 16:30:45+00:00,258.65
2023-02-22 16:30:45+00:00,258.65
2023-02-22 16:50:52+00:00,258.64
2023-02-22 16:50:52+00:00,258.64
2023-02-22 17:11:21+00:00,258.72
2023-02-22 17:32:12+00:00,258.67
2023-02-22 17:53:09+00:00,258.54
2023-02-22 17:53:09+00:00,258.54
2023-02-22 19:59:45+00:00,258.53
2023-02-22 21:48:50+00:00,258.63
2023-02-22 23:17:46+00:00,258.53
2023-02-22 23:17:46+00:00,258.53
2023-02-23 02:18:32+00:00,258.36
2023-02-23 03:27:36+00:00,258.45
2023-02-23 04:38:18+00:00,258.23
2023-02-27 04:38:12+00:00,258.42
2023-02-27 04:38:12+00:00,258.42
2023-02-27 04:40:09+00:00,258.42
2023-02-27 04:40:09+00:00,258.42
2023-02-27 04:42:12+00:00,258.56
2023-02-27 04:42:12+00:00,258.56
2023-02-27 04:42:12+00:00,258.56
2023-02-27 04:44:21+00:00,258.34
2023-02-27 04:44:21+00:00,258.34
2023-02-27 04:44:21+00:00,258.34
2023-02-27 04:46:35+00:00,258.54
2023-02-27 04:48:55+00:00,258.39
2023-02-27 04:48:55+00:00,258.39
2023-02-27 04:48:55+00:00,258.39
2023-02-27 04:48:55+00:00,258.39
2023-02-27 04:51:21+00:00,258.44
2023-02-27 04:51:21+00:00,258.44
2023-02-27 04:53:54+00:00,258.54
2023-02-27 04:53:54+00:00,258.54
2023-02-27 04:56:32+00:00,258.53
2023-02-27 04:56:32+00:00,258.53
2023-02-27 04:56:32+00:00,258.53
2023-02-27 04:56:32+00:00,258.53
2023-02-27 04:59:17+00:00,258.57
2023-02-27 05:02:04+00:00,258.57
2023-02-27 05:04:57+00:00,258.53
2023-02-27 05:04:57+00:00,258.53
2023-02-27 05:04:57+00:00,258.53
2023-02-27 05:07:57+00:00,258.5
2023-02-27 05:07:57+00:00,258.5
2023-02-27 05:07:57+00:00,258.5
2023-02-27 05:07:57+00:00,258.5
2023-02-27 05:07:57+00:00,258.5
2023-02-27 05:07:57+00:00,258.5
2023-02-27 05:11:04+00:00,258.53
2023-02-27 05:11:04+00:00,258.53
2023-02-27 05:11:04+00:00,258.53
2023-02-27 05:14:17+00:00,258.57
2023-02-27 05:17:33+00:00,258.55
2023-02-27 05:17:33+00:00,258.55
2023-02-27 05:17:33+00:00,258.55
2023-02-27 05:17:33+00:00,258.55
2023-02-27 05:17:33+00:00,258.55
2023-02-27 05:20:53+00:00,258.54
2023-02-27 05:24:21+00:00,258.53
2023-02-27 05:24:21+00:00,258.53
2023-02-27 05:24:21+00:00,258.53
2023-02-27 05:27:55+00:00,258.55
2023-02-27 05:27:55+00:00,258.55
2023-02-27 05:27:55+00:00,258.55
2023-02-27 05:27:55+00:00,258.55
2023-02-27 05:31:38+00:00,258.48
2023-02-27 05:31:38+00:00,258.48
2023-02-27 05:31:38+00:00,258.48
2023-02-27 05:31:38+00:00,258.48
2023-02-27 05:35:26+00:00,258.54
2023-02-27 05:43:17+00:00,258.6
2023-02-27 05:43:17+00:00,258.6
2023-02-27 05:47:17+00:00,258.58
2023-02-27 05:47:17+00:00,258.58
2023-02-27 05:47:17+00:00,258.58
2023-02-27 05:47:17+00:00,258.58
2023-02-27 05:47:17+00:00,258.58
2023-02-27 05:47:17+00:00,258.58
2023-02-27 05:47:17+00:00,258.58
2023-02-27 05:51:24+00:00,258.59
2023-02-27 05:51:24+00:00,258.59
2023-02-27 05:55:35+00:00,258.66
2023-02-27 05:59:57+00:00,258.55
2023-02-27 05:59:57+00:00,258.55
2023-02-27 05:59:57+00:00,258.55
2023-02-27 05:59:57+00:00,258.55
2023-02-27 05:59:57+00:00,258.55
2023-02-27 06:08:53+00:00,258.67
2023-02-27 06:08:53+00:00,258.67
2023-02-27 06:08:53+00:00,258.67
2023-02-27 06:08:53+00:00,258.67
2023-02-27 06:08:53+00:00,258.67
2023-02-27 06:08:53+00:00,258.67
2023-02-27 06:13:26+00:00,258.49
2023-02-27 06:13:26+00:00,258.49
2023-02-27 06:18:07+00:00,258.54
2023-02-27 06:18:07+00:00,258.54
2023-02-27 06:18:07+00:00,258.54
2023-02-27 06:28:07+00:00,258.39
2023-02-27 06:33:00+00:00,258.57
2023-02-27 06:33:00+00:00,258.57
2023-02-27 06:38:02+00:00,258.53
2023-02-27 06:43:09+00:00,258.51
2023-02-27 06:48:25+00:00,258.56
2023-02-27 06:53:45+00:00,258.57
2023-02-27 06:53:45+00:00,258.57
2023-02-27 06:59:12+00:00,258.58
2023-02-27 06:59:12+00:00,258.58
2023-02-27 06:59:12+00:00,258.58
2023-02-27 06:59:12+00:00,258.58
2023-02-27 06:59:12+00:00,258.58
2023-02-27 07:04:44+00:00,258.52
2023-02-27 07:04:44+00:00,258.52
2023-02-27 07:10:26+00:00,258.57
2023-02-27 07:10:26+00:00,258.57
2023-02-27 07:10:26+00:00,258.57
2023-02-27 07:10:26+00:00,258.57
2023-02-27 07:10:26+00:00,258.57
2023-02-27 07:10:26+00:00,258.57
2023-02-27 07:16:07+00:00,258.48
2023-02-27 07:16:07+00:00,258.48
2023-02-27 07:21:55+00:00,258.55
2023-02-27 07:21:55+00:00,258.55
2023-02-27 07:33:50+00:00,258.53
2023-02-27 07:33:50+00:00,258.53
2023-02-27 07:33:50+00:00,258.53
2023-02-27 07:39:55+00:00,258.58
2023-02-27 07:39:55+00:00,258.58
2023-02-27 07:46:08+00:00,258.57
2023-02-27 07:46:08+00:00,258.57
2023-02-27 07:52:41+00:00,258.63
2023-02-27 07:59:05+00:00,258.61
2023-02-27 07:59:05+00:00,258.61
2023-02-27 07:59:05+00:00,258.61
2023-02-27 08:05:33+00:00,258.64
2023-02-27 08:05:33+00:00,258.64
2023-02-27 08:05:33+00:00,258.64
2023-02-27 08:12:21+00:00,258.76
2023-02-27 08:19:05+00:00,258.73
2023-02-27 08:19:05+00:00,258.73
2023-02-27 08:19:05+00:00,258.73
2023-02-27 08:19:05+00:00,258.73
2023-02-27 08:25:51+00:00,258.69
2023-02-27 08:25:51+00:00,258.69
2023-02-27 08:25:51+00:00,258.69
2023-02-27 08:25:51+00:00,258.69
2023-02-27 08:32:41+00:00,258.66
2023-02-27 08:32:41+00:00,258.66
2023-02-27 08:39:35+00:00,258.63
2023-02-27 08:39:35+00:00,258.63
2023-02-27 08:39:35+00:00,258.63
2023-02-27 08:39:35+00:00,258.63
2023-02-27 08:39:35+00:00,258.63
2023-02-27 08:39:35+00:00,258.63
2023-02-27 08:39:35+00:00,258.63
2023-02-27 08:46:41+00:00,258.66
2023-02-27 08:46:41+00:00,258.66
2023-02-27 08:54:10+00:00,258.61
2023-02-27 08:54:10+00:00,258.61
2023-02-27 08:54:10+00:00,258.61
2023-02-27 09:01:27+00:00,258.7
2023-02-27 09:01:27+00:00,258.7
2023-02-27 09:01:27+00:00,258.7
2023-02-27 09:24:08+00:00,258.63
2023-02-27 09:24:08+00:00,258.63
2023-02-27 09:24:08+00:00,258.63
2023-02-27 09:24:08+00:00,258.63
2023-02-27 09:24:08+00:00,258.63
2023-02-27 09:31:54+00:00,258.58
2023-02-27 09:31:54+00:00,258.58
2023-02-27 09:31:54+00:00,258.58
2023-02-27 09:31:54+00:00,258.58
2023-02-27 09:31:54+00:00,258.58
2023-02-27 09:31:54+00:00,258.58
2023-02-27 09:39:32+00:00,258.7
2023-02-27 09:47:17+00:00,258.64
2023-02-27 09:55:14+00:00,258.65
2023-02-27 09:55:14+00:00,258.65
2023-02-27 09:55:14+00:00,258.65
2023-02-27 10:03:06+00:00,258.58
2023-02-27 10:03:06+00:00,258.58
2023-02-27 10:03:06+00:00,258.58
2023-02-27 10:03:06+00:00,258.58
2023-02-27 10:03:06+00:00,258.58
2023-02-27 10:03:06+00:00,258.58
2023-02-27 10:11:19+00:00,258.66
2023-02-27 10:11:19+00:00,258.66
2023-02-27 10:11:19+00:00,258.66
2023-02-27 10:19:30+00:00,258.61
2023-02-27 10:19:30+00:00,258.61
2023-02-27 10:19:30+00:00,258.61
2023-02-27 10:19:30+00:00,258.61
2023-02-27 10:27:46+00:00,258.75
2023-02-27 10:27:46+00:00,258.75
2023-02-27 10:27:46+00:00,258.75
2023-02-27 10:44:35+00:00,258.64
2023-02-27 10:44:35+00:00,258.64
2023-02-27 10:44:35+00:00,258.64
2023-02-27 10:44:35+00:00,258.64
2023-02-27 10:53:12+00:00,258.62
2023-02-27 10:53:12+00:00,258.62
2023-02-27 10:53:12+00:00,258.62
2023-02-27 11:01:52+00:00,258.59
2023-02-27 11:01:52+00:00,258.59
2023-02-27 11:01:52+00:00,258.59
2023-02-27 11:01:52+00:00,258.59
2023-02-27 11:01:52+00:00,258.59
2023-02-27 11:10:45+00:00,258.59
2023-02-27 11:10:45+00:00,258.59
2023-02-27 11:19:33+00:00,258.63
2023-02-27 11:19:33+00:00,258.63
2023-02-27 11:28:26+00:00,258.63
2023-02-27 11:28:26+00:00,258.63
2023-02-27 11:37:37+00:00,258.64
2023-02-27 11:37:37+00:00,258.64
2023-02-27 11:37:37+00:00,258.64
2023-02-27 11:46:41+00:00,258.61
2023-02-27 11:46:41+00:00,258.61
2023-02-27 11:46:41+00:00,258.61
2023-02-27 12:05:13+00:00,258.67
2023-02-27 12:05:13+00:00,258.67
2023-02-27 12:05:13+00:00,258.67
2023-02-27 12:24:02+00:00,258.63
2023-02-27 12:24:02+00:00,258.63
2023-02-27 12:33:44+00:00,258.64
2023-02-27 12:33:44+00:00,258.64
2023-02-27 12:43:33+00:00,258.71
2023-02-27 12:43:33+00:00,258.71
2023-02-27 12:53:21+00:00,258.66
2023-02-27 12:53:21+00:00,258.66
2023-02-27 13:13:18+00:00,258.69
2023-02-27 13:13:18+00:00,258.69
2023-02-27 13:33:42+00:00,258.72
2023-02-27 13:33:42+00:00,258.72
2023-02-27 13:43:50+00:00,258.75
2023-02-27 13:43:50+00:00,258.75
2023-02-27 13:54:26+00:00,258.72
2023-02-27 13:54:26+00:00,258.72
2023-02-27 14:04:47+00:00,258.76
2023-02-27 14:04:47+00:00,258.76
2023-02-27 14:04:47+00:00,258.76
2023-02-27 14:15:29+00:00,258.73
2023-02-27 14:26:02+00:00,258.7
2023-02-27 14:36:42+00:00,258.76
2023-02-27 14:36:42+00:00,258.76
2023-02-27 14:58:44+00:00,258.63
2023-02-27 15:09:47+00:00,258.65
2023-02-27 15:09:47+00:00,258.65
2023-02-27 15:20:49+00:00,258.69
2023-02-27 15:20:49+00:00,258.69
2023-02-27 15:31:54+00:00,258.62
2023-02-27 15:31:54+00:00,258.62
2023-02-27 15:31:54+00:00,258.62
2023-02-27 15:43:13+00:00,258.62
2023-02-27 15:43:13+00:00,258.62
2023-02-27 15:43:13+00:00,258.62
2023-02-27 15:43:13+00:00,258.62
2023-02-27 15:54:25+00:00,258.61
2023-02-27 15:54:25+00:00,258.61
2023-02-27 16:05:41+00:00,258.62
2023-02-27 16:17:08+00:00,258.67
2023-02-27 16:17:08+00:00,258.67
2023-02-27 16:28:50+00:00,258.61
2023-02-27 16:28:50+00:00,258.61
2023-02-27 16:40:46+00:00,258.63
2023-02-27 16:40:46+00:00,258.63
2023-02-27 16:52:34+00:00,258.63
2023-02-27 16:52:34+00:00,258.63
2023-02-27 17:16:53+00:00,258.58
2023-02-27 17:16:53+00:00,258.58
2023-02-27 17:29:08+00:00,258.48
2023-02-27 17:29:08+00:00,258.48
2023-02-27 17:29:08+00:00,258.48
2023-02-27 17:29:08+00:00,258.48
2023-02-27 17:41:17+00:00,258.67
2023-02-27 17:41:17+00:00,258.67
2023-02-27 17:53:45+00:00,258.71
2023-02-27 18:18:58+00:00,258.49
2023-02-27 18:31:40+00:00,258.64
2023-02-27 18:57:28+00:00,258.66
2023-02-27 18:57:28+00:00,258.66
2023-02-27 19:10:25+00:00,258.68
2023-02-27 19:10:25+00:00,258.68
2023-02-27 19:10:25+00:00,258.68
2023-02-27 19:23:22+00:00,258.66
2023-02-27 19:23:22+00:00,258.66
2023-02-27 19:36:25+00:00,258.62
2023-02-27 19:49:45+00:00,258.6
2023-02-27 19:49:45+00:00,258.6
2023-02-27 20:16:26+00:00,258.6
2023-02-27 20:30:05+00:00,258.52
2023-02-27 20:30:05+00:00,258.52
2023-02-27 20:30:05+00:00,258.52
2023-02-27 20:30:05+00:00,258.52
2023-02-27 20:43:34+00:00,258.63
2023-02-27 20:43:34+00:00,258.63
2023-02-27 20:57:47+00:00,258.55
2023-02-27 21:11:41+00:00,258.58
2023-02-27 21:25:28+00:00,258.63
2023-02-27 21:39:31+00:00,258.59
2023-02-27 21:39:31+00:00,258.59
2023-02-27 21:53:33+00:00,258.62
2023-02-27 21:53:33+00:00,258.62
2023-02-27 21:53:33+00:00,258.62
2023-02-27 21:53:33+00:00,258.62
2023-02-27 21:53:33+00:00,258.62
2023-02-27 22:08:00+00:00,258.64
2023-02-27 22:08:00+00:00,258.64
2023-02-27 22:08:00+00:00,258.64
2023-02-27 22:22:11+00:00,258.55
2023-02-27 22:22:11+00:00,258.55
2023-02-27 22:36:28+00:00,258.6
2023-02-27 22:51:15+00:00,258.57
2023-02-27 22:51:15+00:00,258.57
2023-02-27 22:51:15+00:00,258.57
2023-02-27 22:51:15+00:00,258.57
2023-02-27 23:05:33+00:00,258.55
2023-02-27 23:05:33+00:00,258.55
2023-02-27 23:20:14+00:00,258.58
2023-02-27 23:50:05+00:00,258.59
2023-02-28 00:05:08+00:00,258.58
2023-02-28 00:35:38+00:00,258.58
2023-02-28 00:50:53+00:00,258.6
2023-02-28 00:50:53+00:00,258.6
2023-02-28 01:05:59+00:00,258.57
2023-02-28 01:36:58+00:00,258.59
2023-02-28 01:36:58+00:00,258.59
2023-02-28 01:36:58+00:00,258.59
2023-02-28 01:36:58+00:00,258.59
2023-02-28 01:52:28+00:00,258.57
2023-02-28 02:08:05+00:00,258.58
2023-02-28 02:23:48+00:00,258.51
2023-02-28 02:55:26+00:00,258.68
2023-02-28 02:55:26+00:00,258.68
2023-02-28 03:11:27+00:00,258.64
2023-02-28 03:11:27+00:00,258.64
2023-02-28 03:44:33+00:00,258.52
2023-02-28 03:44:33+00:00,258.52
2023-02-28 04:17:32+00:00,258.49
2023-02-28 04:34:07+00:00,258.45
2023-02-28 04:34:07+00:00,258.45
2023-02-28 04:50:43+00:00,258.47
2023-02-28 04:50:43+00:00,258.47
2023-02-28 04:50:43+00:00,258.47
2023-02-28 04:50:43+00:00,258.47
2023-02-28 05:24:27+00:00,258.51
2023-02-28 05:24:27+00:00,258.51
2023-02-28 05:24:27+00:00,258.51
2023-02-28 05:41:26+00:00,258.45
2023-02-28 05:41:26+00:00,258.45
2023-02-28 05:58:13+00:00,258.49
2023-02-28 05:58:13+00:00,258.49
2023-02-28 05:58:13+00:00,258.49
2023-02-28 05:58:13+00:00,258.49
2023-02-28 06:15:11+00:00,258.56
2023-02-28 06:32:33+00:00,258.48
2023-02-28 06:49:48+00:00,258.61
2023-02-28 06:49:48+00:00,258.61
2023-02-28 06:49:48+00:00,258.61
2023-02-28 07:25:07+00:00,258.53
2023-02-28 07:42:55+00:00,258.6
2023-02-28 07:42:55+00:00,258.6
2023-02-28 08:00:43+00:00,258.59
2023-02-28 08:00:43+00:00,258.59
2023-02-28 08:18:39+00:00,258.53
2023-02-28 08:18:39+00:00,258.53
2023-02-28 08:36:39+00:00,258.5
2023-02-28 08:54:51+00:00,258.57
2023-02-28 09:12:52+00:00,258.54
2023-02-28 09:12:52+00:00,258.54
2023-02-28 09:12:52+00:00,258.54
2023-02-28 09:30:58+00:00,258.67
2023-02-28 09:30:58+00:00,258.67
2023-02-28 09:30:58+00:00,258.67
2023-02-28 09:30:58+00:00,258.67
2023-02-28 09:49:11+00:00,258.63
2023-02-28 09:49:11+00:00,258.63
2023-02-28 09:49:11+00:00,258.63
2023-02-28 11:03:06+00:00,258.6
2023-02-28 11:03:06+00:00,258.6
2023-02-28 11:03:06+00:00,258.6
2023-02-28 11:21:39+00:00,258.54
2023-02-28 11:21:39+00:00,258.54
2023-02-28 11:21:39+00:00,258.54
2023-02-28 11:40:37+00:00,258.59
2023-02-28 12:18:42+00:00,258.62
2023-02-28 12:37:40+00:00,258.61
2023-02-28 13:15:54+00:00,258.6
2023-02-28 13:15:54+00:00,258.6
2023-02-28 13:54:31+00:00,258.56
2023-02-28 14:14:07+00:00,258.6
2023-02-28 14:34:06+00:00,258.58
2023-02-28 14:34:06+00:00,258.58
2023-02-28 15:14:06+00:00,258.62
2023-02-28 15:33:59+00:00,258.59
2023-02-28 16:14:11+00:00,258.67
2023-02-28 16:54:31+00:00,258.56
2023-02-28 16:54:31+00:00,258.56
2023-02-28 16:54:31+00:00,258.56
2023-02-28 17:35:22+00:00,258.62
2023-02-28 17:35:22+00:00,258.62
2023-02-28 18:59:01+00:00,258.58
2023-02-28 19:20:09+00:00,258.64
2023-02-28 20:02:23+00:00,258.6
2023-02-28 20:23:46+00:00,258.53
2023-02-28 20:23:46+00:00,258.53
2023-02-28 20:45:19+00:00,258.58
2023-02-28 21:49:40+00:00,258.52
2023-02-28 21:49:40+00:00,258.52
2023-02-28 23:18:35+00:00,258.46
2023-02-28 23:18:35+00:00,258.46
2023-02-28 23:18:35+00:00,258.46
2023-02-28 23:40:33+00:00,258.51
2023-03-01 00:03:03+00:00,258.47
2023-03-01 00:47:56+00:00,258.54
2023-03-01 01:56:16+00:00,258.33
2023-03-01 02:19:08+00:00,258.33
2023-03-01 03:05:27+00:00,258.49
2023-03-01 03:28:39+00:00,258.45
2023-03-01 03:28:39+00:00,258.45
2023-03-01 03:28:39+00:00,258.45
2023-03-01 04:15:07+00:00,258.47
2023-03-01 04:38:31+00:00,258.42
2023-03-01 04:38:31+00:00,258.42
2023-03-01 05:01:53+00:00,258.53
2023-03-01 06:12:39+00:00,258.48
2023-03-01 06:36:32+00:00,258.51
2023-03-01 07:48:59+00:00,258.46
2023-03-01 07:48:59+00:00,258.46
2023-03-01 07:48:59+00:00,258.46
2023-03-01 07:48:59+00:00,258.46
2023-03-01 08:13:31+00:00,258.54
2023-03-01 08:13:31+00:00,258.54
2023-03-01 08:13:31+00:00,258.54
2023-03-01 09:02:33+00:00,258.53
2023-03-01 11:58:07+00:00,258.56
2023-03-01 14:55:48+00:00,258.57
2023-03-01 14:55:48+00:00,258.57
2023-03-01 16:13:53+00:00,258.57
2023-03-01 17:06:16+00:00,258.68
2023-03-01 18:25:16+00:00,258.49
2023-03-01 18:25:16+00:00,258.49
2023-03-01 20:12:51+00:00,258.28
2023-03-01 20:40:49+00:00,258.22
2023-03-01 21:07:59+00:00,258.38
2023-03-01 23:53:18+00:00,258.42
2023-03-02 02:13:20+00:00,258.53
2023-03-25 06:05:52+00:00,258.36
2023-03-25 06:12:21+00:00,258.55
2023-03-25 06:28:01+00:00,258.47
2023-03-25 06:37:09+00:00,258.54
2023-03-25 06:47:16+00:00,258.42
2023-03-25 06:58:15+00:00,258.54
2023-03-25 07:09:34+00:00,267.0
2023-03-25 07:25:48+00:00,238.46
2023-03-25 07:30:08+00:00,238.49
2023-03-25 07:30:08+00:00,238.49
2023-03-25 07:33:14+00:00,238.47
2023-03-25 07:34:56+00:00,238.51
2023-03-25 07:42:22+00:00,238.52
2023-03-25 07:42:22+00:00,238.52
2023-03-25 07:46:47+00:00,238.46
2023-03-25 07:49:10+00:00,238.43
2023-03-25 07:54:18+00:00,238.32
2023-03-25 07:56:59+00:00,238.4
2023-03-25 08:02:42+00:00,238.44
2023-03-25 08:18:33+00:00,238.46
2023-03-25 08:25:47+00:00,238.42
2023-03-25 08:33:39+00:00,238.45
2023-03-25 08:37:33+00:00,238.45
2023-03-25 08:41:39+00:00,238.44
2023-03-25 08:54:05+00:00,238.46
2023-03-25 09:02:53+00:00,238.44
2023-03-25 09:12:02+00:00,238.45
2023-03-25 09:12:02+00:00,238.45
2023-03-25 10:04:43+00:00,238.62
2023-03-25 10:34:52+00:00,238.42
2023-03-25 10:54:03+00:00,238.59
2023-03-25 11:13:57+00:00,238.47
2023-03-25 11:45:34+00:00,238.01
2023-03-25 11:47:11+00:00,238.1
2023-03-25 11:47:11+00:00,238.1
2023-03-25 11:49:55+00:00,238.43
2023-03-25 11:49:55+00:00,238.43
2023-03-25 11:49:55+00:00,238.43
2023-03-25 11:51:25+00:00,238.43
2023-03-25 11:54:43+00:00,238.43
2023-03-25 11:54:43+00:00,238.43
2023-03-25 11:56:06+00:00,238.44
2023-03-25 11:56:06+00:00,238.44
2023-03-25 11:58:04+00:00,238.47
2023-03-25 12:00:07+00:00,238.43
2023-03-25 12:00:07+00:00,238.43
2023-03-25 12:00:07+00:00,238.43
2023-03-25 12:00:07+00:00,238.43
2023-03-25 12:06:45+00:00,238.37
2023-03-25 12:06:45+00:00,238.37
2023-03-25 12:09:10+00:00,238.46
2023-03-25 12:11:49+00:00,238.48
2023-03-25 12:11:49+00:00,238.48
2023-03-25 12:14:21+00:00,238.47
2023-03-25 12:17:03+00:00,238.49
2023-03-25 12:17:03+00:00,238.49
2023-03-25 12:17:03+00:00,238.49
2023-03-25 12:17:03+00:00,238.49
2023-03-25 12:19:49+00:00,238.47
2023-03-25 12:29:18+00:00,238.43
2023-03-25 12:35:50+00:00,238.46
2023-03-25 12:46:33+00:00,238.54
2023-03-25 12:46:33+00:00,238.54
2023-03-25 12:54:17+00:00,238.46
2023-03-25 12:54:17+00:00,238.46
2023-03-25 12:58:56+00:00,238.63
2023-03-25 12:58:56+00:00,238.63
2023-03-25 12:58:56+00:00,238.63
2023-03-25 13:02:50+00:00,238.59
2023-03-25 13:06:59+00:00,238.62
2023-03-25 13:06:59+00:00,238.62
2023-03-25 13:06:59+00:00,238.62
2023-03-25 13:06:59+00:00,238.62
2023-03-25 13:11:09+00:00,238.58
2023-03-25 13:48:32+00:00,238.64
2023-03-25 13:48:32+00:00,238.64
2023-03-25 14:04:54+00:00,238.56
2023-03-25 14:04:54+00:00,238.56
2023-03-25 14:04:54+00:00,238.56
2023-03-25 14:10:40+00:00,238.53
2023-03-25 14:16:10+00:00,238.66
2023-03-25 14:39:26+00:00,238.51
2023-03-25 14:46:22+00:00,238.53
2023-03-25 15:04:58+00:00,238.52
2023-03-25 15:24:10+00:00,238.48
2023-03-25 15:24:10+00:00,238.48
2023-03-25 15:44:08+00:00,238.5
2023-03-25 15:51:13+00:00,238.46
2023-03-25 16:13:20+00:00,238.45
2023-03-25 16:43:35+00:00,238.49
2023-03-25 16:51:21+00:00,238.48
2023-03-25 16:59:17+00:00,238.49
2023-03-25 17:07:10+00:00,238.52
2023-03-25 17:31:43+00:00,238.52
2023-03-25 18:23:14+00:00,238.49
2023-03-25 18:41:29+00:00,238.5
2023-03-25 18:50:38+00:00,238.52
2023-03-25 19:09:35+00:00,238.54
2023-03-25 19:18:59+00:00,238.51
2023-03-25 19:47:37+00:00,238.49
2023-03-25 20:58:54+00:00,238.5
2023-03-25 21:19:53+00:00,238.47
2023-03-25 21:41:45+00:00,238.4
2023-03-25 23:37:16+00:00,238.47
2023-03-26 00:01:29+00:00,238.41
2023-03-27 09:27:05+00:00,238.4
2023-03-27 09:27:05+00:00,238.4
2023-03-27 09:27:05+00:00,238.4
2023-03-27 09:28:42+00:00,238.45
2023-03-27 09:28:42+00:00,238.45
2023-03-27 09:28:42+00:00,238.45
2023-03-27 09:30:01+00:00,238.35
2023-03-27 09:30:01+00:00,238.35
2023-03-27 09:31:25+00:00,238.44
2023-03-27 09:31:25+00:00,238.44
2023-03-27 09:32:55+00:00,238.48
2023-03-27 09:32:55+00:00,238.48
2023-03-27 09:34:30+00:00,238.48
2023-03-27 09:34:30+00:00,238.48
2023-03-27 09:34:30+00:00,238.48
2023-03-27 09:34:30+00:00,238.48
2023-03-27 09:37:35+00:00,238.44
2023-03-27 09:39:30+00:00,238.43
2023-03-27 09:41:30+00:00,238.45
2023-03-27 09:43:35+00:00,238.46
2023-03-27 09:43:35+00:00,238.46
2023-03-27 09:45:43+00:00,238.4
2023-03-27 09:45:43+00:00,238.4
2023-03-27 09:48:05+00:00,238.51
2023-03-27 09:48:05+00:00,238.51
2023-03-27 09:48:05+00:00,238.51
2023-03-27 09:50:35+00:00,238.45
2023-03-27 09:50:35+00:00,238.45
2023-03-27 09:53:09+00:00,238.42
2023-03-27 09:55:48+00:00,238.46
2023-03-27 09:58:30+00:00,238.48
2023-03-27 09:58:30+00:00,238.48
2023-03-27 09:58:30+00:00,238.48
2023-03-27 09:58:30+00:00,238.48
2023-03-27 09:58:30+00:00,238.48
2023-03-27 10:01:17+00:00,238.49
2023-03-27 10:01:17+00:00,238.49
2023-03-27 10:07:09+00:00,238.43
2023-03-27 10:07:09+00:00,238.43
2023-03-27 10:07:09+00:00,238.43
2023-03-27 10:10:14+00:00,238.44
2023-03-27 10:10:14+00:00,238.44
2023-03-27 10:10:14+00:00,238.44
2023-03-27 10:10:14+00:00,238.44
2023-03-27 10:13:20+00:00,238.65
2023-03-27 10:16:43+00:00,238.56
2023-03-27 10:20:05+00:00,238.54
2023-03-27 10:23:34+00:00,238.53
2023-03-27 10:23:34+00:00,238.53
2023-03-27 10:23:34+00:00,238.53
2023-03-27 10:27:06+00:00,238.56
2023-03-27 10:27:06+00:00,238.56
2023-03-27 10:27:06+00:00,238.56
2023-03-27 10:27:06+00:00,238.56
2023-03-27 10:30:45+00:00,238.55
2023-03-27 10:30:45+00:00,238.55
2023-03-27 10:30:45+00:00,238.55
2023-03-27 10:38:19+00:00,238.46
2023-03-27 10:38:19+00:00,238.46
2023-03-27 10:38:19+00:00,238.46
2023-03-27 10:38:19+00:00,238.46
2023-03-27 10:46:21+00:00,238.49
2023-03-27 10:46:21+00:00,238.49
2023-03-27 10:46:21+00:00,238.49
2023-03-27 10:50:30+00:00,238.33
2023-03-27 10:54:42+00:00,238.47
2023-03-27 10:58:59+00:00,238.49
2023-03-27 11:03:27+00:00,238.5
2023-03-27 11:08:02+00:00,238.49
2023-03-27 11:12:48+00:00,238.46
2023-03-27 11:17:44+00:00,238.48
2023-03-27 11:22:36+00:00,238.47
2023-03-27 11:32:26+00:00,238.48
2023-03-27 11:32:26+00:00,238.48
2023-03-27 11:32:26+00:00,238.48
2023-03-27 11:37:32+00:00,238.47
2023-03-27 11:37:32+00:00,238.47
2023-03-27 11:42:41+00:00,238.47
2023-03-27 11:48:10+00:00,238.47
2023-03-27 11:48:10+00:00,238.47
2023-03-27 11:53:33+00:00,238.46
2023-03-27 11:53:33+00:00,238.46
2023-03-27 11:59:02+00:00,238.43
2023-03-27 11:59:02+00:00,238.43
2023-03-27 12:04:35+00:00,238.5
2023-03-27 12:04:35+00:00,238.5
2023-03-27 12:04:35+00:00,238.5
2023-03-27 12:10:28+00:00,238.47
2023-03-27 12:10:28+00:00,238.47
2023-03-27 12:16:35+00:00,238.5
2023-03-27 12:16:35+00:00,238.5
2023-03-27 12:16:35+00:00,238.5
2023-03-27 12:28:39+00:00,238.52
2023-03-27 12:28:39+00:00,238.52
2023-03-27 12:28:39+00:00,238.52
2023-03-27 12:28:39+00:00,238.52
2023-03-27 12:35:01+00:00,238.46
2023-03-27 12:35:01+00:00,238.46
2023-03-27 12:41:21+00:00,238.48
2023-03-27 12:41:21+00:00,238.48
2023-03-27 12:54:10+00:00,238.51
2023-03-27 12:54:10+00:00,238.51
2023-03-27 12:54:10+00:00,238.51
2023-03-27 12:54:10+00:00,238.51
2023-03-27 12:54:10+00:00,238.51
2023-03-27 13:00:41+00:00,238.58
2023-03-27 13:00:41+00:00,238.58
2023-03-27 13:00:41+00:00,238.58
2023-03-27 13:00:41+00:00,238.58
2023-03-27 13:07:39+00:00,238.53
2023-03-27 13:14:38+00:00,238.38
2023-03-27 13:14:38+00:00,238.38
2023-03-27 13:21:31+00:00,238.52
2023-03-27 13:21:31+00:00,238.52
2023-03-27 13:28:23+00:00,238.53
2023-03-27 13:28:23+00:00,238.53
2023-03-27 13:28:23+00:00,238.53
2023-03-27 13:28:23+00:00,238.53
2023-03-27 13:28:23+00:00,238.53
2023-03-27 13:57:07+00:00,238.54
2023-03-27 13:57:07+00:00,238.54
2023-03-27 13:57:07+00:00,238.54
2023-03-27 14:04:47+00:00,238.51
2023-03-27 14:12:31+00:00,238.52
2023-03-27 14:12:31+00:00,238.52
2023-03-27 14:36:29+00:00,238.52
2023-03-27 14:51:52+00:00,238.49
2023-03-27 14:51:52+00:00,238.49
2023-03-27 14:59:54+00:00,238.46
2023-03-27 15:16:26+00:00,238.46
2023-03-27 15:24:46+00:00,238.44
2023-03-27 15:24:46+00:00,238.44
2023-03-27 15:41:56+00:00,238.45
2023-03-27 15:41:56+00:00,238.45
2023-03-27 15:50:51+00:00,238.43
2023-03-27 15:59:42+00:00,238.39
2023-03-27 16:27:27+00:00,238.56
2023-03-27 16:36:42+00:00,238.46
2023-03-27 16:55:18+00:00,238.44
2023-03-27 17:14:43+00:00,238.43
2023-03-27 17:14:43+00:00,238.43
2023-03-27 17:24:28+00:00,238.44
2023-03-27 17:34:26+00:00,238.43
2023-03-27 17:34:26+00:00,238.43
2023-03-27 17:34:26+00:00,238.43
2023-03-27 17:44:45+00:00,238.52
2023-03-27 17:44:45+00:00,238.52
2023-03-27 18:25:54+00:00,238.45
2023-03-27 19:20:11+00:00,238.42
2023-03-27 19:20:11+00:00,238.42
2023-03-27 19:20:11+00:00,238.42
2023-03-27 19:42:34+00:00,238.43
2023-03-27 19:53:45+00:00,238.51
2023-03-27 20:05:30+00:00,238.39
2023-03-27 20:05:30+00:00,238.39
2023-03-27 20:05:30+00:00,238.39
2023-03-27 20:17:28+00:00,238.37
2023-03-27 20:28:41+00:00,238.44
2023-03-27 21:03:35+00:00,238.5
2023-03-27 21:15:44+00:00,238.27
2023-03-27 21:15:44+00:00,238.27
2023-03-27 21:27:34+00:00,238.42
2023-03-27 21:39:38+00:00,238.39
2023-03-27 21:52:10+00:00,238.39
2023-03-27 21:52:10+00:00,238.39
2023-03-27 22:04:32+00:00,238.46
2023-03-27 22:04:32+00:00,238.46
2023-03-27 22:29:42+00:00,238.29
2023-03-27 22:42:29+00:00,238.36
2023-03-27 22:55:41+00:00,238.38
2023-03-27 23:08:12+00:00,238.3
2023-03-27 23:33:47+00:00,238.41
2023-03-28 00:12:29+00:00,238.36
2023-03-28 00:25:16+00:00,238.28
2023-03-28 00:52:20+00:00,238.29
2023-03-28 01:06:03+00:00,238.3
2023-03-28 01:06:03+00:00,238.3
2023-03-28 01:20:23+00:00,238.21
2023-03-28 01:34:29+00:00,238.29
2023-03-28 02:03:03+00:00,238.21
2023-03-28 02:45:42+00:00,238.35
2023-03-28 02:45:42+00:00,238.35
2023-03-28 03:00:27+00:00,238.38
2023-03-28 03:29:17+00:00,238.43
2023-03-28 03:59:05+00:00,238.46
2023-03-28 04:44:15+00:00,238.37
2023-03-28 05:14:51+00:00,238.31
2023-03-28 05:45:23+00:00,238.4
2023-03-28 05:45:23+00:00,238.4
2023-03-28 06:01:52+00:00,238.5
2023-03-28 06:33:35+00:00,238.48
2023-03-28 06:49:09+00:00,238.52
2023-03-28 07:05:12+00:00,238.57
2023-03-28 07:53:45+00:00,238.49
2023-03-28 08:28:08+00:00,238.48
2023-03-28 08:44:41+00:00,238.5
2023-03-28 08:44:41+00:00,238.5
2023-03-28 09:18:33+00:00,238.48
2023-03-28 09:35:39+00:00,238.57
2023-03-28 09:35:39+00:00,238.57
2023-03-28 12:13:09+00:00,238.58
2023-03-28 14:02:57+00:00,238.56
2023-04-01 06:21:55+00:00,237.71
2023-04-01 06:29:21+00:00,238.31
2023-04-01 06:31:03+00:00,238.37
2023-04-01 06:38:21+00:00,238.4
2023-04-01 06:42:43+00:00,238.38
2023-04-01 06:52:50+00:00,238.4
2023-04-01 07:07:52+00:00,238.44
2023-04-01 07:17:51+00:00,238.5
2023-04-01 07:36:47+00:00,238.48
2023-04-01 07:57:25+00:00,238.19
2023-04-01 08:00:22+00:00,238.35
2023-04-01 08:01:46+00:00,238.49
2023-04-01 08:06:34+00:00,238.49
2023-04-01 08:16:15+00:00,238.51
2023-04-01 08:18:36+00:00,238.48
2023-04-01 08:18:36+00:00,238.48
2023-04-01 08:18:36+00:00,238.48
2023-04-01 08:21:02+00:00,238.46
2023-04-01 08:21:02+00:00,238.46
2023-04-01 08:26:03+00:00,238.51
2023-04-01 08:26:03+00:00,238.51
2023-04-01 08:31:26+00:00,238.51
2023-04-01 08:37:24+00:00,238.53
2023-04-01 08:37:24+00:00,238.53
2023-04-01 08:43:38+00:00,238.52
2023-04-01 08:46:48+00:00,238.49
2023-04-01 08:57:06+00:00,238.51
2023-04-01 09:16:48+00:00,238.62
2023-04-01 09:53:40+00:00,238.6
2023-04-01 09:58:33+00:00,238.62
2023-04-01 10:25:03+00:00,238.55
2023-04-01 10:54:03+00:00,238.53
2023-04-02 09:37:58+00:00,238.52
2023-04-02 09:39:24+00:00,238.55
2023-04-02 09:42:15+00:00,238.58
2023-04-02 09:42:15+00:00,238.58
2023-04-02 09:42:15+00:00,238.58
2023-04-02 09:42:15+00:00,238.58
2023-04-02 09:43:58+00:00,238.5
2023-04-02 09:43:58+00:00,238.5
2023-04-02 09:45:45+00:00,238.56
2023-04-02 09:47:37+00:00,238.57
2023-04-02 09:47:37+00:00,238.57
2023-04-02 09:49:38+00:00,238.57
2023-04-02 09:49:38+00:00,238.57
2023-04-02 09:51:45+00:00,238.57
2023-04-02 09:53:59+00:00,238.58
2023-04-02 09:56:16+00:00,238.63
2023-04-02 09:56:16+00:00,238.63
2023-04-02 09:58:41+00:00,238.59
2023-04-02 09:58:41+00:00,238.59
2023-04-02 09:58:41+00:00,238.59
2023-04-02 09:58:41+00:00,238.59
2023-04-02 10:01:10+00:00,238.57
2023-04-02 10:06:39+00:00,238.64
2023-04-02 10:09:27+00:00,238.59
2023-04-02 10:12:18+00:00,238.52
2023-04-02 10:12:18+00:00,238.52
2023-04-02 10:12:18+00:00,238.52
2023-04-02 10:15:16+00:00,238.57
2023-04-02 10:15:16+00:00,238.57
2023-04-02 10:18:26+00:00,238.6
2023-04-02 10:24:59+00:00,238.52
2023-04-02 10:28:21+00:00,238.58
2023-04-02 10:28:21+00:00,238.58
2023-04-02 10:28:21+00:00,238.58
2023-04-02 10:31:42+00:00,238.56
2023-04-02 10:35:22+00:00,238.5
2023-04-02 10:35:22+00:00,238.5
2023-04-02 10:39:02+00:00,238.54
2023-04-02 10:39:02+00:00,238.54
2023-04-02 10:42:49+00:00,238.58
2023-04-02 10:46:43+00:00,238.47
2023-04-02 10:46:43+00:00,238.47
2023-04-02 10:50:40+00:00,238.52
2023-04-02 10:58:52+00:00,238.61
2023-04-02 10:58:52+00:00,238.61
2023-04-02 10:58:52+00:00,238.61
2023-04-02 11:03:25+00:00,238.52
2023-04-02 11:07:56+00:00,238.65
2023-04-02 11:12:19+00:00,238.58
2023-04-02 11:16:48+00:00,238.61
2023-04-02 11:16:48+00:00,238.61
2023-04-02 11:22:14+00:00,238.62
2023-04-02 11:27:02+00:00,238.57
2023-04-02 11:32:00+00:00,238.53
2023-04-02 11:37:05+00:00,238.52
2023-04-02 11:37:05+00:00,238.52
2023-04-02 11:37:05+00:00,238.52
2023-04-02 11:42:24+00:00,238.61
2023-04-02 11:52:56+00:00,238.62
2023-04-02 11:52:56+00:00,238.62
2023-04-02 11:52:56+00:00,238.62
2023-04-02 11:52:56+00:00,238.62
2023-04-02 11:58:15+00:00,238.57
2023-04-02 11:58:15+00:00,238.57
2023-04-02 11:58:15+00:00,238.57
2023-04-02 12:03:49+00:00,238.59
2023-04-02 12:09:17+00:00,238.61
2023-04-02 12:15:00+00:00,238.67
2023-04-02 12:26:42+00:00,238.67
2023-04-02 12:38:44+00:00,238.65
2023-04-02 12:38:44+00:00,238.65
2023-04-02 12:57:45+00:00,238.65
2023-04-02 12:57:45+00:00,238.65
2023-04-02 13:04:18+00:00,238.66
2023-04-02 13:04:18+00:00,238.66
2023-04-02 13:04:18+00:00,238.66
2023-04-02 13:04:18+00:00,238.66
2023-04-02 13:11:06+00:00,238.67
2023-04-02 13:17:54+00:00,238.67
2023-04-02 13:38:34+00:00,238.61
2023-04-02 13:38:34+00:00,238.61
2023-04-02 13:52:57+00:00,238.62
2023-04-02 14:22:57+00:00,238.54
2023-04-02 14:22:57+00:00,238.54
2023-04-02 14:22:57+00:00,238.54
2023-04-02 14:22:57+00:00,238.54
2023-04-02 14:46:21+00:00,238.59
2023-04-02 15:02:53+00:00,238.53
2023-04-02 15:11:07+00:00,238.61
2023-04-02 15:35:57+00:00,238.6
2023-04-02 15:35:57+00:00,238.6
2023-04-02 15:44:34+00:00,238.6
2023-04-02 15:44:34+00:00,238.6
2023-04-02 16:11:34+00:00,238.61
2023-04-02 16:29:24+00:00,238.64
2023-04-02 16:48:16+00:00,238.57
2023-04-02 16:48:16+00:00,238.57
2023-04-02 17:56:11+00:00,238.56
2023-04-02 17:56:11+00:00,238.56
2023-04-02 18:06:00+00:00,238.56
2023-04-02 18:16:08+00:00,238.63
2023-04-02 19:09:08+00:00,238.55
2023-04-02 19:20:22+00:00,238.62
2023-04-02 19:31:15+00:00,238.57
2023-04-02 19:42:08+00:00,238.63
2023-04-02 20:15:57+00:00,238.57
2023-04-02 20:15:57+00:00,238.57
2023-04-02 20:27:29+00:00,238.56
2023-04-02 20:38:57+00:00,238.49
2023-04-02 20:38:57+00:00,238.49
2023-04-02 20:50:54+00:00,238.55
2023-04-02 21:26:45+00:00,238.57
2023-04-02 22:16:05+00:00,238.5
2023-04-02 23:46:13+00:00,238.43
2023-04-03 00:13:17+00:00,238.51
2023-04-03 02:32:31+00:00,238.43
2023-04-03 03:15:43+00:00,238.51
2023-04-03 04:44:56+00:00,238.4
2023-04-03 11:49:11+00:00,237.94
2023-04-03 11:50:29+00:00,237.97
2023-04-05 03:44:00+00:00,238.35
2023-04-05 03:44:00+00:00,238.35
2023-04-05 03:45:19+00:00,238.39
2023-04-05 03:46:45+00:00,238.35
2023-04-05 03:46:45+00:00,238.35
2023-04-05 03:49:50+00:00,238.43
2023-04-05 03:51:15+00:00,238.4
2023-04-05 03:53:04+00:00,238.36
2023-04-05 03:55:01+00:00,238.34
2023-04-05 03:59:05+00:00,238.37
2023-04-05 04:01:17+00:00,238.37
2023-04-05 04:08:38+00:00,238.37
2023-04-05 04:11:13+00:00,238.39
2023-04-05 04:16:49+00:00,238.36
2023-04-05 04:19:52+00:00,238.34
2023-04-05 04:35:59+00:00,238.39
2023-04-05 04:46:43+00:00,238.41
2023-04-05 04:54:33+00:00,238.36
2023-04-05 05:02:36+00:00,238.46
2023-04-05 05:06:54+00:00,238.4
2023-04-05 05:06:54+00:00,238.4
2023-04-05 05:15:41+00:00,238.43
2023-04-05 05:20:27+00:00,238.32
2023-04-05 05:30:05+00:00,238.43
2023-04-05 05:30:05+00:00,238.43
2023-04-05 05:49:51+00:00,238.37
2023-04-05 05:55:03+00:00,238.32
2023-04-05 06:00:26+00:00,238.35
2023-04-05 06:28:42+00:00,238.43
2023-04-05 06:34:36+00:00,238.45
2023-04-05 07:33:27+00:00,238.45
2023-04-05 07:33:27+00:00,238.45
2023-04-05 07:33:27+00:00,238.45
2023-04-05 07:40:15+00:00,238.44
2023-04-05 08:01:45+00:00,238.45
2023-04-05 09:12:12+00:00,238.45
2023-04-05 09:20:25+00:00,238.49
2023-04-05 10:11:52+00:00,238.45
2023-04-05 10:20:35+00:00,238.51
2023-04-05 10:32:34+00:00,238.47
2023-04-05 10:38:24+00:00,238.47
2023-04-05 10:43:18+00:00,238.43
2023-04-05 10:49:37+00:00,238.42
2023-04-05 10:51:53+00:00,238.44
2023-04-05 11:07:49+00:00,238.47
2023-04-05 11:17:20+00:00,238.41
2023-04-05 11:17:20+00:00,238.41
2023-04-05 11:24:14+00:00,238.45
2023-04-05 11:31:27+00:00,238.45
2023-04-05 11:35:12+00:00,238.35
2023-04-05 11:42:47+00:00,238.43
2023-04-05 11:46:42+00:00,238.43
2023-04-05 11:46:42+00:00,238.43
2023-04-12 09:08:47+00:00,238.31
2023-04-12 09:10:25+00:00,238.38
2023-04-12 09:13:07+00:00,238.39
2023-04-12 09:19:17+00:00,238.43
2023-04-12 09:21:14+00:00,238.43
2023-04-12 09:25:20+00:00,238.41
2023-04-12 09:29:54+00:00,238.43
2023-04-12 09:34:48+00:00,238.43
2023-04-12 10:05:52+00:00,238.4
2023-04-12 10:13:09+00:00,238.36
2023-04-12 10:16:51+00:00,238.41
2023-04-12 10:46:36+00:00,238.41
2023-04-12 10:55:49+00:00,238.39
2023-04-12 11:05:25+00:00,238.39
2023-04-12 11:25:59+00:00,237.93
2023-04-12 11:27:37+00:00,238.26
2023-04-12 11:28:55+00:00,238.34
2023-04-12 11:28:55+00:00,238.34
2023-04-12 11:30:20+00:00,238.27
2023-04-12 11:31:49+00:00,238.26
2023-04-12 11:33:14+00:00,238.33
2023-04-12 11:33:14+00:00,238.33
2023-04-12 11:33:14+00:00,238.33
2023-04-12 11:33:14+00:00,238.33
2023-04-12 11:36:45+00:00,238.39
2023-04-12 11:38:38+00:00,238.36
2023-04-12 11:38:38+00:00,238.36
2023-04-12 11:40:39+00:00,238.47
2023-04-12 11:40:39+00:00,238.47
2023-04-12 11:42:47+00:00,238.41
2023-04-12 11:45:02+00:00,238.38
2023-04-12 11:47:19+00:00,238.27
2023-04-12 11:47:19+00:00,238.27
2023-04-12 11:49:46+00:00,238.39
2023-04-12 11:54:55+00:00,238.35
2023-04-12 11:54:55+00:00,238.35
2023-04-12 11:57:35+00:00,238.37
2023-04-12 12:00:25+00:00,238.38
2023-04-12 12:00:25+00:00,238.38
2023-04-12 12:03:20+00:00,238.4
2023-04-12 12:03:20+00:00,238.4
2023-04-12 12:03:20+00:00,238.4
2023-04-12 12:06:17+00:00,238.38
2023-04-12 12:06:17+00:00,238.38
2023-04-12 12:06:17+00:00,238.38
2023-04-12 12:09:21+00:00,238.41
2023-04-12 12:09:21+00:00,238.41
2023-04-12 12:15:50+00:00,238.33
2023-04-12 12:19:18+00:00,238.37
2023-04-12 12:19:18+00:00,238.37
2023-04-12 12:30:00+00:00,238.37
2023-04-12 12:30:00+00:00,238.37
2023-04-12 12:37:39+00:00,238.36
2023-04-12 12:37:39+00:00,238.36
2023-04-12 12:37:39+00:00,238.36
2023-04-12 12:45:37+00:00,238.41
2023-04-12 12:45:37+00:00,238.41
2023-04-12 12:49:46+00:00,238.41
2023-04-12 12:54:10+00:00,238.32
2023-04-12 12:54:10+00:00,238.32
2023-04-12 12:54:10+00:00,238.32
2023-04-12 12:58:51+00:00,238.5
2023-04-12 13:03:19+00:00,238.4
2023-04-12 13:07:49+00:00,238.42
2023-04-12 13:17:26+00:00,238.38
2023-04-12 13:22:18+00:00,238.37
2023-04-12 13:27:08+00:00,238.41
2023-04-12 13:27:08+00:00,238.41
2023-04-12 13:32:03+00:00,238.39
2023-04-12 13:37:09+00:00,238.41
2023-04-12 13:42:20+00:00,238.41
2023-04-12 13:42:20+00:00,238.41
2023-04-12 13:53:02+00:00,238.42
2023-04-12 13:58:34+00:00,238.4
2023-04-12 14:09:40+00:00,238.43
2023-04-12 14:15:29+00:00,238.38
2023-04-12 14:15:29+00:00,238.38
2023-04-12 14:15:29+00:00,238.38
2023-04-12 14:21:24+00:00,238.4
2023-04-12 14:27:29+00:00,238.4
2023-04-12 14:33:36+00:00,238.39
2023-04-12 14:33:36+00:00,238.39
2023-04-12 14:39:59+00:00,238.34
2023-04-12 14:52:48+00:00,238.35
2023-04-12 14:59:14+00:00,238.39
2023-04-12 14:59:14+00:00,238.39
2023-04-12 15:05:52+00:00,238.22
2023-04-12 15:05:52+00:00,238.22
2023-04-12 15:26:40+00:00,238.39
2023-04-12 15:33:46+00:00,238.38
2023-04-12 15:40:59+00:00,238.35
2023-04-12 15:48:11+00:00,238.35
2023-04-12 15:55:33+00:00,238.39
2023-04-12 15:55:33+00:00,238.39
2023-04-12 16:03:01+00:00,238.37
2023-04-12 16:10:33+00:00,238.27
2023-04-12 16:26:07+00:00,238.32
2023-04-12 16:26:07+00:00,238.32
2023-04-12 16:26:07+00:00,238.32
2023-04-12 16:42:06+00:00,238.33
2023-04-12 16:50:24+00:00,238.35
2023-04-12 16:58:42+00:00,238.36
2023-04-12 16:58:42+00:00,238.36
2023-04-12 16:58:42+00:00,238.36
2023-04-12 17:07:04+00:00,238.31
2023-04-12 17:07:04+00:00,238.31
2023-04-12 17:23:48+00:00,238.39
2023-04-12 17:32:32+00:00,238.44
2023-04-12 17:32:32+00:00,238.44
2023-04-12 17:41:13+00:00,238.36
2023-04-12 17:50:10+00:00,238.36
2023-04-12 17:59:00+00:00,238.38
2023-04-12 18:16:59+00:00,238.33
2023-04-12 18:16:59+00:00,238.33
2023-04-12 18:16:59+00:00,238.33
2023-04-12 18:26:06+00:00,238.32
2023-04-12 18:35:24+00:00,238.31
2023-04-12 18:35:24+00:00,238.31
2023-04-12 18:35:24+00:00,238.31
2023-04-12 19:22:23+00:00,238.27
2023-04-12 19:42:10+00:00,238.29
2023-04-12 19:52:22+00:00,238.21
2023-04-12 20:34:04+00:00,238.24
2023-04-12 20:55:21+00:00,238.23
2023-04-12 21:06:12+00:00,238.22
2023-04-12 21:38:28+00:00,238.19
2023-04-12 21:49:29+00:00,238.2
2023-04-12 21:49:29+00:00,238.2
2023-04-12 22:58:17+00:00,238.12
2023-04-12 22:58:17+00:00,238.12
2023-04-12 22:58:17+00:00,238.12
2023-04-12 23:10:25+00:00,238.17
2023-04-12 23:34:37+00:00,238.14
2023-04-13 00:11:55+00:00,238.22
2023-04-13 00:50:08+00:00,238.25
2023-04-13 01:02:58+00:00,238.3
2023-04-13 01:02:58+00:00,238.3
2023-04-13 01:29:02+00:00,238.16
2023-04-13 01:29:02+00:00,238.16
2023-04-13 01:55:13+00:00,238.29
2023-04-13 03:17:18+00:00,238.27
2023-04-13 04:26:58+00:00,238.3
2023-04-13 06:08:05+00:00,238.38
2023-04-13 07:24:53+00:00,238.4
2023-04-13 08:44:45+00:00,238.41
2023-04-13 11:02:16+00:00,238.09
2023-04-13 11:02:16+00:00,238.09
2023-04-13 11:03:54+00:00,238.31
2023-04-13 11:03:54+00:00,238.31
2023-04-13 11:05:15+00:00,238.3
2023-04-13 11:05:15+00:00,238.3
2023-04-13 11:05:15+00:00,238.3
2023-04-13 11:06:39+00:00,238.39
2023-04-13 11:06:39+00:00,238.39
2023-04-13 11:09:49+00:00,238.37
2023-04-13 11:09:49+00:00,238.37
2023-04-13 11:09:49+00:00,238.37
2023-04-13 11:11:06+00:00,238.37
2023-04-13 11:12:56+00:00,238.39
2023-04-13 11:12:56+00:00,238.39
2023-04-13 11:12:56+00:00,238.39
2023-04-13 11:12:56+00:00,238.39
2023-04-13 11:14:52+00:00,238.34
2023-04-13 11:16:54+00:00,238.4
2023-04-13 11:16:54+00:00,238.4
2023-04-13 11:16:54+00:00,238.4
2023-04-13 11:19:00+00:00,238.35
2023-04-13 11:19:00+00:00,238.35
2023-04-13 11:21:14+00:00,238.37
2023-04-13 11:23:36+00:00,238.36
2023-04-13 11:23:36+00:00,238.36
2023-04-13 11:26:02+00:00,238.42
2023-04-13 11:26:02+00:00,238.42
2023-04-13 11:26:02+00:00,238.42
2023-04-13 11:28:35+00:00,238.28
2023-04-13 11:28:35+00:00,238.28
2023-04-13 11:28:35+00:00,238.28
2023-04-13 11:28:35+00:00,238.28
2023-04-13 11:28:35+00:00,238.28
2023-04-13 11:31:11+00:00,238.29
2023-04-13 11:31:11+00:00,238.29
2023-04-13 11:36:39+00:00,238.4
2023-04-13 11:39:28+00:00,238.36
2023-04-13 11:42:29+00:00,238.37
2023-04-13 11:42:29+00:00,238.37
2023-04-13 11:45:38+00:00,238.42
2023-04-13 11:48:55+00:00,238.39
2023-04-13 11:52:10+00:00,238.37
2023-04-13 11:52:10+00:00,238.37
2023-04-13 11:55:31+00:00,238.35
2023-04-13 12:02:31+00:00,238.34
2023-04-13 12:02:31+00:00,238.34
2023-04-13 12:06:16+00:00,238.37
2023-04-13 12:10:03+00:00,238.37
2023-04-13 12:10:03+00:00,238.37
2023-04-13 12:14:15+00:00,238.51
2023-04-13 12:14:15+00:00,238.51
2023-04-13 12:22:25+00:00,238.5
2023-04-13 12:22:25+00:00,238.5
2023-04-13 12:22:25+00:00,238.5
2023-04-13 12:26:34+00:00,238.43
2023-04-13 12:26:34+00:00,238.43
2023-04-13 12:26:34+00:00,238.43
2023-04-13 12:30:50+00:00,238.48
2023-04-13 12:44:15+00:00,238.55
2023-04-13 12:44:15+00:00,238.55
2023-04-13 12:44:15+00:00,238.55
2023-04-13 12:53:48+00:00,238.56
2023-04-13 12:53:48+00:00,238.56
2023-04-13 12:53:48+00:00,238.56
2023-04-13 12:53:48+00:00,238.56
2023-04-13 12:58:47+00:00,238.58
2023-04-13 12:58:47+00:00,238.58
2023-04-13 12:58:47+00:00,238.58
2023-04-13 13:03:50+00:00,238.57
2023-04-13 13:03:50+00:00,238.57
2023-04-13 13:24:42+00:00,238.59
2023-04-13 13:24:42+00:00,238.59
2023-04-13 13:30:06+00:00,238.64
2023-04-13 13:35:35+00:00,238.62
2023-04-13 13:41:16+00:00,238.64
2023-04-13 13:47:07+00:00,238.59
2023-04-13 13:47:07+00:00,238.59
2023-04-13 13:47:07+00:00,238.59
2023-04-13 13:59:05+00:00,238.69
2023-04-13 14:05:14+00:00,238.6
2023-04-13 14:05:14+00:00,238.6
2023-04-13 14:05:14+00:00,238.6
2023-04-13 14:05:14+00:00,238.6
2023-04-13 14:05:14+00:00,238.6
2023-04-13 14:11:18+00:00,238.59
2023-04-13 14:11:18+00:00,238.59
2023-04-13 14:11:18+00:00,238.59
2023-04-13 14:23:59+00:00,238.6
2023-04-13 14:37:12+00:00,238.62
2023-04-13 14:43:50+00:00,238.6
2023-04-13 14:50:40+00:00,238.53
2023-04-13 14:50:40+00:00,238.53
2023-04-13 14:58:02+00:00,238.55
2023-04-13 14:58:02+00:00,238.55
2023-04-13 15:05:09+00:00,238.54
2023-04-13 15:05:09+00:00,238.54
2023-04-13 15:05:09+00:00,238.54
2023-04-13 15:12:15+00:00,238.57
2023-04-13 15:19:29+00:00,238.63
2023-04-13 15:19:29+00:00,238.63
2023-04-13 15:34:23+00:00,238.58
2023-04-13 15:41:55+00:00,238.67
2023-04-13 15:49:30+00:00,238.58
2023-04-13 15:49:30+00:00,238.58
2023-04-13 15:57:12+00:00,238.58
2023-04-13 15:57:12+00:00,238.58
2023-04-13 16:13:00+00:00,238.56
2023-04-13 16:20:54+00:00,238.4
2023-04-13 16:29:04+00:00,238.47
2023-04-13 16:29:04+00:00,238.47
2023-04-13 16:45:34+00:00,238.51
2023-04-13 16:45:34+00:00,238.51
2023-04-13 16:54:00+00:00,238.55
2023-04-13 16:54:00+00:00,238.55
2023-04-13 16:54:00+00:00,238.55
2023-04-13 16:54:00+00:00,238.55
2023-04-13 17:02:57+00:00,238.56
2023-04-13 17:02:57+00:00,238.56
2023-04-13 17:11:24+00:00,238.53
2023-04-13 17:11:24+00:00,238.53
2023-04-13 17:11:24+00:00,238.53
2023-04-13 17:20:03+00:00,238.53
2023-04-13 17:20:03+00:00,238.53
2023-04-13 17:28:59+00:00,238.55
2023-04-13 17:28:59+00:00,238.55
2023-04-13 17:37:41+00:00,238.55
2023-04-13 17:46:32+00:00,238.48
2023-04-13 17:46:32+00:00,238.48
2023-04-13 17:55:29+00:00,238.48
2023-04-13 18:04:40+00:00,238.49
2023-04-13 18:13:57+00:00,238.46
2023-04-13 18:32:45+00:00,238.44
2023-04-13 18:42:35+00:00,238.44
2023-04-13 18:52:23+00:00,238.46
2023-04-13 18:52:23+00:00,238.46
2023-04-13 19:12:39+00:00,238.35
2023-04-13 19:22:38+00:00,238.52
2023-04-13 19:32:40+00:00,238.46
2023-04-13 19:43:00+00:00,238.44
2023-04-13 19:43:00+00:00,238.44
2023-04-13 20:04:07+00:00,238.44
2023-04-13 20:57:32+00:00,238.42
2023-04-13 21:08:42+00:00,238.44
2023-04-13 21:08:42+00:00,238.44
2023-04-13 21:20:01+00:00,238.4
2023-04-13 21:20:01+00:00,238.4
2023-04-13 21:31:08+00:00,238.37
2023-04-13 21:31:08+00:00,238.37
2023-04-13 21:53:51+00:00,238.41
2023-04-13 22:16:45+00:00,238.36
2023-04-13 22:28:25+00:00,238.44
2023-04-13 22:39:59+00:00,238.34
2023-04-13 22:39:59+00:00,238.34
2023-04-13 22:52:10+00:00,238.31
2023-04-13 22:52:10+00:00,238.31
2023-04-13 23:28:44+00:00,238.33
2023-04-13 23:28:44+00:00,238.33
2023-04-13 23:28:44+00:00,238.33
2023-04-13 23:40:53+00:00,238.37
2023-04-14 00:05:21+00:00,238.36
2023-04-14 00:18:00+00:00,238.36
2023-04-14 00:18:00+00:00,238.36
2023-04-14 00:30:36+00:00,238.28
2023-04-14 00:43:43+00:00,238.36
2023-04-14 00:56:39+00:00,237.99
2023-04-14 01:49:22+00:00,238.36
2023-04-14 02:02:55+00:00,238.36
2023-04-14 02:30:13+00:00,238.31
2023-04-14 02:57:46+00:00,238.16
2023-04-14 03:11:50+00:00,238.29
2023-04-14 03:25:50+00:00,238.27
2023-04-14 03:54:12+00:00,238.28
2023-04-14 04:37:27+00:00,238.23
2023-04-14 05:06:52+00:00,238.04
2023-04-14 05:36:32+00:00,238.26
2023-04-14 05:52:20+00:00,238.26
2023-04-14 07:25:27+00:00,238.29
2023-04-14 07:41:19+00:00,238.3
2023-04-14 08:13:06+00:00,238.26
2023-04-14 08:45:12+00:00,238.35
2023-04-14 09:17:45+00:00,238.26
2023-04-14 10:25:27+00:00,238.34
2023-04-14 10:42:30+00:00,238.35
2023-04-14 10:59:24+00:00,238.36
2023-04-14 13:02:17+00:00,238.44
2023-04-14 14:32:44+00:00,238.42
2023-04-14 16:05:08+00:00,238.35
2023-04-14 17:01:46+00:00,238.34
2023-04-26 09:46:07+00:00,238.2
2023-04-29 11:15:39+00:00,237.96
2023-04-29 11:16:58+00:00,237.97
2023-04-29 11:19:53+00:00,238.2
2023-04-29 11:22:48+00:00,238.26
2023-04-29 11:32:53+00:00,238.29
2023-04-29 11:37:33+00:00,238.22
2023-04-29 11:37:33+00:00,238.22
2023-04-29 11:54:07+00:00,238.36
2023-04-29 11:57:13+00:00,238.32
2023-04-29 11:57:13+00:00,238.32
2023-04-29 12:03:45+00:00,238.34
2023-04-29 12:10:56+00:00,238.36
2023-04-29 12:18:19+00:00,238.33
2023-04-29 12:18:19+00:00,238.33
2023-04-29 12:26:01+00:00,238.35
2023-04-29 12:26:01+00:00,238.35
2023-04-29 12:34:02+00:00,238.34
2023-04-29 12:38:10+00:00,238.34
2023-04-29 12:55:56+00:00,238.31
2023-04-29 13:05:21+00:00,238.34
2023-04-29 13:05:21+00:00,238.34
2023-04-29 13:10:21+00:00,238.33
2023-04-29 13:10:21+00:00,238.33
2023-04-29 13:10:21+00:00,238.33
2023-04-29 13:15:20+00:00,238.32
2023-04-29 13:47:29+00:00,238.34
2023-04-29 13:53:07+00:00,238.26
2023-04-29 13:53:07+00:00,238.26
2023-04-29 13:58:53+00:00,238.29
2023-04-29 14:16:58+00:00,238.27
2023-04-29 14:23:20+00:00,238.29
2023-04-29 14:36:12+00:00,238.4
2023-04-29 14:42:35+00:00,238.25
2023-04-29 15:23:59+00:00,238.24
2023-04-29 16:01:22+00:00,238.25
2023-04-29 16:09:10+00:00,238.32
2023-04-29 17:05:43+00:00,238.29
2023-04-29 17:31:43+00:00,238.23
2023-04-29 19:23:17+00:00,238.1
2023-04-29 21:19:15+00:00,238.06
2023-04-30 16:13:06+00:00,237.86
2023-04-30 16:18:55+00:00,237.92
2023-04-30 16:22:00+00:00,238.13
2023-04-30 16:28:08+00:00,238.04
2023-04-30 16:30:22+00:00,237.91
2023-04-30 16:37:41+00:00,238.06
2023-04-30 16:37:41+00:00,238.06
2023-04-30 16:51:45+00:00,238.06
2023-04-30 17:58:49+00:00,238.13
2023-04-30 18:18:44+00:00,238.15
2023-04-30 18:45:55+00:00,238.17
2023-05-11 22:22:51+00:00,237.23
2023-05-11 22:25:46+00:00,237.24
2023-05-11 22:27:10+00:00,237.28
2023-05-11 22:27:10+00:00,237.28
2023-05-11 22:27:10+00:00,237.28
2023-05-11 22:28:41+00:00,237.24
2023-05-11 22:30:16+00:00,237.18
2023-05-11 22:30:16+00:00,237.18
2023-05-11 22:31:56+00:00,237.26
2023-05-11 22:31:56+00:00,237.26
2023-05-11 22:33:19+00:00,237.2
2023-05-11 22:35:12+00:00,237.27
2023-05-11 22:35:12+00:00,237.27
2023-05-11 22:35:12+00:00,237.27
2023-05-11 22:37:11+00:00,237.26
2023-05-11 22:37:11+00:00,237.26
2023-05-11 22:39:15+00:00,237.2
2023-05-11 22:39:15+00:00,237.2
2023-05-11 22:46:11+00:00,237.21
2023-05-11 22:51:13+00:00,237.23
2023-05-11 22:53:53+00:00,237.27
2023-05-11 22:56:44+00:00,237.2
2023-05-11 22:56:44+00:00,237.2
2023-05-11 22:59:37+00:00,237.26
2023-05-11 23:02:40+00:00,237.28
2023-05-11 23:02:40+00:00,237.28
2023-05-11 23:02:40+00:00,237.28
2023-05-11 23:08:54+00:00,237.24
2023-05-11 23:26:06+00:00,237.29
2023-05-11 23:29:51+00:00,237.26
2023-05-11 23:37:43+00:00,237.36
2023-05-11 23:45:54+00:00,237.25
2023-05-11 23:45:54+00:00,237.25
2023-05-11 23:54:34+00:00,237.22
2023-05-12 00:03:28+00:00,237.28
2023-05-12 00:17:49+00:00,236.96
2023-05-12 00:22:44+00:00,237.0
2023-05-12 00:54:42+00:00,237.28
2023-05-12 01:00:20+00:00,237.38
2023-05-12 01:00:20+00:00,237.38
2023-05-12 01:11:55+00:00,237.31
2023-05-12 01:23:56+00:00,237.32
2023-05-12 01:23:56+00:00,237.32
2023-05-12 02:23:18+00:00,237.21
2023-05-12 02:37:38+00:00,237.26
2023-05-12 02:52:21+00:00,237.34
2023-05-12 03:15:04+00:00,237.23
2023-05-12 03:22:49+00:00,237.27
2023-05-12 03:54:49+00:00,237.31
2023-05-12 04:11:24+00:00,237.27
2023-05-12 04:45:40+00:00,237.36
2023-05-12 05:31:12+00:00,237.44
2023-05-12 05:31:12+00:00,237.44
2023-05-12 05:40:28+00:00,237.45
2023-05-12 06:38:31+00:00,237.39
2023-05-12 07:45:06+00:00,237.52
2023-05-12 07:45:06+00:00,237.52
2023-05-12 07:45:06+00:00,237.52
2023-05-12 07:45:06+00:00,237.52
2023-05-12 07:46:44+00:00,237.46
2023-05-12 07:48:02+00:00,237.44
2023-05-12 07:48:02+00:00,237.44
2023-05-12 07:48:02+00:00,237.44
2023-05-12 07:49:26+00:00,237.56
2023-05-12 07:51:22+00:00,237.41
2023-05-12 07:51:22+00:00,237.41
2023-05-12 07:51:22+00:00,237.41
2023-05-12 07:51:22+00:00,237.41
2023-05-12 07:52:58+00:00,237.47
2023-05-12 07:52:58+00:00,237.47
2023-05-12 07:52:58+00:00,237.47
2023-05-12 07:52:58+00:00,237.47
2023-05-12 07:52:58+00:00,237.47
2023-05-12 07:52:58+00:00,237.47
2023-05-12 07:54:39+00:00,237.57
2023-05-12 07:54:39+00:00,237.57
2023-05-12 07:58:22+00:00,237.45
2023-05-12 07:58:22+00:00,237.45
2023-05-12 07:58:22+00:00,237.45
2023-05-12 07:58:22+00:00,237.45
2023-05-12 07:58:22+00:00,237.45
2023-05-12 07:58:22+00:00,237.45
2023-05-12 07:58:22+00:00,237.45
2023-05-12 08:00:20+00:00,237.4
2023-05-12 08:00:20+00:00,237.4
2023-05-12 08:00:20+00:00,237.4
2023-05-12 08:02:24+00:00,237.44
2023-05-12 08:04:46+00:00,237.4
2023-05-12 08:07:03+00:00,237.46
2023-05-12 08:07:03+00:00,237.46
2023-05-12 08:07:03+00:00,237.46
2023-05-12 08:09:23+00:00,237.46
2023-05-12 08:09:23+00:00,237.46
2023-05-12 08:11:56+00:00,237.38
2023-05-12 08:11:56+00:00,237.38
2023-05-12 08:11:56+00:00,237.38
2023-05-12 08:14:30+00:00,237.45
2023-05-12 08:14:30+00:00,237.45
2023-05-12 08:14:30+00:00,237.45
2023-05-12 08:14:30+00:00,237.45
2023-05-12 08:17:14+00:00,237.43
2023-05-12 08:17:14+00:00,237.43
2023-05-12 08:17:14+00:00,237.43
2023-05-12 08:20:09+00:00,237.43
2023-05-12 08:20:09+00:00,237.43
2023-05-12 08:20:09+00:00,237.43
2023-05-12 08:20:09+00:00,237.43
2023-05-12 08:23:04+00:00,237.46
2023-05-12 08:23:04+00:00,237.46
2023-05-12 08:23:04+00:00,237.46
2023-05-12 08:23:04+00:00,237.46
2023-05-12 08:23:04+00:00,237.46
2023-05-12 08:23:04+00:00,237.46
2023-05-12 08:26:02+00:00,237.49
2023-05-12 08:26:02+00:00,237.49
2023-05-12 08:26:02+00:00,237.49
2023-05-12 08:29:07+00:00,237.46
2023-05-12 08:29:07+00:00,237.46
2023-05-12 08:29:07+00:00,237.46
2023-05-12 08:32:27+00:00,237.48
2023-05-12 08:32:27+00:00,237.48
2023-05-12 08:32:27+00:00,237.48
2023-05-12 08:35:43+00:00,237.41
2023-05-12 08:35:43+00:00,237.41
2023-05-12 08:35:43+00:00,237.41
2023-05-12 08:35:43+00:00,237.41
2023-05-12 08:35:43+00:00,237.41
2023-05-12 08:35:43+00:00,237.41
2023-05-12 08:39:16+00:00,237.46
2023-05-12 08:39:16+00:00,237.46
2023-05-12 08:39:16+00:00,237.46
2023-05-12 08:39:16+00:00,237.46
2023-05-12 08:42:46+00:00,237.56
2023-05-12 08:42:46+00:00,237.56
2023-05-12 08:42:46+00:00,237.56
2023-05-12 08:46:19+00:00,237.53
2023-05-12 08:46:19+00:00,237.53
2023-05-12 08:49:57+00:00,237.45
2023-05-12 08:49:57+00:00,237.45
2023-05-12 08:53:41+00:00,237.55
2023-05-12 08:53:41+00:00,237.55
2023-05-12 08:53:41+00:00,237.55
2023-05-12 08:57:37+00:00,237.53
2023-05-12 09:01:32+00:00,237.6
2023-05-12 09:01:32+00:00,237.6
2023-05-12 09:01:32+00:00,237.6
2023-05-12 09:05:39+00:00,237.59
2023-05-12 09:05:39+00:00,237.59
2023-05-12 09:18:33+00:00,237.55
2023-05-12 09:18:33+00:00,237.55
2023-05-12 09:18:33+00:00,237.55
2023-05-12 09:18:33+00:00,237.55
2023-05-12 09:18:33+00:00,237.55
2023-05-12 09:27:34+00:00,237.6
2023-05-12 09:27:34+00:00,237.6
2023-05-12 09:27:34+00:00,237.6
2023-05-12 09:27:34+00:00,237.6
2023-05-12 09:27:34+00:00,237.6
2023-05-12 09:27:34+00:00,237.6
2023-05-12 09:32:35+00:00,237.54
2023-05-12 09:37:26+00:00,237.46
2023-05-12 09:42:13+00:00,237.58
2023-05-12 09:42:13+00:00,237.58
2023-05-12 09:42:13+00:00,237.58
2023-05-12 09:52:14+00:00,237.58
2023-05-12 09:52:14+00:00,237.58
2023-05-12 09:57:21+00:00,237.57
2023-05-12 09:57:21+00:00,237.57
2023-05-12 09:57:21+00:00,237.57
2023-05-12 10:02:39+00:00,237.61
2023-05-12 10:02:39+00:00,237.61
2023-05-12 10:02:39+00:00,237.61
2023-05-12 10:02:39+00:00,237.61
2023-05-12 10:08:58+00:00,237.38
2023-05-12 10:08:58+00:00,237.38
2023-05-12 10:14:26+00:00,237.53
2023-05-12 10:14:26+00:00,237.53
2023-05-12 10:14:26+00:00,237.53
2023-05-12 10:14:26+00:00,237.53
2023-05-12 10:14:26+00:00,237.53
2023-05-12 10:19:50+00:00,237.53
2023-05-12 10:19:50+00:00,237.53
2023-05-12 10:19:50+00:00,237.53
2023-05-12 10:25:28+00:00,237.51
2023-05-12 10:25:28+00:00,237.51
2023-05-12 10:31:11+00:00,237.53
2023-05-12 10:31:11+00:00,237.53
2023-05-12 10:43:07+00:00,237.51
2023-05-12 10:43:07+00:00,237.51
2023-05-12 10:43:07+00:00,237.51
2023-05-12 10:43:07+00:00,237.51
2023-05-12 10:49:10+00:00,237.58
2023-05-12 10:49:10+00:00,237.58
2023-05-12 10:49:10+00:00,237.58
2023-05-12 10:49:10+00:00,237.58
2023-05-12 10:49:10+00:00,237.58
2023-05-12 10:49:10+00:00,237.58
2023-05-12 10:55:17+00:00,237.54
2023-05-12 10:55:17+00:00,237.54
2023-05-12 10:55:17+00:00,237.54
2023-05-12 10:55:17+00:00,237.54
2023-05-12 10:55:17+00:00,237.54
2023-05-12 11:01:37+00:00,237.46
2023-05-12 11:01:37+00:00,237.46
2023-05-12 11:01:37+00:00,237.46
2023-05-12 11:14:28+00:00,237.54
2023-05-12 11:21:04+00:00,237.58
2023-05-12 11:21:04+00:00,237.58
2023-05-12 11:21:04+00:00,237.58
2023-05-12 11:21:04+00:00,237.58
2023-05-12 11:27:43+00:00,237.57
2023-05-12 11:27:43+00:00,237.57
2023-05-12 11:27:43+00:00,237.57
2023-05-12 11:27:43+00:00,237.57
2023-05-12 11:27:43+00:00,237.57
2023-05-12 11:34:27+00:00,237.55
2023-05-12 11:41:16+00:00,237.57
2023-05-12 11:48:10+00:00,237.54
2023-05-12 11:48:10+00:00,237.54
2023-05-12 11:48:10+00:00,237.54
2023-05-12 11:48:10+00:00,237.54
2023-05-12 11:48:10+00:00,237.54
2023-05-12 11:55:13+00:00,237.43
2023-05-12 12:02:17+00:00,237.5
2023-05-12 12:09:22+00:00,237.6
2023-05-12 12:09:22+00:00,237.6
2023-05-12 12:09:22+00:00,237.6
2023-05-12 12:09:22+00:00,237.6
2023-05-12 12:16:40+00:00,237.49
2023-05-12 12:16:40+00:00,237.49
2023-05-12 12:24:04+00:00,237.57
2023-05-12 12:24:04+00:00,237.57
2023-05-12 12:24:04+00:00,237.57
2023-05-12 12:24:04+00:00,237.57
2023-05-12 12:31:33+00:00,237.56
2023-05-12 12:31:33+00:00,237.56
2023-05-12 12:31:33+00:00,237.56
2023-05-12 12:39:27+00:00,237.28
2023-05-12 12:39:27+00:00,237.28
2023-05-12 12:39:27+00:00,237.28
2023-05-12 12:39:27+00:00,237.28
2023-05-12 12:39:27+00:00,237.28
2023-05-12 12:47:26+00:00,237.49
2023-05-12 12:47:26+00:00,237.49
2023-05-12 12:55:25+00:00,237.44
2023-05-12 13:03:26+00:00,237.43
2023-05-12 13:03:26+00:00,237.43
2023-05-12 13:19:34+00:00,237.4
2023-05-12 13:19:34+00:00,237.4
2023-05-12 13:29:11+00:00,237.44
2023-05-12 13:29:11+00:00,237.44
2023-05-12 13:43:09+00:00,237.52
2023-05-12 13:43:09+00:00,237.52
2023-05-12 13:43:09+00:00,237.52
2023-05-12 13:51:29+00:00,237.5
2023-05-12 13:51:29+00:00,237.5
2023-05-12 13:51:29+00:00,237.5
2023-05-12 13:59:55+00:00,237.49
2023-05-12 13:59:55+00:00,237.49
2023-05-12 13:59:55+00:00,237.49
2023-05-12 14:08:38+00:00,237.53
2023-05-12 14:08:38+00:00,237.53
2023-05-12 14:17:20+00:00,237.55
2023-05-12 14:35:11+00:00,237.54
2023-05-12 14:35:11+00:00,237.54
2023-05-12 14:35:11+00:00,237.54
2023-05-12 14:35:11+00:00,237.54
2023-05-12 14:44:07+00:00,237.57
2023-05-12 14:53:07+00:00,237.43
2023-05-12 14:53:07+00:00,237.43
2023-05-12 14:53:07+00:00,237.43
2023-05-12 15:02:12+00:00,237.56
2023-05-12 15:11:19+00:00,237.4
2023-05-12 15:11:19+00:00,237.4
2023-05-12 15:20:32+00:00,237.47
2023-05-12 15:20:32+00:00,237.47
2023-05-12 15:20:32+00:00,237.47
2023-05-12 15:20:32+00:00,237.47
2023-05-12 15:20:32+00:00,237.47
2023-05-12 15:30:04+00:00,237.5
2023-05-12 15:39:39+00:00,237.41
2023-05-12 15:39:39+00:00,237.41
2023-05-12 15:39:39+00:00,237.41
2023-05-12 15:49:24+00:00,237.47
2023-05-12 15:49:24+00:00,237.47
2023-05-12 15:49:24+00:00,237.47
2023-05-12 16:09:10+00:00,237.34
2023-05-12 16:09:10+00:00,237.34
2023-05-12 16:19:08+00:00,237.43
2023-05-12 16:29:12+00:00,237.44
2023-05-12 16:29:12+00:00,237.44
2023-05-12 16:29:12+00:00,237.44
2023-05-12 16:29:12+00:00,237.44
2023-05-12 16:29:12+00:00,237.44
2023-05-12 16:39:33+00:00,237.46
2023-05-12 16:39:33+00:00,237.46
2023-05-12 16:39:33+00:00,237.46
2023-05-12 16:49:49+00:00,237.55
2023-05-12 16:49:49+00:00,237.55
2023-05-12 16:49:49+00:00,237.55
2023-05-12 17:00:17+00:00,237.43
2023-05-12 17:00:17+00:00,237.43
2023-05-12 17:00:17+00:00,237.43
2023-05-12 17:00:17+00:00,237.43
2023-05-12 17:10:54+00:00,237.37
2023-05-12 17:21:39+00:00,237.43
2023-05-12 17:21:39+00:00,237.43
2023-05-12 17:21:39+00:00,237.43
2023-05-12 17:54:06+00:00,237.34
2023-05-12 17:54:06+00:00,237.34
2023-05-12 18:05:10+00:00,237.43
2023-05-12 18:05:10+00:00,237.43
2023-05-12 18:16:23+00:00,237.36
2023-05-12 18:16:23+00:00,237.36
2023-05-12 18:16:23+00:00,237.36
2023-05-12 18:38:44+00:00,237.42
2023-05-12 18:50:11+00:00,237.36
2023-05-12 19:01:38+00:00,237.4
2023-05-12 19:01:38+00:00,237.4
2023-05-12 19:25:05+00:00,237.36
2023-05-12 19:25:05+00:00,237.36
2023-05-12 19:25:05+00:00,237.36
2023-05-12 19:36:44+00:00,237.37
2023-05-12 19:36:44+00:00,237.37
2023-05-12 19:36:44+00:00,237.37
2023-05-12 19:36:44+00:00,237.37
2023-05-12 19:48:44+00:00,237.35
2023-05-12 20:00:56+00:00,237.32
2023-05-12 20:00:56+00:00,237.32
2023-05-12 20:13:02+00:00,237.31
2023-05-12 20:25:11+00:00,237.3
2023-05-12 20:37:49+00:00,237.31
2023-05-12 20:37:49+00:00,237.31
2023-05-12 20:50:15+00:00,237.4
2023-05-12 20:50:15+00:00,237.4
2023-05-12 20:50:15+00:00,237.4
2023-05-12 21:02:49+00:00,237.32
2023-05-12 21:02:49+00:00,237.32
2023-05-12 21:02:49+00:00,237.32
2023-05-12 21:02:49+00:00,237.32
2023-05-12 21:02:49+00:00,237.32
2023-05-12 21:15:19+00:00,237.35
2023-05-12 21:27:53+00:00,237.24
2023-05-12 21:27:53+00:00,237.24
2023-05-12 21:41:02+00:00,237.34
2023-05-12 21:41:02+00:00,237.34
2023-05-12 21:41:02+00:00,237.34
2023-05-12 21:54:13+00:00,237.34
2023-05-12 21:54:13+00:00,237.34
2023-05-12 21:54:13+00:00,237.34
2023-05-12 22:07:09+00:00,237.29
2023-05-12 22:07:09+00:00,237.29
2023-05-12 22:07:09+00:00,237.29
2023-05-12 22:20:16+00:00,237.33
2023-05-12 22:20:16+00:00,237.33
2023-05-12 22:20:16+00:00,237.33
2023-05-12 22:33:32+00:00,237.36
2023-05-12 22:47:15+00:00,237.35
2023-05-12 22:47:15+00:00,237.35
2023-05-12 23:00:59+00:00,237.31
2023-05-12 23:00:59+00:00,237.31
2023-05-12 23:00:59+00:00,237.31
2023-05-12 23:14:36+00:00,237.23
2023-05-12 23:14:36+00:00,237.23
2023-05-12 23:28:05+00:00,237.3
2023-05-12 23:28:05+00:00,237.3
2023-05-12 23:28:05+00:00,237.3
2023-05-12 23:28:05+00:00,237.3
2023-05-12 23:41:54+00:00,237.31
2023-05-12 23:55:54+00:00,237.18
2023-05-12 23:55:54+00:00,237.18
2023-05-13 00:09:39+00:00,237.31
2023-05-13 00:09:39+00:00,237.31
2023-05-13 00:09:39+00:00,237.31
2023-05-13 00:51:49+00:00,237.33
2023-05-13 00:51:49+00:00,237.33
2023-05-13 01:06:11+00:00,237.34
2023-05-13 01:20:36+00:00,237.42
2023-05-13 01:34:53+00:00,237.43
2023-05-13 01:34:53+00:00,237.43
2023-05-13 01:34:53+00:00,237.43
2023-05-13 01:34:53+00:00,237.43
2023-05-13 01:34:53+00:00,237.43
2023-05-13 01:49:42+00:00,237.49
2023-05-13 02:04:12+00:00,237.43
2023-05-13 02:33:45+00:00,237.48
2023-05-13 02:48:40+00:00,237.44
2023-05-13 03:03:49+00:00,237.48
2023-05-13 03:03:49+00:00,237.48
2023-05-13 03:03:49+00:00,237.48
2023-05-13 03:20:09+00:00,237.31
2023-05-13 03:35:21+00:00,237.38
2023-05-13 03:35:21+00:00,237.38
2023-05-13 03:35:21+00:00,237.38
2023-05-13 03:35:21+00:00,237.38
2023-05-13 04:06:10+00:00,237.32
2023-05-13 04:21:45+00:00,237.34
2023-05-13 04:21:45+00:00,237.34
2023-05-13 04:21:45+00:00,237.34
2023-05-13 05:09:12+00:00,237.38
2023-05-13 05:09:12+00:00,237.38
2023-05-13 05:25:16+00:00,237.4
2023-05-13 05:25:16+00:00,237.4
2023-05-13 05:41:30+00:00,237.39
2023-05-13 05:41:30+00:00,237.39
2023-05-13 05:41:30+00:00,237.39
2023-05-13 05:57:49+00:00,237.43
2023-05-13 05:57:49+00:00,237.43
2023-05-13 05:57:49+00:00,237.43
2023-05-13 05:57:49+00:00,237.43
2023-05-13 05:57:49+00:00,237.43
2023-05-13 06:14:28+00:00,237.42
2023-05-13 06:14:28+00:00,237.42
2023-05-13 06:14:28+00:00,237.42
2023-05-13 06:31:11+00:00,237.43
2023-05-13 07:04:40+00:00,237.5
2023-05-13 07:04:40+00:00,237.5
2023-05-13 07:04:40+00:00,237.5
2023-05-13 07:21:19+00:00,237.52
2023-05-13 07:37:54+00:00,237.62
2023-05-13 07:37:54+00:00,237.62
2023-05-13 07:37:54+00:00,237.62
2023-05-13 07:37:54+00:00,237.62
2023-05-13 07:37:54+00:00,237.62
2023-05-13 07:54:51+00:00,237.53
2023-05-13 08:28:50+00:00,237.65
2023-05-13 08:46:21+00:00,237.61
2023-05-13 08:46:21+00:00,237.61
2023-05-13 09:03:44+00:00,237.64
2023-05-13 09:21:14+00:00,237.56
2023-05-13 09:21:14+00:00,237.56
2023-05-13 09:56:41+00:00,237.67
2023-05-13 09:56:41+00:00,237.67
2023-05-13 10:14:13+00:00,237.74
2023-05-13 10:14:13+00:00,237.74
2023-05-13 10:14:13+00:00,237.74
2023-05-13 10:14:13+00:00,237.74
2023-05-13 10:31:56+00:00,237.7
2023-05-13 10:31:56+00:00,237.7
2023-05-13 10:49:35+00:00,237.65
2023-05-13 11:43:34+00:00,237.6
2023-05-13 11:43:34+00:00,237.6
2023-05-13 12:02:19+00:00,237.61
2023-05-13 12:02:19+00:00,237.61
2023-05-13 12:02:19+00:00,237.61
2023-05-13 12:02:19+00:00,237.61
2023-05-13 12:38:51+00:00,237.69
2023-05-13 12:38:51+00:00,237.69
2023-05-13 12:38:51+00:00,237.69
2023-05-13 12:57:32+00:00,237.73
2023-05-13 12:57:32+00:00,237.73
2023-05-13 13:15:55+00:00,237.73
2023-05-13 14:31:22+00:00,237.71
2023-05-13 14:50:49+00:00,237.71
2023-05-13 15:28:48+00:00,237.67
2023-05-13 15:28:48+00:00,237.67
2023-05-13 16:27:32+00:00,237.63
2023-05-13 17:07:16+00:00,237.66
2023-05-13 17:07:16+00:00,237.66
2023-05-13 17:47:00+00:00,237.69
2023-05-13 18:06:57+00:00,237.6
2023-05-13 18:06:57+00:00,237.6
2023-05-13 18:27:07+00:00,237.62
2023-05-13 18:27:07+00:00,237.62
2023-05-13 18:27:07+00:00,237.62
2023-05-13 18:47:23+00:00,237.63
2023-05-13 18:47:23+00:00,237.63
2023-05-13 19:07:54+00:00,237.44
2023-05-13 19:49:03+00:00,237.57
2023-05-13 19:49:03+00:00,237.57
2023-05-13 20:09:53+00:00,237.51
2023-05-13 20:09:53+00:00,237.51
2023-05-13 20:51:28+00:00,237.49
2023-05-13 21:12:23+00:00,237.42
2023-05-13 22:59:08+00:00,237.43
2023-05-13 23:20:28+00:00,237.41
2023-05-13 23:42:24+00:00,237.36
2023-05-14 00:26:20+00:00,237.34
2023-05-14 00:48:11+00:00,237.37
2023-05-14 01:32:20+00:00,237.38
2023-05-14 01:54:34+00:00,237.42
2023-05-14 01:54:34+00:00,237.42
2023-05-14 02:17:09+00:00,237.36
2023-05-14 02:40:19+00:00,237.29
2023-05-14 03:25:40+00:00,237.32
2023-05-14 03:25:40+00:00,237.32
2023-05-14 03:25:40+00:00,237.32
2023-05-14 03:48:15+00:00,237.31
2023-05-14 04:11:08+00:00,237.29
2023-05-14 04:33:58+00:00,237.37
2023-05-14 04:56:54+00:00,237.35
2023-05-14 04:56:54+00:00,237.35
2023-05-14 05:20:28+00:00,237.38
2023-05-14 06:54:33+00:00,237.5
2023-05-14 07:47:49+00:00,237.54
2023-05-14 07:47:49+00:00,237.54
2023-05-14 07:47:49+00:00,237.54
2023-05-14 09:25:23+00:00,237.64
2023-05-14 10:14:12+00:00,237.55
2023-05-14 10:38:53+00:00,237.57
2023-05-14 11:03:24+00:00,237.64
2023-05-14 11:28:18+00:00,237.66
2023-05-14 13:07:53+00:00,237.57
2023-05-14 13:07:53+00:00,237.57
2023-05-14 13:58:27+00:00,237.58
2023-05-14 13:58:27+00:00,237.58
2023-05-14 14:49:04+00:00,237.63
2023-05-14 15:14:46+00:00,237.53
2023-05-14 15:14:46+00:00,237.53
2023-05-14 15:14:46+00:00,237.53
2023-05-14 16:32:09+00:00,237.58
2023-05-14 17:24:33+00:00,237.51
2023-05-14 17:24:33+00:00,237.51
2023-05-14 17:24:33+00:00,237.51
2023-05-14 17:24:33+00:00,237.51
2023-05-14 18:16:37+00:00,237.56
2023-05-14 18:43:20+00:00,237.46
2023-05-14 19:10:33+00:00,237.3
2023-05-14 20:03:51+00:00,237.44
2023-05-17 09:55:37+00:00,237.63
2023-05-17 10:53:16+00:00,237.46
2023-05-17 11:20:57+00:00,237.51
2023-05-17 12:42:28+00:00,237.56
2023-05-17 13:10:07+00:00,237.63
2023-05-17 13:10:07+00:00,237.63
2023-05-17 14:04:59+00:00,237.6
2023-05-17 14:04:59+00:00,237.6
2023-05-17 14:32:31+00:00,237.57
2023-05-17 15:28:33+00:00,237.56
2023-05-17 15:28:33+00:00,237.56
2023-05-17 15:56:23+00:00,237.63
2023-05-17 17:21:43+00:00,237.61
2023-05-18 04:47:05+00:00,237.54
2023-05-18 04:47:05+00:00,237.54
2023-05-18 04:47:05+00:00,237.54
2023-05-18 04:47:05+00:00,237.54
2023-05-18 04:48:43+00:00,237.48
2023-05-18 04:48:43+00:00,237.48
2023-05-18 04:50:01+00:00,237.55
2023-05-18 04:50:01+00:00,237.55
2023-05-18 04:51:25+00:00,237.47
2023-05-18 04:52:56+00:00,237.41
2023-05-18 04:52:56+00:00,237.41
2023-05-18 04:54:18+00:00,237.52
2023-05-18 04:54:18+00:00,237.52
2023-05-18 04:54:18+00:00,237.52
2023-05-18 04:56:02+00:00,237.42
2023-05-18 04:56:02+00:00,237.42
2023-05-18 04:56:02+00:00,237.42
2023-05-18 04:57:50+00:00,237.46
2023-05-18 04:57:50+00:00,237.46
2023-05-18 04:57:50+00:00,237.46
2023-05-18 05:01:44+00:00,237.52
2023-05-18 05:01:44+00:00,237.52
2023-05-18 05:03:48+00:00,237.48
2023-05-18 05:03:48+00:00,237.48
2023-05-18 05:03:48+00:00,237.48
2023-05-18 05:03:48+00:00,237.48
2023-05-18 05:03:48+00:00,237.48
2023-05-18 05:03:48+00:00,237.48
2023-05-18 05:05:59+00:00,237.57
2023-05-18 05:05:59+00:00,237.57
2023-05-18 05:08:16+00:00,237.49
2023-05-18 05:08:16+00:00,237.49
2023-05-18 05:08:16+00:00,237.49
2023-05-18 05:10:37+00:00,237.46
2023-05-18 05:10:37+00:00,237.46
2023-05-18 05:10:37+00:00,237.46
2023-05-18 05:10:37+00:00,237.46
2023-05-18 05:13:09+00:00,237.43
2023-05-18 05:13:09+00:00,237.43
2023-05-18 05:13:09+00:00,237.43
2023-05-18 05:13:09+00:00,237.43
2023-05-18 05:13:09+00:00,237.43
2023-05-18 05:15:45+00:00,237.53
2023-05-18 05:15:45+00:00,237.53
2023-05-18 05:15:45+00:00,237.53
2023-05-18 05:18:23+00:00,237.45
2023-05-18 05:18:23+00:00,237.45
2023-05-18 05:18:23+00:00,237.45
2023-05-18 05:21:12+00:00,237.41
2023-05-18 05:21:12+00:00,237.41
2023-05-18 05:21:12+00:00,237.41
2023-05-18 05:21:12+00:00,237.41
2023-05-18 05:24:05+00:00,237.47
2023-05-18 05:24:05+00:00,237.47
2023-05-18 05:24:05+00:00,237.47
2023-05-18 05:27:03+00:00,237.45
2023-05-18 05:27:03+00:00,237.45
2023-05-18 05:30:08+00:00,237.42
2023-05-18 05:30:08+00:00,237.42
2023-05-18 05:30:08+00:00,237.42
2023-05-18 05:33:20+00:00,237.54
2023-05-18 05:33:20+00:00,237.54
2023-05-18 05:33:20+00:00,237.54
2023-05-18 05:36:37+00:00,237.54
2023-05-18 05:36:37+00:00,237.54
2023-05-18 05:36:37+00:00,237.54
2023-05-18 05:36:37+00:00,237.54
2023-05-18 05:39:59+00:00,237.45
2023-05-18 05:43:23+00:00,237.57
2023-05-18 05:43:23+00:00,237.57
2023-05-18 05:43:23+00:00,237.57
2023-05-18 05:47:02+00:00,237.53
2023-05-18 05:47:02+00:00,237.53
2023-05-18 05:47:02+00:00,237.53
2023-05-18 05:47:02+00:00,237.53
2023-05-18 05:50:36+00:00,237.42
2023-05-18 05:54:19+00:00,237.5
2023-05-18 05:54:19+00:00,237.5
2023-05-18 05:58:06+00:00,237.49
2023-05-18 06:02:05+00:00,237.56
2023-05-18 06:06:17+00:00,237.58
2023-05-18 06:06:17+00:00,237.58
2023-05-18 06:06:17+00:00,237.58
2023-05-18 06:10:26+00:00,237.53
2023-05-18 06:10:26+00:00,237.53
2023-05-18 06:10:26+00:00,237.53
2023-05-18 06:14:48+00:00,237.56
2023-05-18 06:14:48+00:00,237.56
2023-05-18 06:14:48+00:00,237.56
2023-05-18 06:19:09+00:00,237.61
2023-05-18 06:19:09+00:00,237.61
2023-05-18 06:19:09+00:00,237.61
2023-05-18 06:19:09+00:00,237.61
2023-05-18 06:19:09+00:00,237.61
2023-05-18 06:23:38+00:00,237.57
2023-05-18 06:23:38+00:00,237.57
2023-05-18 06:23:38+00:00,237.57
2023-05-18 06:23:38+00:00,237.57
2023-05-18 06:28:12+00:00,237.6
2023-05-18 06:28:12+00:00,237.6
2023-05-18 06:28:12+00:00,237.6
2023-05-18 06:28:12+00:00,237.6
2023-05-18 06:28:12+00:00,237.6
2023-05-18 06:32:52+00:00,237.57
2023-05-18 06:32:52+00:00,237.57
2023-05-18 06:37:37+00:00,237.6
2023-05-18 06:37:37+00:00,237.6
2023-05-18 06:37:37+00:00,237.6
2023-05-18 06:42:30+00:00,237.59
2023-05-18 06:42:30+00:00,237.59
2023-05-18 06:57:36+00:00,237.6
2023-05-18 06:57:36+00:00,237.6
2023-05-18 07:02:48+00:00,237.69
2023-05-18 07:02:48+00:00,237.69
2023-05-18 07:02:48+00:00,237.69
2023-05-18 07:08:06+00:00,237.7
2023-05-18 07:08:06+00:00,237.7
2023-05-18 07:13:38+00:00,237.71
2023-05-18 07:13:38+00:00,237.71
2023-05-18 07:13:38+00:00,237.71
2023-05-18 07:13:38+00:00,237.71
2023-05-18 07:19:09+00:00,237.73
2023-05-18 07:19:09+00:00,237.73
2023-05-18 07:24:57+00:00,237.73
2023-05-18 07:24:57+00:00,237.73
2023-05-18 07:24:57+00:00,237.73
2023-05-18 07:24:57+00:00,237.73
2023-05-18 07:30:40+00:00,237.73
2023-05-18 07:30:40+00:00,237.73
2023-05-18 07:36:33+00:00,237.71
2023-05-18 07:36:33+00:00,237.71
2023-05-18 07:48:34+00:00,237.73
2023-05-18 07:48:34+00:00,237.73
2023-05-18 07:48:34+00:00,237.73
2023-05-18 07:54:41+00:00,237.66
2023-05-18 07:54:41+00:00,237.66
2023-05-18 07:54:41+00:00,237.66
2023-05-18 08:01:00+00:00,237.58
2023-05-18 08:07:13+00:00,237.53
2023-05-18 08:07:13+00:00,237.53
2023-05-18 08:07:13+00:00,237.53
2023-05-18 08:07:13+00:00,237.53
2023-05-18 08:07:13+00:00,237.53
2023-05-18 08:13:36+00:00,237.66
2023-05-18 08:20:05+00:00,237.67
2023-05-18 08:20:05+00:00,237.67
2023-05-18 08:20:05+00:00,237.67
2023-05-18 08:26:34+00:00,237.69
2023-05-18 08:26:34+00:00,237.69
2023-05-18 08:33:20+00:00,237.66
2023-05-18 08:33:20+00:00,237.66
2023-05-18 08:33:20+00:00,237.66
2023-05-18 08:33:20+00:00,237.66
2023-05-18 08:33:20+00:00,237.66
2023-05-18 08:40:12+00:00,237.69
2023-05-18 08:40:12+00:00,237.69
2023-05-18 08:40:12+00:00,237.69
2023-05-18 08:40:12+00:00,237.69
2023-05-18 08:40:12+00:00,237.69
2023-05-18 08:47:11+00:00,237.69
2023-05-18 08:47:11+00:00,237.69
2023-05-18 08:47:11+00:00,237.69
2023-05-18 08:47:11+00:00,237.69
2023-05-18 08:54:17+00:00,237.68
2023-05-18 08:54:17+00:00,237.68
2023-05-18 09:01:31+00:00,237.68
2023-05-18 09:08:48+00:00,237.68
2023-05-18 09:08:48+00:00,237.68
2023-05-18 09:08:48+00:00,237.68
2023-05-18 09:16:10+00:00,237.64
2023-05-18 09:23:37+00:00,237.67
2023-05-18 09:23:37+00:00,237.67
2023-05-18 09:31:02+00:00,237.68
2023-05-18 09:31:02+00:00,237.68
2023-05-18 09:31:02+00:00,237.68
2023-05-18 09:31:02+00:00,237.68
2023-05-18 09:38:42+00:00,237.62
2023-05-18 09:54:07+00:00,237.68
2023-05-18 09:54:07+00:00,237.68
2023-05-18 09:54:07+00:00,237.68
2023-05-18 09:54:07+00:00,237.68
2023-05-18 10:02:01+00:00,237.69
2023-05-18 10:02:01+00:00,237.69
2023-05-18 10:02:01+00:00,237.69
2023-05-18 10:02:01+00:00,237.69
2023-05-18 10:02:01+00:00,237.69
2023-05-18 10:10:04+00:00,237.63
2023-05-18 10:10:04+00:00,237.63
2023-05-18 10:18:17+00:00,237.66
2023-05-18 10:26:21+00:00,237.62
2023-05-18 10:26:21+00:00,237.62
2023-05-18 10:34:40+00:00,237.71
2023-05-18 10:34:40+00:00,237.71
2023-05-18 10:34:40+00:00,237.71
2023-05-18 10:34:40+00:00,237.71
2023-05-18 10:43:02+00:00,237.75
2023-05-18 10:43:02+00:00,237.75
2023-05-18 10:51:30+00:00,237.65
2023-05-18 10:51:30+00:00,237.65
2023-05-18 10:51:30+00:00,237.65
2023-05-18 10:51:30+00:00,237.65
2023-05-18 11:00:15+00:00,237.7
2023-05-18 11:08:53+00:00,237.67
2023-05-18 11:08:53+00:00,237.67
2023-05-18 11:08:53+00:00,237.67
2023-05-18 11:26:43+00:00,237.74
2023-05-18 11:26:43+00:00,237.74
2023-05-18 11:26:43+00:00,237.74
2023-05-18 11:26:43+00:00,237.74
2023-05-18 11:26:43+00:00,237.74
2023-05-18 11:26:43+00:00,237.74
2023-05-18 11:26:43+00:00,237.74
2023-05-18 11:35:38+00:00,237.71
2023-05-18 11:35:38+00:00,237.71
2023-05-18 11:35:38+00:00,237.71
2023-05-18 11:44:46+00:00,237.67
2023-05-18 12:03:31+00:00,237.71
2023-05-18 12:12:46+00:00,237.64
2023-05-18 12:22:23+00:00,237.71
2023-05-18 12:22:23+00:00,237.71
2023-05-18 12:22:23+00:00,237.71
2023-05-18 12:32:07+00:00,237.66
2023-05-18 12:32:07+00:00,237.66
2023-05-18 12:32:07+00:00,237.66
2023-05-18 12:32:07+00:00,237.66
2023-05-18 12:32:07+00:00,237.66
2023-05-18 12:41:45+00:00,237.62
2023-05-18 12:52:38+00:00,237.71
2023-05-18 12:52:38+00:00,237.71
2023-05-18 12:52:38+00:00,237.71
2023-05-18 12:52:38+00:00,237.71
2023-05-18 12:52:38+00:00,237.71
2023-05-18 12:52:38+00:00,237.71
2023-05-18 13:02:27+00:00,237.67
2023-05-18 13:02:27+00:00,237.67
2023-05-18 13:12:23+00:00,237.74
2023-05-18 13:12:23+00:00,237.74
2023-05-18 13:22:21+00:00,237.72
2023-05-18 13:22:21+00:00,237.72
2023-05-18 13:22:21+00:00,237.72
2023-05-18 13:32:34+00:00,237.64
2023-05-18 13:32:34+00:00,237.64
2023-05-18 13:43:00+00:00,237.68
2023-05-18 13:43:00+00:00,237.68
2023-05-18 14:03:56+00:00,237.69
2023-05-18 14:14:38+00:00,237.65
2023-05-18 14:25:18+00:00,237.68
2023-05-18 14:36:15+00:00,237.64
2023-05-18 14:36:15+00:00,237.64
2023-05-18 14:47:09+00:00,237.61
2023-05-18 14:58:03+00:00,237.58
2023-05-18 14:58:03+00:00,237.58
2023-05-18 14:58:03+00:00,237.58
2023-05-18 14:58:03+00:00,237.58
2023-05-18 15:09:05+00:00,237.64
2023-05-18 15:09:05+00:00,237.64
2023-05-18 15:09:05+00:00,237.64
2023-05-18 15:09:05+00:00,237.64
2023-05-18 15:09:05+00:00,237.64
2023-05-18 15:20:10+00:00,237.63
2023-05-18 15:31:30+00:00,237.61
2023-05-18 15:54:05+00:00,237.51
2023-05-18 15:54:05+00:00,237.51
2023-05-18 16:05:39+00:00,237.5
2023-05-18 16:17:13+00:00,237.58
2023-05-18 16:29:09+00:00,237.55
2023-05-18 16:29:09+00:00,237.55
2023-05-18 16:29:09+00:00,237.55
2023-05-18 16:40:59+00:00,237.62
2023-05-18 16:53:09+00:00,237.58
2023-05-18 16:53:09+00:00,237.58
2023-05-18 17:05:12+00:00,237.5
2023-05-18 17:05:12+00:00,237.5
2023-05-18 17:05:12+00:00,237.5
2023-05-18 17:17:35+00:00,237.55
2023-05-18 17:17:35+00:00,237.55
2023-05-18 17:17:35+00:00,237.55
2023-05-18 17:30:29+00:00,237.54
2023-05-18 17:30:29+00:00,237.54
2023-05-18 17:30:29+00:00,237.54
2023-05-18 17:30:29+00:00,237.54
2023-05-18 17:42:57+00:00,237.52
2023-05-18 17:42:57+00:00,237.52
2023-05-18 17:42:57+00:00,237.52
2023-05-18 17:42:57+00:00,237.52
2023-05-18 17:55:32+00:00,237.48
2023-05-18 17:55:32+00:00,237.48
2023-05-18 18:08:08+00:00,237.48
2023-05-18 18:08:08+00:00,237.48
2023-05-18 18:08:08+00:00,237.48
2023-05-18 18:21:00+00:00,237.51
2023-05-18 18:21:00+00:00,237.51
2023-05-18 18:33:57+00:00,237.51
2023-05-18 18:47:02+00:00,237.55
2023-05-18 19:00:13+00:00,237.52
2023-05-18 19:00:13+00:00,237.52
2023-05-18 19:26:22+00:00,237.42
2023-05-18 19:26:22+00:00,237.42
2023-05-18 19:26:22+00:00,237.42
2023-05-18 19:53:26+00:00,237.51
2023-05-18 19:53:26+00:00,237.51
2023-05-18 19:53:26+00:00,237.51
2023-05-18 20:06:45+00:00,237.51
2023-05-18 20:06:45+00:00,237.51
2023-05-18 20:06:45+00:00,237.51
2023-05-18 20:47:35+00:00,237.5
2023-05-18 21:15:23+00:00,237.48
2023-05-18 21:29:19+00:00,237.4
2023-05-18 21:43:20+00:00,237.51
2023-05-18 21:43:20+00:00,237.51
2023-05-18 21:57:42+00:00,237.45
2023-05-18 21:57:42+00:00,237.45
2023-05-18 21:57:42+00:00,237.45
2023-05-18 22:12:16+00:00,237.42
2023-05-18 22:12:16+00:00,237.42
2023-05-18 22:12:16+00:00,237.42
2023-05-18 22:12:16+00:00,237.42
2023-05-18 22:12:16+00:00,237.42
2023-05-18 22:26:40+00:00,237.38
2023-05-18 22:26:40+00:00,237.38
2023-05-18 22:41:02+00:00,237.37
2023-05-18 22:55:48+00:00,237.37
2023-05-18 22:55:48+00:00,237.37
2023-05-18 22:55:48+00:00,237.37
2023-05-18 22:55:48+00:00,237.37
2023-05-18 23:10:28+00:00,237.35
2023-05-18 23:10:28+00:00,237.35
2023-05-18 23:25:36+00:00,237.36
2023-05-18 23:41:00+00:00,237.31
2023-05-18 23:41:00+00:00,237.31
2023-05-18 23:41:00+00:00,237.31
2023-05-19 00:26:28+00:00,237.43
2023-05-19 00:26:28+00:00,237.43
2023-05-19 00:26:28+00:00,237.43
2023-05-19 00:41:58+00:00,237.39
2023-05-19 01:13:23+00:00,237.4
2023-05-19 01:13:23+00:00,237.4
2023-05-19 01:13:23+00:00,237.4
2023-05-19 01:28:57+00:00,237.36
2023-05-19 01:44:34+00:00,237.24
2023-05-19 01:44:34+00:00,237.24
2023-05-19 01:44:34+00:00,237.24
2023-05-19 01:44:34+00:00,237.24
2023-05-19 02:16:30+00:00,237.42
2023-05-19 02:32:36+00:00,237.33
2023-05-19 02:48:44+00:00,237.32
2023-05-19 02:48:44+00:00,237.32
2023-05-19 03:05:01+00:00,237.32
2023-05-19 03:21:41+00:00,237.36
2023-05-19 03:21:41+00:00,237.36
2023-05-19 03:21:41+00:00,237.36
2023-05-19 03:21:41+00:00,237.36
2023-05-19 03:38:02+00:00,237.43
2023-05-19 04:12:18+00:00,237.38
2023-05-19 04:12:18+00:00,237.38
2023-05-19 04:12:18+00:00,237.38
2023-05-19 04:12:18+00:00,237.38
2023-05-19 04:12:18+00:00,237.38
2023-05-19 04:28:51+00:00,237.38
2023-05-19 04:28:51+00:00,237.38
2023-05-19 04:45:34+00:00,237.4
2023-05-19 04:45:34+00:00,237.4
2023-05-19 05:02:23+00:00,237.48
2023-05-19 05:36:31+00:00,237.5
2023-05-19 05:36:31+00:00,237.5
2023-05-19 05:36:31+00:00,237.5
2023-05-19 06:11:27+00:00,237.38
2023-05-19 07:04:35+00:00,237.5
2023-05-19 07:22:25+00:00,237.64
2023-05-19 07:40:18+00:00,237.64
2023-05-19 07:58:21+00:00,237.6
2023-05-19 08:16:11+00:00,237.58
2023-05-19 08:34:35+00:00,237.65
2023-05-19 08:34:35+00:00,237.65
2023-05-19 09:11:22+00:00,237.64
2023-05-19 09:29:54+00:00,237.67
2023-05-19 10:07:00+00:00,237.73
2023-05-19 10:25:33+00:00,237.69
2023-05-19 10:25:33+00:00,237.69
2023-05-19 10:25:33+00:00,237.69
2023-05-19 10:44:56+00:00,237.72
2023-05-19 10:44:56+00:00,237.72
2023-05-19 10:44:56+00:00,237.72
2023-05-19 11:03:48+00:00,237.7
2023-05-19 11:42:10+00:00,237.67
2023-05-19 12:01:00+00:00,237.56
2023-05-19 12:01:00+00:00,237.56
2023-05-19 12:20:15+00:00,237.57
2023-05-19 12:20:15+00:00,237.57
2023-05-19 12:39:48+00:00,237.5
2023-05-19 13:18:48+00:00,237.5
2023-05-19 13:18:48+00:00,237.5
2023-05-19 13:18:48+00:00,237.5
2023-05-19 13:18:48+00:00,237.5
2023-05-19 13:38:33+00:00,237.64
2023-05-19 13:38:33+00:00,237.64
2023-05-19 13:38:33+00:00,237.64
2023-05-19 14:38:51+00:00,237.6
2023-05-19 14:38:51+00:00,237.6
2023-05-19 14:58:53+00:00,237.64
2023-05-19 15:39:19+00:00,237.67
2023-05-19 15:59:58+00:00,237.62
2023-05-19 17:02:51+00:00,237.53
2023-05-19 17:44:36+00:00,237.6
2023-05-19 18:06:20+00:00,237.51
2023-05-19 18:06:20+00:00,237.51
2023-05-19 18:27:25+00:00,237.49
2023-05-19 18:27:25+00:00,237.49
2023-05-19 18:27:25+00:00,237.49
2023-05-19 18:48:45+00:00,237.6
2023-05-19 19:53:51+00:00,237.57
2023-05-19 20:38:27+00:00,237.55
2023-05-19 21:45:56+00:00,237.5
2023-05-19 22:08:27+00:00,237.52
2023-05-19 23:16:38+00:00,237.42
2023-05-19 23:16:38+00:00,237.42
2023-05-19 23:39:11+00:00,237.47
2023-05-19 23:39:11+00:00,237.47
2023-05-20 00:02:02+00:00,237.42
2023-05-20 00:02:02+00:00,237.42
2023-05-20 00:25:05+00:00,237.36
2023-05-20 01:34:23+00:00,237.41
2023-05-20 01:34:23+00:00,237.41
2023-05-20 02:44:54+00:00,237.4
2023-05-20 03:08:27+00:00,237.52
2023-05-20 03:32:01+00:00,237.35
2023-05-20 04:19:48+00:00,237.45
2023-05-20 05:07:39+00:00,237.49
2023-05-20 05:32:24+00:00,237.46
2023-05-20 05:56:41+00:00,237.53
2023-05-20 05:56:41+00:00,237.53
2023-05-20 06:20:54+00:00,237.53
2023-05-20 06:20:54+00:00,237.53
2023-05-20 06:45:29+00:00,237.47
2023-05-20 07:36:12+00:00,237.61
2023-05-20 08:26:20+00:00,237.7
2023-05-20 10:32:55+00:00,237.72
2023-05-20 10:58:26+00:00,237.6
2023-05-20 10:58:26+00:00,237.6
2023-05-20 12:15:24+00:00,237.56
2023-05-20 12:15:24+00:00,237.56
2023-05-20 12:15:24+00:00,237.56
2023-05-20 14:54:49+00:00,237.53
2023-05-20 14:54:49+00:00,237.53
2023-05-20 15:47:32+00:00,237.5
2023-05-20 15:47:32+00:00,237.5
2023-05-20 15:47:32+00:00,237.5
2023-05-20 15:47:32+00:00,237.5
2023-05-20 16:13:58+00:00,237.53
2023-05-20 16:41:04+00:00,237.52
2023-05-20 17:07:56+00:00,237.36
2023-05-20 17:07:56+00:00,237.36
2023-05-20 19:51:35+00:00,237.45
2023-05-20 20:47:28+00:00,237.38
2023-05-21 01:02:05+00:00,237.35
2023-05-27 07:33:04+00:00,237.14
2023-05-27 07:34:42+00:00,237.32
2023-05-27 07:36:00+00:00,237.35
2023-05-27 07:38:56+00:00,237.32
2023-05-27 07:47:48+00:00,237.46
2023-05-27 07:52:05+00:00,237.54
2023-05-27 08:07:28+00:00,237.48
2023-05-27 08:07:28+00:00,237.48
2023-05-27 08:07:28+00:00,237.48
2023-05-27 08:07:28+00:00,237.48
2023-05-27 08:16:34+00:00,237.57
2023-05-27 08:23:04+00:00,237.57
2023-05-27 08:23:04+00:00,237.57
2023-05-27 08:26:29+00:00,237.52
2023-05-27 08:33:40+00:00,237.69
2023-05-27 08:45:24+00:00,237.68
2023-05-27 08:49:25+00:00,237.64
2023-05-27 09:15:52+00:00,237.8
2023-05-27 09:25:22+00:00,237.68
2023-05-27 09:30:15+00:00,237.7
2023-05-27 09:35:16+00:00,237.68
2023-05-27 09:35:16+00:00,237.68
2023-05-27 09:35:16+00:00,237.68
2023-05-27 10:44:10+00:00,237.66
2023-05-27 10:50:34+00:00,237.68
2023-05-27 11:03:35+00:00,237.62
2023-05-27 11:56:08+00:00,237.41
2023-05-27 11:56:08+00:00,237.41
2023-05-27 11:57:46+00:00,237.4
2023-05-27 11:57:46+00:00,237.4
2023-05-27 11:57:46+00:00,237.4
2023-05-27 11:59:04+00:00,237.52
2023-05-27 11:59:04+00:00,237.52
2023-05-27 11:59:04+00:00,237.52
2023-05-27 11:59:04+00:00,237.52
2023-05-27 12:00:29+00:00,237.6
2023-05-27 12:00:29+00:00,237.6
2023-05-27 12:00:29+00:00,237.6
2023-05-27 12:01:59+00:00,237.57
2023-05-27 12:01:59+00:00,237.57
2023-05-27 12:01:59+00:00,237.57
2023-05-27 12:03:35+00:00,237.58
2023-05-27 12:03:35+00:00,237.58
2023-05-27 12:03:35+00:00,237.58
2023-05-27 12:03:35+00:00,237.58
2023-05-27 12:03:35+00:00,237.58
2023-05-27 12:05:17+00:00,237.64
2023-05-27 12:05:17+00:00,237.64
2023-05-27 12:06:42+00:00,237.55
2023-05-27 12:06:42+00:00,237.55
2023-05-27 12:06:42+00:00,237.55
2023-05-27 12:06:42+00:00,237.55
2023-05-27 12:08:36+00:00,237.54
2023-05-27 12:08:36+00:00,237.54
2023-05-27 12:10:37+00:00,237.62
2023-05-27 12:10:37+00:00,237.62
2023-05-27 12:12:44+00:00,237.63
2023-05-27 12:12:44+00:00,237.63
2023-05-27 12:12:44+00:00,237.63
2023-05-27 12:12:44+00:00,237.63
2023-05-27 12:12:44+00:00,237.63
2023-05-27 12:14:58+00:00,237.59
2023-05-27 12:14:58+00:00,237.59
2023-05-27 12:17:18+00:00,237.51
2023-05-27 12:17:18+00:00,237.51
2023-05-27 12:17:18+00:00,237.51
2023-05-27 12:17:18+00:00,237.51
2023-05-27 12:19:42+00:00,237.53
2023-05-27 12:22:19+00:00,237.56
2023-05-27 12:22:19+00:00,237.56
2023-05-27 12:22:19+00:00,237.56
2023-05-27 12:24:55+00:00,237.6
2023-05-27 12:24:55+00:00,237.6
2023-05-27 12:27:41+00:00,237.53
2023-05-27 12:27:41+00:00,237.53
2023-05-27 12:27:41+00:00,237.53
2023-05-27 12:30:37+00:00,237.47
2023-05-27 12:30:37+00:00,237.47
2023-05-27 12:33:32+00:00,237.59
2023-05-27 12:33:32+00:00,237.59
2023-05-27 12:33:32+00:00,237.59
2023-05-27 12:36:30+00:00,237.59
2023-05-27 12:36:30+00:00,237.59
2023-05-27 12:36:30+00:00,237.59
2023-05-27 12:36:30+00:00,237.59
2023-05-27 12:39:41+00:00,237.61
2023-05-27 12:39:41+00:00,237.61
2023-05-27 12:42:55+00:00,237.47
2023-05-27 12:46:15+00:00,237.56
2023-05-27 12:46:15+00:00,237.56
2023-05-27 12:46:15+00:00,237.56
2023-05-27 12:46:15+00:00,237.56
2023-05-27 12:49:37+00:00,237.54
2023-05-27 12:49:37+00:00,237.54
2023-05-27 12:49:37+00:00,237.54
2023-05-27 12:49:37+00:00,237.54
2023-05-27 12:53:11+00:00,237.63
2023-05-27 12:53:11+00:00,237.63
2023-05-27 12:53:11+00:00,237.63
2023-05-27 12:53:11+00:00,237.63
2023-05-27 12:53:11+00:00,237.63
2023-05-27 12:53:11+00:00,237.63
2023-05-27 12:56:55+00:00,237.66
2023-05-27 12:56:55+00:00,237.66
2023-05-27 12:56:55+00:00,237.66
2023-05-27 13:00:45+00:00,237.62
2023-05-27 13:00:45+00:00,237.62
2023-05-27 13:04:39+00:00,237.57
2023-05-27 13:04:39+00:00,237.57
2023-05-27 13:12:44+00:00,237.62
2023-05-27 13:12:44+00:00,237.62
2023-05-27 13:12:44+00:00,237.62
2023-05-27 13:12:44+00:00,237.62
2023-05-27 13:21:06+00:00,237.63
2023-05-27 13:25:23+00:00,237.64
2023-05-27 13:25:23+00:00,237.64
2023-05-27 13:29:47+00:00,237.67
2023-05-27 13:29:47+00:00,237.67
2023-05-27 13:29:47+00:00,237.67
2023-05-27 13:34:21+00:00,237.59
2023-05-27 13:34:21+00:00,237.59
2023-05-27 13:39:04+00:00,237.66
2023-05-27 13:43:48+00:00,237.68
2023-05-27 13:43:48+00:00,237.68
2023-05-27 13:43:48+00:00,237.68
2023-05-27 13:43:48+00:00,237.68
2023-05-27 13:43:48+00:00,237.68
2023-05-27 13:48:36+00:00,237.63
2023-05-27 13:53:34+00:00,237.63
2023-05-27 13:53:34+00:00,237.63
2023-05-27 13:53:34+00:00,237.63
2023-05-27 13:53:34+00:00,237.63
2023-05-27 13:53:34+00:00,237.63
2023-05-27 13:53:34+00:00,237.63
2023-05-27 13:58:40+00:00,237.62
2023-05-27 13:58:40+00:00,237.62
2023-05-27 14:03:51+00:00,237.63
2023-05-27 14:09:05+00:00,237.62
2023-05-27 14:09:05+00:00,237.62
2023-05-27 14:09:05+00:00,237.62
2023-05-27 14:09:05+00:00,237.62
2023-05-27 14:14:27+00:00,237.61
2023-05-27 14:14:27+00:00,237.61
2023-05-27 14:14:27+00:00,237.61
2023-05-27 14:14:27+00:00,237.61
2023-05-27 14:14:27+00:00,237.61
2023-05-27 14:19:55+00:00,237.66
2023-05-27 14:19:55+00:00,237.66
2023-05-27 14:19:55+00:00,237.66
2023-05-27 14:25:31+00:00,237.58
2023-05-27 14:25:31+00:00,237.58
2023-05-27 14:25:31+00:00,237.58
2023-05-27 14:31:04+00:00,237.69
2023-05-27 14:31:04+00:00,237.69
2023-05-27 14:36:41+00:00,237.62
2023-05-27 14:36:41+00:00,237.62
2023-05-27 14:36:41+00:00,237.62
2023-05-27 14:42:33+00:00,237.62
2023-05-27 14:48:48+00:00,237.62
2023-05-27 14:54:59+00:00,237.62
2023-05-27 14:54:59+00:00,237.62
2023-05-27 15:01:12+00:00,237.66
2023-05-27 15:07:50+00:00,237.56
2023-05-27 15:07:50+00:00,237.56
2023-05-27 15:07:50+00:00,237.56
2023-05-27 15:14:16+00:00,237.55
2023-05-27 15:14:16+00:00,237.55
2023-05-27 15:14:16+00:00,237.55
2023-05-27 15:14:16+00:00,237.55
2023-05-27 15:14:16+00:00,237.55
2023-05-27 15:14:16+00:00,237.55
2023-05-27 15:14:16+00:00,237.55
2023-05-27 15:20:39+00:00,237.6
2023-05-27 15:20:39+00:00,237.6
2023-05-27 15:20:39+00:00,237.6
2023-05-27 15:20:39+00:00,237.6
2023-05-27 15:27:10+00:00,237.62
2023-05-27 15:27:10+00:00,237.62
2023-05-27 15:33:46+00:00,237.62
2023-05-27 15:33:46+00:00,237.62
2023-05-27 15:33:46+00:00,237.62
2023-05-27 15:40:31+00:00,237.63
2023-05-27 15:40:31+00:00,237.63
2023-05-27 15:47:26+00:00,237.57
2023-05-27 15:47:26+00:00,237.57
2023-05-27 15:47:26+00:00,237.57
2023-05-27 15:47:26+00:00,237.57
2023-05-27 15:54:25+00:00,237.62
2023-05-27 16:01:26+00:00,237.56
2023-05-27 16:01:26+00:00,237.56
2023-05-27 16:01:26+00:00,237.56
2023-05-27 16:16:34+00:00,237.62
2023-05-27 16:16:34+00:00,237.62
2023-05-27 16:16:34+00:00,237.62
2023-05-27 16:24:14+00:00,237.58
2023-05-27 16:24:14+00:00,237.58
2023-05-27 16:24:14+00:00,237.58
2023-05-27 16:24:14+00:00,237.58
2023-05-27 16:24:14+00:00,237.58
2023-05-27 16:24:14+00:00,237.58
2023-05-27 16:24:14+00:00,237.58
2023-05-27 16:24:14+00:00,237.58
2023-05-27 16:31:45+00:00,237.64
2023-05-27 16:31:45+00:00,237.64
2023-05-27 16:39:21+00:00,237.61
2023-05-27 16:39:21+00:00,237.61
2023-05-27 16:39:21+00:00,237.61
2023-05-27 16:46:58+00:00,237.62
2023-05-27 16:46:58+00:00,237.62
2023-05-27 16:46:58+00:00,237.62
2023-05-27 16:54:48+00:00,237.56
2023-05-27 16:54:48+00:00,237.56
2023-05-27 16:54:48+00:00,237.56
2023-05-27 16:54:48+00:00,237.56
2023-05-27 16:54:48+00:00,237.56
2023-05-27 17:02:39+00:00,237.57
2023-05-27 17:02:39+00:00,237.57
2023-05-27 17:02:39+00:00,237.57
2023-05-27 17:02:39+00:00,237.57
2023-05-27 17:02:39+00:00,237.57
2023-05-27 17:02:39+00:00,237.57
2023-05-27 17:10:36+00:00,237.6
2023-05-27 17:10:36+00:00,237.6
2023-05-27 17:18:50+00:00,237.71
2023-05-27 17:18:50+00:00,237.71
2023-05-27 17:18:50+00:00,237.71
2023-05-27 17:18:50+00:00,237.71
2023-05-27 17:18:50+00:00,237.71
2023-05-27 17:27:10+00:00,237.69
2023-05-27 17:27:10+00:00,237.69
2023-05-27 17:27:10+00:00,237.69
2023-05-27 17:27:10+00:00,237.69
2023-05-27 17:27:10+00:00,237.69
2023-05-27 17:35:21+00:00,237.62
2023-05-27 17:35:21+00:00,237.62
2023-05-27 17:43:41+00:00,237.61
2023-05-27 17:43:41+00:00,237.61
2023-05-27 17:43:41+00:00,237.61
2023-05-27 17:43:41+00:00,237.61
2023-05-27 17:43:41+00:00,237.61
2023-05-27 17:52:10+00:00,237.59
2023-05-27 17:52:10+00:00,237.59
2023-05-27 18:00:40+00:00,237.57
2023-05-27 18:00:40+00:00,237.57
2023-05-27 18:18:09+00:00,237.48
2023-05-27 18:18:09+00:00,237.48
2023-05-27 18:18:09+00:00,237.48
2023-05-27 18:18:09+00:00,237.48
2023-05-27 18:18:09+00:00,237.48
2023-05-27 18:27:03+00:00,237.62
2023-05-27 18:27:03+00:00,237.62
2023-05-27 18:36:21+00:00,237.68
2023-05-27 18:36:21+00:00,237.68
2023-05-27 18:54:58+00:00,237.62
2023-05-27 18:54:58+00:00,237.62
2023-05-27 18:54:58+00:00,237.62
2023-05-27 18:54:58+00:00,237.62
2023-05-27 19:04:19+00:00,237.53
2023-05-27 19:04:19+00:00,237.53
2023-05-27 19:04:19+00:00,237.53
2023-05-27 19:13:55+00:00,237.55
2023-05-27 19:23:39+00:00,237.52
2023-05-27 19:23:39+00:00,237.52
2023-05-27 19:33:12+00:00,237.6
2023-05-27 19:33:12+00:00,237.6
2023-05-27 19:33:12+00:00,237.6
2023-05-27 19:43:07+00:00,237.54
2023-05-27 19:43:07+00:00,237.54
2023-05-27 19:52:49+00:00,237.63
2023-05-27 20:02:54+00:00,237.54
2023-05-27 20:12:57+00:00,237.51
2023-05-27 20:12:57+00:00,237.51
2023-05-27 20:22:54+00:00,237.49
2023-05-27 20:22:54+00:00,237.49
2023-05-27 20:33:05+00:00,237.56
2023-05-27 20:33:05+00:00,237.56
2023-05-27 20:43:45+00:00,237.56
2023-05-27 20:54:17+00:00,237.5
2023-05-27 21:04:57+00:00,237.56
2023-05-27 21:04:57+00:00,237.56
2023-05-27 21:04:57+00:00,237.56
2023-05-27 21:04:57+00:00,237.56
2023-05-27 21:04:57+00:00,237.56
2023-05-27 21:15:36+00:00,237.5
2023-05-27 21:26:19+00:00,237.49
2023-05-27 21:26:19+00:00,237.49
2023-05-27 21:26:19+00:00,237.49
2023-05-27 21:37:07+00:00,237.54
2023-05-27 21:59:01+00:00,237.59
2023-05-27 21:59:01+00:00,237.59
2023-05-27 21:59:01+00:00,237.59
2023-05-27 21:59:01+00:00,237.59
2023-05-27 22:10:06+00:00,237.52
2023-05-27 22:10:06+00:00,237.52
2023-05-27 22:10:06+00:00,237.52
2023-05-27 22:21:21+00:00,237.52
2023-05-27 22:21:21+00:00,237.52
2023-05-27 22:21:21+00:00,237.52
2023-05-27 22:21:21+00:00,237.52
2023-05-27 22:32:49+00:00,237.4
2023-05-27 22:44:14+00:00,237.46
2023-05-27 22:55:56+00:00,237.5
2023-05-27 22:55:56+00:00,237.5
2023-05-27 22:55:56+00:00,237.5
2023-05-27 23:19:15+00:00,237.41
2023-05-27 23:31:01+00:00,237.35
2023-05-27 23:31:01+00:00,237.35
2023-05-27 23:31:01+00:00,237.35
2023-05-27 23:43:02+00:00,237.35
2023-05-27 23:55:11+00:00,237.4
2023-05-27 23:55:11+00:00,237.4
2023-05-27 23:55:11+00:00,237.4
2023-05-28 00:07:16+00:00,237.38
2023-05-28 00:19:34+00:00,237.54
2023-05-28 00:19:34+00:00,237.54
2023-05-28 00:19:34+00:00,237.54
2023-05-28 00:19:34+00:00,237.54
2023-05-28 00:19:34+00:00,237.54
2023-05-28 00:31:57+00:00,237.41
2023-05-28 00:57:18+00:00,237.4
2023-05-28 01:10:46+00:00,237.38
2023-05-28 01:10:46+00:00,237.38
2023-05-28 01:10:46+00:00,237.38
2023-05-28 01:10:46+00:00,237.38
2023-05-28 01:10:46+00:00,237.38
2023-05-28 01:23:25+00:00,237.29
2023-05-28 01:23:25+00:00,237.29
2023-05-28 01:23:25+00:00,237.29
2023-05-28 01:36:19+00:00,237.3
2023-05-28 01:36:19+00:00,237.3
2023-05-28 01:49:25+00:00,237.33
2023-05-28 01:49:25+00:00,237.33
2023-05-28 02:02:37+00:00,237.33
2023-05-28 02:15:44+00:00,237.31
2023-05-28 02:42:47+00:00,237.3
2023-05-28 02:56:16+00:00,237.33
2023-05-28 02:56:16+00:00,237.33
2023-05-28 02:56:16+00:00,237.33
2023-05-28 02:56:16+00:00,237.33
2023-05-28 03:09:55+00:00,237.3
2023-05-28 03:09:55+00:00,237.3
2023-05-28 03:37:30+00:00,237.32
2023-05-28 03:37:30+00:00,237.32
2023-05-28 03:37:30+00:00,237.32
2023-05-28 03:37:30+00:00,237.32
2023-05-28 03:37:30+00:00,237.32
2023-05-28 04:05:48+00:00,237.4
2023-05-28 04:19:47+00:00,237.47
2023-05-28 04:48:29+00:00,237.37
2023-05-28 05:03:10+00:00,237.59
2023-05-28 05:32:23+00:00,237.52
2023-05-28 05:32:23+00:00,237.52
2023-05-28 05:47:15+00:00,237.53
2023-05-28 05:47:15+00:00,237.53
2023-05-28 05:47:15+00:00,237.53
2023-05-28 06:02:19+00:00,237.64
2023-05-28 06:17:19+00:00,237.52
2023-05-28 06:32:20+00:00,237.52
2023-05-28 06:32:20+00:00,237.52
2023-05-28 06:32:20+00:00,237.52
2023-05-28 06:32:20+00:00,237.52
2023-05-28 06:47:32+00:00,237.57
2023-05-28 06:47:32+00:00,237.57
2023-05-28 06:47:32+00:00,237.57
2023-05-28 07:02:44+00:00,237.6
2023-05-28 07:02:44+00:00,237.6
2023-05-28 07:18:15+00:00,237.64
2023-05-28 07:18:15+00:00,237.64
2023-05-28 07:34:00+00:00,237.69
2023-05-28 07:49:35+00:00,237.7
2023-05-28 08:05:18+00:00,237.74
2023-05-28 08:05:18+00:00,237.74
2023-05-28 08:05:18+00:00,237.74
2023-05-28 08:53:10+00:00,237.62
2023-05-28 09:25:46+00:00,237.72
2023-05-28 09:25:46+00:00,237.72
2023-05-28 09:25:46+00:00,237.72
2023-05-28 09:42:06+00:00,237.72
2023-05-28 09:58:30+00:00,237.79
2023-05-28 09:58:30+00:00,237.79
2023-05-28 09:58:30+00:00,237.79
2023-05-28 10:15:04+00:00,237.78
2023-05-28 10:15:04+00:00,237.78
2023-05-28 10:15:04+00:00,237.78
2023-05-28 10:31:41+00:00,237.73
2023-05-28 10:31:41+00:00,237.73
2023-05-28 11:05:15+00:00,237.73
2023-05-28 11:05:15+00:00,237.73
2023-05-28 11:05:15+00:00,237.73
2023-05-28 11:05:15+00:00,237.73
2023-05-28 11:22:01+00:00,237.77
2023-05-28 11:56:08+00:00,237.59
2023-05-28 11:56:08+00:00,237.59
2023-05-28 12:14:07+00:00,237.78
2023-05-28 12:14:07+00:00,237.78
2023-05-28 12:14:07+00:00,237.78
2023-05-28 12:31:12+00:00,237.71
2023-05-28 12:31:12+00:00,237.71
2023-05-28 13:06:07+00:00,237.63
2023-05-28 13:06:07+00:00,237.63
2023-05-28 13:24:18+00:00,237.81
2023-05-28 13:42:04+00:00,237.76
2023-05-28 13:42:04+00:00,237.76
2023-05-28 13:42:04+00:00,237.76
2023-05-28 14:00:02+00:00,237.66
2023-05-28 14:00:02+00:00,237.66
2023-05-28 14:17:53+00:00,237.69
2023-05-28 14:17:53+00:00,237.69
2023-05-28 14:17:53+00:00,237.69
2023-05-28 14:36:01+00:00,237.56
2023-05-28 14:36:01+00:00,237.56
2023-05-28 14:36:01+00:00,237.56
2023-05-28 14:54:18+00:00,237.68
2023-05-28 15:12:34+00:00,237.65
2023-05-28 15:12:34+00:00,237.65
2023-05-28 15:12:34+00:00,237.65
2023-05-28 15:12:34+00:00,237.65
2023-05-28 15:30:49+00:00,237.57
2023-05-28 15:30:49+00:00,237.57
2023-05-28 16:08:13+00:00,237.66
2023-05-28 16:08:13+00:00,237.66
2023-05-28 16:45:34+00:00,237.67
2023-05-28 17:04:28+00:00,237.65
2023-05-28 17:04:28+00:00,237.65
2023-05-28 17:04:28+00:00,237.65
2023-05-28 17:04:28+00:00,237.65
2023-05-28 17:23:19+00:00,237.66
2023-05-28 17:23:19+00:00,237.66
2023-05-28 17:23:19+00:00,237.66
2023-05-28 18:01:46+00:00,237.68
2023-05-28 18:01:46+00:00,237.68
2023-05-28 18:41:11+00:00,237.64
2023-05-28 18:41:11+00:00,237.64
2023-05-28 19:00:43+00:00,237.63
2023-05-28 19:00:43+00:00,237.63
2023-05-28 19:00:43+00:00,237.63
2023-05-28 19:20:39+00:00,237.6
2023-05-28 19:40:16+00:00,237.65
2023-05-28 19:40:16+00:00,237.65
2023-05-28 19:40:16+00:00,237.65
2023-05-28 20:00:04+00:00,237.64
2023-05-28 20:00:04+00:00,237.64
2023-05-28 20:00:04+00:00,237.64
2023-05-28 20:19:51+00:00,237.52
2023-05-28 20:40:21+00:00,237.56
2023-05-28 20:40:21+00:00,237.56
2023-05-28 20:40:21+00:00,237.56
2023-05-28 21:00:20+00:00,237.53
2023-05-28 21:40:59+00:00,237.55
2023-05-28 22:01:24+00:00,237.61
2023-05-28 22:21:41+00:00,237.54
2023-05-28 23:03:25+00:00,237.61
2023-05-28 23:24:17+00:00,237.57
2023-05-29 00:06:33+00:00,237.37
2023-05-29 00:06:33+00:00,237.37
2023-05-29 00:27:48+00:00,237.49
2023-05-29 00:48:49+00:00,237.53
2023-05-29 00:48:49+00:00,237.53
2023-05-29 01:10:23+00:00,237.4
2023-05-29 01:31:51+00:00,237.47
2023-05-29 01:53:20+00:00,237.47
2023-05-29 02:37:20+00:00,237.57
2023-05-29 02:37:20+00:00,237.57
2023-05-29 02:59:05+00:00,237.52
2023-05-29 03:21:50+00:00,237.49
2023-05-29 03:43:52+00:00,237.53
2023-05-29 04:28:10+00:00,237.58
2023-05-29 04:50:47+00:00,237.53
2023-05-29 04:50:47+00:00,237.53
2023-05-29 05:13:16+00:00,237.51
2023-05-29 05:58:54+00:00,237.69
2023-05-29 05:58:54+00:00,237.69
2023-05-29 06:22:04+00:00,237.63
2023-05-29 06:22:04+00:00,237.63
2023-05-29 06:45:25+00:00,237.65
2023-05-29 07:08:23+00:00,237.62
2023-05-29 07:54:48+00:00,237.63
2023-05-29 09:05:25+00:00,237.71
2023-05-29 09:05:25+00:00,237.71
2023-05-29 09:29:58+00:00,237.74
2023-05-29 09:29:58+00:00,237.74
2023-05-29 09:54:02+00:00,237.69
2023-05-29 10:18:06+00:00,237.66
2023-05-29 11:06:17+00:00,237.53
2023-05-29 11:55:28+00:00,237.73
2023-05-29 12:19:58+00:00,237.77
2023-05-29 13:58:19+00:00,237.76
2023-05-29 13:58:19+00:00,237.76
2023-05-29 14:47:46+00:00,237.72
2023-05-29 15:12:34+00:00,237.77
2023-05-29 15:12:34+00:00,237.77
2023-05-29 15:12:34+00:00,237.77
2023-05-29 16:28:32+00:00,237.72
2023-05-29 17:19:29+00:00,237.64
2023-05-29 17:45:00+00:00,237.7
2023-05-29 18:10:48+00:00,237.51
2023-05-29 19:55:46+00:00,237.52
2023-05-29 20:21:55+00:00,237.7
2023-05-29 20:21:55+00:00,237.7
2023-05-29 20:48:38+00:00,237.68
2023-05-29 21:41:51+00:00,237.71
2023-05-29 21:41:51+00:00,237.71
2023-05-29 22:35:41+00:00,237.64
2023-05-29 23:02:42+00:00,237.71
2023-05-29 23:02:42+00:00,237.71
2023-05-29 23:57:15+00:00,237.59
2023-05-30 00:24:32+00:00,237.6
2023-05-30 01:19:24+00:00,237.48
2023-05-30 03:11:20+00:00,237.52
2023-05-30 03:39:16+00:00,237.55
2023-05-30 04:35:02+00:00,237.6
2023-05-30 04:35:02+00:00,237.6
2023-05-30 04:35:02+00:00,237.6
2023-05-30 05:03:13+00:00,237.54
2023-05-30 05:32:14+00:00,237.67
2023-05-30 05:32:14+00:00,237.67
2023-05-30 05:32:14+00:00,237.67
2023-05-30 05:32:14+00:00,237.67
2023-05-30 06:58:03+00:00,237.65
2023-05-30 11:22:56+00:00,237.71
2023-05-30 17:57:23+00:00,237.61
2023-05-30 18:59:05+00:00,237.52
2023-05-30 22:39:39+00:00,237.48
2023-05-30 22:39:39+00:00,237.48
2023-05-30 22:39:39+00:00,237.48
2023-05-30 22:39:39+00:00,237.48
2023-05-30 22:41:17+00:00,237.26
2023-05-30 22:41:17+00:00,237.26
2023-05-30 22:42:35+00:00,237.45
2023-05-30 22:42:35+00:00,237.45
2023-05-30 22:42:35+00:00,237.45
2023-05-30 22:42:35+00:00,237.45
2023-05-30 22:42:35+00:00,237.45
2023-05-30 22:42:35+00:00,237.45
2023-05-30 22:42:35+00:00,237.45
2023-05-30 22:44:00+00:00,237.41
2023-05-30 22:44:00+00:00,237.41
2023-05-30 22:44:00+00:00,237.41
2023-05-30 22:45:30+00:00,237.51
2023-05-30 22:45:30+00:00,237.51
2023-05-30 22:47:06+00:00,237.46
2023-05-30 22:47:06+00:00,237.46
2023-05-30 22:47:06+00:00,237.46
2023-05-30 22:48:24+00:00,237.48
2023-05-30 22:48:24+00:00,237.48
2023-05-30 22:48:24+00:00,237.48
2023-05-30 22:48:24+00:00,237.48
2023-05-30 22:50:13+00:00,237.45
2023-05-30 22:50:13+00:00,237.45
2023-05-30 22:50:13+00:00,237.45
2023-05-30 22:50:13+00:00,237.45
2023-05-30 22:54:07+00:00,237.22
2023-05-30 22:54:07+00:00,237.22
2023-05-30 22:54:07+00:00,237.22
2023-05-30 22:54:07+00:00,237.22
2023-05-30 22:54:07+00:00,237.22
2023-05-30 22:56:14+00:00,237.39
2023-05-30 22:56:14+00:00,237.39
2023-05-30 22:56:14+00:00,237.39
2023-05-30 22:58:28+00:00,237.44
2023-05-30 22:58:28+00:00,237.44
2023-05-30 23:00:48+00:00,237.34
2023-05-30 23:00:48+00:00,237.34
2023-05-30 23:00:48+00:00,237.34
2023-05-30 23:03:13+00:00,237.44
2023-05-30 23:03:13+00:00,237.44
2023-05-30 23:03:13+00:00,237.44
2023-05-30 23:05:49+00:00,237.36
2023-05-30 23:05:49+00:00,237.36
2023-05-30 23:05:49+00:00,237.36
2023-05-30 23:05:49+00:00,237.36
2023-05-30 23:05:49+00:00,237.36
2023-05-30 23:08:25+00:00,237.39
2023-05-30 23:08:25+00:00,237.39
2023-05-30 23:11:10+00:00,237.47
2023-05-30 23:11:10+00:00,237.47
2023-05-30 23:11:10+00:00,237.47
2023-05-30 23:14:00+00:00,237.41
2023-05-30 23:14:00+00:00,237.41
2023-05-30 23:16:56+00:00,237.42
2023-05-30 23:16:56+00:00,237.42
2023-05-30 23:16:56+00:00,237.42
2023-05-30 23:16:56+00:00,237.42
2023-05-30 23:20:01+00:00,237.36
2023-05-30 23:20:01+00:00,237.36
2023-05-30 23:23:09+00:00,237.42
2023-05-30 23:23:09+00:00,237.42
2023-05-30 23:26:22+00:00,237.37
2023-05-30 23:26:22+00:00,237.37
2023-05-30 23:29:49+00:00,237.45
2023-05-30 23:29:49+00:00,237.45
2023-05-30 23:29:49+00:00,237.45
2023-05-30 23:29:49+00:00,237.45
2023-05-30 23:33:15+00:00,237.35
2023-05-30 23:33:15+00:00,237.35
2023-05-30 23:36:48+00:00,237.36
2023-05-30 23:36:48+00:00,237.36
2023-05-30 23:36:48+00:00,237.36
2023-05-30 23:36:48+00:00,237.36
2023-05-30 23:36:48+00:00,237.36
2023-05-30 23:36:48+00:00,237.36
2023-05-30 23:40:32+00:00,237.38
2023-05-30 23:40:32+00:00,237.38
2023-05-30 23:40:32+00:00,237.38
2023-05-30 23:40:32+00:00,237.38
2023-05-30 23:40:32+00:00,237.38
2023-05-30 23:44:17+00:00,237.41
2023-05-30 23:44:17+00:00,237.41
2023-05-30 23:44:17+00:00,237.41
2023-05-30 23:48:15+00:00,237.36
2023-05-30 23:48:15+00:00,237.36
2023-05-30 23:52:13+00:00,237.41
2023-05-30 23:52:13+00:00,237.41
2023-05-30 23:52:13+00:00,237.41
2023-05-30 23:52:13+00:00,237.41
2023-05-30 23:52:13+00:00,237.41
2023-05-30 23:56:21+00:00,237.32
2023-05-30 23:56:21+00:00,237.32
2023-05-31 00:00:25+00:00,237.34
2023-05-31 00:00:25+00:00,237.34
2023-05-31 00:00:25+00:00,237.34
2023-05-31 00:00:25+00:00,237.34
2023-05-31 00:04:39+00:00,237.42
2023-05-31 00:04:39+00:00,237.42
2023-05-31 00:04:39+00:00,237.42
2023-05-31 00:09:03+00:00,237.43
2023-05-31 00:09:03+00:00,237.43
2023-05-31 00:09:03+00:00,237.43
2023-05-31 00:09:03+00:00,237.43
2023-05-31 00:13:30+00:00,237.34
2023-05-31 00:13:30+00:00,237.34
2023-05-31 00:13:30+00:00,237.34
2023-05-31 00:18:03+00:00,237.42
2023-05-31 00:22:41+00:00,237.52
2023-05-31 00:22:41+00:00,237.52
2023-05-31 00:22:41+00:00,237.52
2023-05-31 00:27:25+00:00,237.38
2023-05-31 00:27:25+00:00,237.38
2023-05-31 00:27:25+00:00,237.38
2023-05-31 00:27:25+00:00,237.38
2023-05-31 00:32:18+00:00,237.31
2023-05-31 00:32:18+00:00,237.31
2023-05-31 00:32:18+00:00,237.31
2023-05-31 00:32:18+00:00,237.31
2023-05-31 00:47:35+00:00,237.43
2023-05-31 00:47:35+00:00,237.43
2023-05-31 01:03:49+00:00,237.38
2023-05-31 01:09:30+00:00,237.35
2023-05-31 01:09:30+00:00,237.35
2023-05-31 01:09:30+00:00,237.35
2023-05-31 01:15:10+00:00,237.45
2023-05-31 01:15:10+00:00,237.45
2023-05-31 01:15:10+00:00,237.45
2023-05-31 01:20:57+00:00,237.4
2023-05-31 01:20:57+00:00,237.4
2023-05-31 01:26:51+00:00,237.28
2023-05-31 01:26:51+00:00,237.28
2023-05-31 01:26:51+00:00,237.28
2023-05-31 01:26:51+00:00,237.28
2023-05-31 01:33:16+00:00,237.43
2023-05-31 01:33:16+00:00,237.43
2023-05-31 01:33:16+00:00,237.43
2023-05-31 01:39:28+00:00,237.42
2023-05-31 01:39:28+00:00,237.42
2023-05-31 01:45:40+00:00,237.37
2023-05-31 01:45:40+00:00,237.37
2023-05-31 01:51:54+00:00,237.32
2023-05-31 01:51:54+00:00,237.32
2023-05-31 01:51:54+00:00,237.32
2023-05-31 01:51:54+00:00,237.32
2023-05-31 02:04:56+00:00,237.43
2023-05-31 02:04:56+00:00,237.43
2023-05-31 02:04:56+00:00,237.43
2023-05-31 02:11:31+00:00,237.39
2023-05-31 02:11:31+00:00,237.39
2023-05-31 02:25:04+00:00,237.42
2023-05-31 02:25:04+00:00,237.42
2023-05-31 02:25:04+00:00,237.42
2023-05-31 02:39:23+00:00,237.37
2023-05-31 02:39:23+00:00,237.37
2023-05-31 02:46:37+00:00,237.39
2023-05-31 02:46:37+00:00,237.39
2023-05-31 02:53:46+00:00,237.45
2023-05-31 02:53:46+00:00,237.45
2023-05-31 02:53:46+00:00,237.45
2023-05-31 02:53:46+00:00,237.45
2023-05-31 03:01:08+00:00,237.47
2023-05-31 03:01:08+00:00,237.47
2023-05-31 03:08:30+00:00,237.49
2023-05-31 03:08:30+00:00,237.49
2023-05-31 03:16:03+00:00,237.49
2023-05-31 03:16:03+00:00,237.49
2023-05-31 03:16:03+00:00,237.49
2023-05-31 03:23:39+00:00,237.46
2023-05-31 03:23:39+00:00,237.46
2023-05-31 03:23:39+00:00,237.46
2023-05-31 03:23:39+00:00,237.46
2023-05-31 03:46:59+00:00,237.38
2023-05-31 03:46:59+00:00,237.38
2023-05-31 03:55:03+00:00,237.45
2023-05-31 03:55:03+00:00,237.45
2023-05-31 03:55:03+00:00,237.45
2023-05-31 03:55:03+00:00,237.45
2023-05-31 04:03:20+00:00,237.41
2023-05-31 04:03:20+00:00,237.41
2023-05-31 04:03:20+00:00,237.41
2023-05-31 04:11:32+00:00,237.35
2023-05-31 04:11:32+00:00,237.35
2023-05-31 04:11:32+00:00,237.35
2023-05-31 04:11:32+00:00,237.35
2023-05-31 04:19:54+00:00,237.51
2023-05-31 04:37:05+00:00,237.57
2023-05-31 04:37:05+00:00,237.57
2023-05-31 04:45:51+00:00,237.56
2023-05-31 04:45:51+00:00,237.56
2023-05-31 04:45:51+00:00,237.56
2023-05-31 05:03:36+00:00,237.48
2023-05-31 05:03:36+00:00,237.48
2023-05-31 05:12:39+00:00,237.58
2023-05-31 05:12:39+00:00,237.58
2023-05-31 05:12:39+00:00,237.58
2023-05-31 05:31:03+00:00,237.53
2023-05-31 05:31:03+00:00,237.53
2023-05-31 05:40:38+00:00,237.52
2023-05-31 05:50:11+00:00,237.48
2023-05-31 05:50:11+00:00,237.48
2023-05-31 05:50:11+00:00,237.48
2023-05-31 05:50:11+00:00,237.48
2023-05-31 05:50:11+00:00,237.48
2023-05-31 05:50:11+00:00,237.48
2023-05-31 05:50:11+00:00,237.48
2023-05-31 05:59:46+00:00,237.59
2023-05-31 05:59:46+00:00,237.59
2023-05-31 05:59:46+00:00,237.59
2023-05-31 06:09:19+00:00,237.62
2023-05-31 06:09:19+00:00,237.62
2023-05-31 06:09:19+00:00,237.62
2023-05-31 06:19:22+00:00,237.58
2023-05-31 06:29:02+00:00,237.61
2023-05-31 06:48:48+00:00,237.62
2023-05-31 06:48:48+00:00,237.62
2023-05-31 06:58:46+00:00,237.59
2023-05-31 07:08:50+00:00,237.65
2023-05-31 07:08:50+00:00,237.65
2023-05-31 07:08:50+00:00,237.65
2023-05-31 07:08:50+00:00,237.65
2023-05-31 07:19:09+00:00,237.65
2023-05-31 07:19:09+00:00,237.65
2023-05-31 07:19:09+00:00,237.65
2023-05-31 07:29:33+00:00,237.61
2023-05-31 07:29:33+00:00,237.61
2023-05-31 07:29:33+00:00,237.61
2023-05-31 07:29:33+00:00,237.61
2023-05-31 07:40:19+00:00,237.69
2023-05-31 07:40:19+00:00,237.69
2023-05-31 07:40:19+00:00,237.69
2023-05-31 07:40:19+00:00,237.69
2023-05-31 07:50:46+00:00,237.68
2023-05-31 07:50:46+00:00,237.68
2023-05-31 08:01:33+00:00,237.64
2023-05-31 08:12:13+00:00,237.66
2023-05-31 08:23:06+00:00,237.79
2023-05-31 08:34:10+00:00,237.69
2023-05-31 08:34:10+00:00,237.69
2023-05-31 08:34:10+00:00,237.69
2023-05-31 08:45:29+00:00,237.71
2023-05-31 08:45:29+00:00,237.71
2023-05-31 08:45:29+00:00,237.71
2023-05-31 08:56:51+00:00,237.67
2023-05-31 08:56:51+00:00,237.67
2023-05-31 08:56:51+00:00,237.67
2023-05-31 08:56:51+00:00,237.67
2023-05-31 08:56:51+00:00,237.67
2023-05-31 08:56:51+00:00,237.67
2023-05-31 09:31:05+00:00,237.7
2023-05-31 09:31:05+00:00,237.7
2023-05-31 09:47:20+00:00,237.73
2023-05-31 09:58:49+00:00,237.71
2023-05-31 09:58:49+00:00,237.71
2023-05-31 10:10:37+00:00,237.66
2023-05-31 10:10:37+00:00,237.66
2023-05-31 10:10:37+00:00,237.66
2023-05-31 10:22:26+00:00,237.68
2023-05-31 10:34:30+00:00,237.66
2023-05-31 10:34:30+00:00,237.66
2023-05-31 10:46:31+00:00,237.68
2023-05-31 10:58:44+00:00,237.59
2023-05-31 11:11:05+00:00,237.6
2023-05-31 11:11:05+00:00,237.6
2023-05-31 11:23:33+00:00,237.71
2023-05-31 11:23:33+00:00,237.71
2023-05-31 11:23:33+00:00,237.71
2023-05-31 11:36:02+00:00,237.69
2023-05-31 11:48:33+00:00,237.72
2023-05-31 12:01:15+00:00,237.69
2023-05-31 12:01:15+00:00,237.69
2023-05-31 12:14:11+00:00,237.69
2023-05-31 12:14:11+00:00,237.69
2023-05-31 12:14:11+00:00,237.69
2023-05-31 12:27:00+00:00,237.68
2023-05-31 12:27:00+00:00,237.68
2023-05-31 12:27:00+00:00,237.68
2023-05-31 12:53:21+00:00,237.7
2023-05-31 12:53:21+00:00,237.7
2023-05-31 12:53:21+00:00,237.7
2023-05-31 13:07:21+00:00,237.72
2023-05-31 13:07:21+00:00,237.72
2023-05-31 13:20:48+00:00,237.79
2023-05-31 13:20:48+00:00,237.79
2023-05-31 13:20:48+00:00,237.79
2023-05-31 13:20:48+00:00,237.79
2023-05-31 13:20:48+00:00,237.79
2023-05-31 13:34:47+00:00,237.75
2023-05-31 13:48:23+00:00,237.78
2023-05-31 13:48:23+00:00,237.78
2023-05-31 13:48:23+00:00,237.78
2023-05-31 13:48:23+00:00,237.78
2023-05-31 14:02:02+00:00,237.75
2023-05-31 14:02:02+00:00,237.75
2023-05-31 14:16:04+00:00,237.67
2023-05-31 14:16:04+00:00,237.67
2023-05-31 14:30:00+00:00,237.71
2023-05-31 14:30:00+00:00,237.71
2023-05-31 14:44:19+00:00,237.72
2023-05-31 14:44:19+00:00,237.72
2023-05-31 14:58:27+00:00,237.76
2023-05-31 14:58:27+00:00,237.76
2023-05-31 15:12:32+00:00,237.69
2023-05-31 15:12:32+00:00,237.69
2023-05-31 15:12:32+00:00,237.69
2023-05-31 15:12:32+00:00,237.69
2023-05-31 15:26:40+00:00,237.77
2023-05-31 15:26:40+00:00,237.77
2023-05-31 15:26:40+00:00,237.77
2023-05-31 15:41:18+00:00,237.7
2023-05-31 15:41:18+00:00,237.7
2023-05-31 15:56:07+00:00,237.77
2023-05-31 15:56:07+00:00,237.77
2023-05-31 15:56:07+00:00,237.77
2023-05-31 15:56:07+00:00,237.77
2023-05-31 16:10:50+00:00,237.8
2023-05-31 16:41:15+00:00,237.73
2023-05-31 16:56:22+00:00,237.75
2023-05-31 17:41:45+00:00,237.76
2023-05-31 18:28:07+00:00,237.71
2023-05-31 18:43:34+00:00,237.74
2023-05-31 18:59:38+00:00,237.74
2023-05-31 18:59:38+00:00,237.74
2023-05-31 18:59:38+00:00,237.74
2023-05-31 19:16:05+00:00,237.72
2023-05-31 19:16:05+00:00,237.72
2023-05-31 19:32:14+00:00,237.74
2023-05-31 19:32:14+00:00,237.74
2023-05-31 20:04:05+00:00,237.64
2023-05-31 20:04:05+00:00,237.64
2023-05-31 20:04:05+00:00,237.64
2023-05-31 20:04:05+00:00,237.64
2023-05-31 20:20:03+00:00,237.65
2023-05-31 20:20:03+00:00,237.65
2023-05-31 20:36:18+00:00,237.72
2023-05-31 20:36:18+00:00,237.72
2023-05-31 20:53:10+00:00,237.69
2023-05-31 21:09:48+00:00,237.67
2023-05-31 21:09:48+00:00,237.67
2023-05-31 21:43:46+00:00,237.64
2023-05-31 21:43:46+00:00,237.64
2023-05-31 22:00:41+00:00,237.66
2023-05-31 22:34:57+00:00,237.69
2023-05-31 22:52:17+00:00,237.66
2023-05-31 22:52:17+00:00,237.66
2023-05-31 23:27:19+00:00,237.63
2023-05-31 23:27:19+00:00,237.63
2023-05-31 23:45:02+00:00,237.66
2023-05-31 23:45:02+00:00,237.66
2023-06-01 00:03:15+00:00,237.67
2023-06-01 00:03:15+00:00,237.67
2023-06-01 00:21:10+00:00,237.74
2023-06-01 00:21:10+00:00,237.74
2023-06-01 00:39:03+00:00,237.62
2023-06-01 00:56:45+00:00,237.66
2023-06-01 00:56:45+00:00,237.66
2023-06-01 00:56:45+00:00,237.66
2023-06-01 00:56:45+00:00,237.66
2023-06-01 01:14:39+00:00,237.45
2023-06-01 01:14:39+00:00,237.45
2023-06-01 01:32:48+00:00,237.63
2023-06-01 02:46:27+00:00,237.6
2023-06-01 04:01:46+00:00,237.66
2023-06-01 04:01:46+00:00,237.66
2023-06-01 04:39:37+00:00,237.74
2023-06-01 05:18:16+00:00,237.74
2023-06-01 05:18:16+00:00,237.74
2023-06-01 06:17:08+00:00,237.79
2023-06-01 06:37:11+00:00,237.8
2023-06-01 07:37:34+00:00,237.78
2023-06-01 07:37:34+00:00,237.78
2023-06-01 07:57:39+00:00,237.83
2023-06-01 08:17:44+00:00,237.83
2023-06-01 08:17:44+00:00,237.83
2023-06-01 08:17:44+00:00,237.83
2023-06-01 08:38:16+00:00,237.84
2023-06-01 08:38:16+00:00,237.84
2023-06-01 08:58:42+00:00,237.77
2023-06-01 09:19:15+00:00,237.83
2023-06-01 09:19:15+00:00,237.83
2023-06-01 09:39:31+00:00,237.8
2023-06-01 10:21:11+00:00,237.74
2023-06-01 10:42:33+00:00,237.83
2023-06-01 11:04:00+00:00,237.86
2023-06-01 11:04:00+00:00,237.86
2023-06-01 11:25:10+00:00,237.87
2023-06-01 11:25:10+00:00,237.87
2023-06-01 11:46:28+00:00,237.84
2023-06-01 11:46:28+00:00,237.84
2023-06-01 12:08:09+00:00,237.82
2023-06-01 12:08:09+00:00,237.82
2023-06-01 12:51:16+00:00,237.72
2023-06-01 12:51:16+00:00,237.72
2023-06-01 13:34:38+00:00,237.74
2023-06-01 14:18:28+00:00,237.79
2023-06-01 14:18:28+00:00,237.79
2023-06-01 15:47:20+00:00,237.73
2023-06-01 16:09:59+00:00,237.76
2023-06-01 16:56:36+00:00,237.7
2023-06-01 17:20:28+00:00,237.73
2023-06-01 18:29:30+00:00,237.8
2023-06-01 18:29:30+00:00,237.8
2023-06-01 18:29:30+00:00,237.8
2023-06-01 18:29:30+00:00,237.8
2023-06-01 19:42:59+00:00,237.65
2023-06-01 20:06:52+00:00,237.65
2023-06-01 20:30:35+00:00,237.61
2023-06-01 20:30:35+00:00,237.61
2023-06-01 22:31:51+00:00,237.63
2023-06-01 22:31:51+00:00,237.63
2023-06-01 22:56:16+00:00,237.6
2023-06-01 23:45:01+00:00,237.58
2023-06-01 23:45:01+00:00,237.58
2023-06-02 00:59:03+00:00,237.58
2023-06-02 01:24:11+00:00,237.55
2023-06-02 02:14:53+00:00,237.45
2023-06-02 03:05:15+00:00,237.47
2023-06-02 04:21:39+00:00,237.64
2023-06-02 04:47:14+00:00,237.6
2023-06-02 04:47:14+00:00,237.6
2023-06-02 06:05:05+00:00,237.74
2023-06-02 06:05:05+00:00,237.74
2023-06-02 07:23:49+00:00,237.68
2023-06-02 07:50:18+00:00,237.64
2023-06-02 08:43:19+00:00,237.67
2023-06-02 10:03:40+00:00,237.72
2023-06-02 12:47:22+00:00,237.75
2023-06-02 13:15:26+00:00,237.8
2023-06-02 13:42:57+00:00,237.82
2023-06-03 13:24:31+00:00,237.77
2023-06-03 13:41:25+00:00,237.7
2023-06-03 15:48:52+00:00,237.77
2023-06-03 16:20:02+00:00,237.71
2023-06-03 17:21:54+00:00,237.75
2023-06-03 20:31:31+00:00,237.54
2023-06-03 20:31:31+00:00,237.54
2023-06-03 20:34:28+00:00,237.56
2023-06-03 20:35:54+00:00,237.57
2023-06-03 20:39:02+00:00,237.49
2023-06-03 20:40:20+00:00,237.58
2023-06-03 20:40:20+00:00,237.58
2023-06-03 20:40:20+00:00,237.58
2023-06-03 20:44:03+00:00,237.58
2023-06-03 20:48:15+00:00,237.65
2023-06-03 20:48:15+00:00,237.65
2023-06-03 20:50:33+00:00,237.62
2023-06-03 20:50:33+00:00,237.62
2023-06-03 20:52:50+00:00,237.6
2023-06-03 20:52:50+00:00,237.6
2023-06-03 20:57:49+00:00,237.57
2023-06-03 21:03:22+00:00,237.57
2023-06-03 21:03:22+00:00,237.57
2023-06-03 21:03:22+00:00,237.57
2023-06-03 21:03:22+00:00,237.57
2023-06-03 21:06:17+00:00,237.61
2023-06-03 21:09:12+00:00,237.66
2023-06-03 21:25:34+00:00,237.61
2023-06-03 21:29:10+00:00,237.51
2023-06-03 21:32:51+00:00,237.56
2023-06-03 21:36:41+00:00,237.64
2023-06-03 21:36:41+00:00,237.64
2023-06-03 21:36:41+00:00,237.64
2023-06-03 21:40:30+00:00,237.62
2023-06-03 21:48:37+00:00,237.64
2023-06-03 22:01:30+00:00,237.63
2023-06-03 22:01:30+00:00,237.63
2023-06-03 22:01:30+00:00,237.63
2023-06-03 22:06:08+00:00,237.59
2023-06-03 22:06:08+00:00,237.59
2023-06-03 22:06:08+00:00,237.59
2023-06-03 22:10:50+00:00,237.58
2023-06-03 22:15:32+00:00,237.64
2023-06-03 22:25:17+00:00,237.62
2023-06-03 22:30:14+00:00,237.64
2023-06-03 22:30:14+00:00,237.64
2023-06-03 22:30:14+00:00,237.64
2023-06-03 22:35:20+00:00,237.64
2023-06-03 22:35:20+00:00,237.64
2023-06-03 22:45:56+00:00,237.57
2023-06-03 22:56:50+00:00,237.7
2023-06-03 23:02:28+00:00,237.6
2023-06-03 23:02:28+00:00,237.6
2023-06-03 23:08:12+00:00,237.6
2023-06-03 23:08:12+00:00,237.6
2023-06-03 23:14:07+00:00,237.6
2023-06-03 23:20:08+00:00,237.52
2023-06-03 23:20:08+00:00,237.52
2023-06-03 23:38:48+00:00,237.56
2023-06-03 23:38:48+00:00,237.56
2023-06-03 23:45:08+00:00,237.57
2023-06-03 23:51:42+00:00,237.49
2023-06-04 00:18:39+00:00,237.43
2023-06-04 00:25:41+00:00,237.45
2023-06-04 00:25:41+00:00,237.45
2023-06-04 00:25:41+00:00,237.45
2023-06-04 00:32:43+00:00,237.58
2023-06-04 00:54:28+00:00,237.62
2023-06-04 00:54:28+00:00,237.62
2023-06-04 01:02:03+00:00,237.46
2023-06-04 01:09:41+00:00,237.58
2023-06-04 01:17:22+00:00,237.58
2023-06-04 01:17:22+00:00,237.58
2023-06-04 01:17:22+00:00,237.58
2023-06-04 01:25:06+00:00,237.62
2023-06-04 01:25:06+00:00,237.62
2023-06-04 01:25:06+00:00,237.62
2023-06-04 01:32:55+00:00,237.64
2023-06-04 01:32:55+00:00,237.64
2023-06-04 01:40:50+00:00,237.55
2023-06-04 01:49:00+00:00,237.49
2023-06-04 02:05:28+00:00,237.54
2023-06-04 02:31:16+00:00,237.47
2023-06-04 02:57:36+00:00,237.54
2023-06-04 03:06:31+00:00,237.57
2023-06-04 04:53:14+00:00,237.57
2023-06-04 05:03:31+00:00,237.49
2023-06-04 05:35:14+00:00,237.47
2023-06-04 06:18:08+00:00,237.45
2023-06-04 06:18:08+00:00,237.45
2023-06-04 06:29:12+00:00,237.53
2023-06-04 06:40:35+00:00,237.4
2023-06-04 07:38:11+00:00,237.53
2023-06-04 08:38:06+00:00,237.65
2023-06-04 09:28:03+00:00,237.69
2023-06-04 12:16:52+00:00,237.35
2023-06-04 12:16:52+00:00,237.35
2023-06-04 12:16:52+00:00,237.35
2023-06-04 12:16:52+00:00,237.35
2023-06-04 12:18:11+00:00,237.29
2023-06-04 12:18:11+00:00,237.29
2023-06-04 12:19:36+00:00,237.35
2023-06-04 12:21:10+00:00,237.36
2023-06-04 12:21:10+00:00,237.36
2023-06-04 12:22:47+00:00,237.49
2023-06-04 12:22:47+00:00,237.49
2023-06-04 12:22:47+00:00,237.49
2023-06-04 12:22:47+00:00,237.49
2023-06-04 12:22:47+00:00,237.49
2023-06-04 12:24:05+00:00,237.5
2023-06-04 12:24:05+00:00,237.5
2023-06-04 12:24:05+00:00,237.5
2023-06-04 12:24:05+00:00,237.5
2023-06-04 12:24:05+00:00,237.5
2023-06-04 12:25:55+00:00,237.52
2023-06-04 12:25:55+00:00,237.52
2023-06-04 12:27:50+00:00,237.55
2023-06-04 12:27:50+00:00,237.55
2023-06-04 12:27:50+00:00,237.55
2023-06-04 12:27:50+00:00,237.55
2023-06-04 12:29:53+00:00,237.48
2023-06-04 12:29:53+00:00,237.48
2023-06-04 12:29:53+00:00,237.48
2023-06-04 12:29:53+00:00,237.48
2023-06-04 12:29:53+00:00,237.48
2023-06-04 12:29:53+00:00,237.48
2023-06-04 12:29:53+00:00,237.48
2023-06-04 12:29:53+00:00,237.48
2023-06-04 12:32:01+00:00,237.5
2023-06-04 12:32:01+00:00,237.5
2023-06-04 12:34:13+00:00,237.56
2023-06-04 12:34:13+00:00,237.56
2023-06-04 12:34:13+00:00,237.56
2023-06-04 12:36:31+00:00,237.43
2023-06-04 12:36:31+00:00,237.43
2023-06-04 12:38:55+00:00,237.56
2023-06-04 12:44:06+00:00,237.61
2023-06-04 12:44:06+00:00,237.61
2023-06-04 12:44:06+00:00,237.61
2023-06-04 12:46:50+00:00,237.51
2023-06-04 12:46:50+00:00,237.51
2023-06-04 12:46:50+00:00,237.51
2023-06-04 12:46:50+00:00,237.51
2023-06-04 12:46:50+00:00,237.51
2023-06-04 12:46:50+00:00,237.51
2023-06-04 12:49:41+00:00,237.49
2023-06-04 12:49:41+00:00,237.49
2023-06-04 12:49:41+00:00,237.49
2023-06-04 12:49:41+00:00,237.49
2023-06-04 12:49:41+00:00,237.49
2023-06-04 12:52:39+00:00,237.5
2023-06-04 12:52:39+00:00,237.5
2023-06-04 12:52:39+00:00,237.5
2023-06-04 12:52:39+00:00,237.5
2023-06-04 12:55:46+00:00,237.45
2023-06-04 12:55:46+00:00,237.45
2023-06-04 12:55:46+00:00,237.45
2023-06-04 12:55:46+00:00,237.45
2023-06-04 12:55:46+00:00,237.45
2023-06-04 12:58:52+00:00,237.41
2023-06-04 12:58:52+00:00,237.41
2023-06-04 12:58:52+00:00,237.41
2023-06-04 13:02:14+00:00,237.4
2023-06-04 13:02:14+00:00,237.4
2023-06-04 13:02:14+00:00,237.4
2023-06-04 13:02:14+00:00,237.4
2023-06-04 13:05:33+00:00,237.55
2023-06-04 13:05:33+00:00,237.55
2023-06-04 13:05:33+00:00,237.55
2023-06-04 13:05:33+00:00,237.55
2023-06-04 13:05:33+00:00,237.55
2023-06-04 13:08:58+00:00,237.44
2023-06-04 13:12:31+00:00,237.38
2023-06-04 13:12:31+00:00,237.38
2023-06-04 13:16:12+00:00,237.45
2023-06-04 13:16:12+00:00,237.45
2023-06-04 13:16:12+00:00,237.45
2023-06-04 13:16:12+00:00,237.45
2023-06-04 13:19:54+00:00,237.35
2023-06-04 13:19:54+00:00,237.35
2023-06-04 13:19:54+00:00,237.35
2023-06-04 13:19:54+00:00,237.35
2023-06-04 13:23:44+00:00,237.46
2023-06-04 13:23:44+00:00,237.46
2023-06-04 13:27:41+00:00,237.42
2023-06-04 13:27:41+00:00,237.42
2023-06-04 13:31:42+00:00,237.4
2023-06-04 13:31:42+00:00,237.4
2023-06-04 13:31:42+00:00,237.4
2023-06-04 13:35:49+00:00,237.39
2023-06-04 13:35:49+00:00,237.39
2023-06-04 13:35:49+00:00,237.39
2023-06-04 13:40:03+00:00,237.43
2023-06-04 13:40:03+00:00,237.43
2023-06-04 13:40:03+00:00,237.43
2023-06-04 13:44:25+00:00,237.38
2023-06-04 13:44:25+00:00,237.38
2023-06-04 13:44:25+00:00,237.38
2023-06-04 13:48:54+00:00,237.38
2023-06-04 13:48:54+00:00,237.38
2023-06-04 13:53:33+00:00,237.38
2023-06-04 13:58:13+00:00,237.4
2023-06-04 13:58:13+00:00,237.4
2023-06-04 13:58:13+00:00,237.4
2023-06-04 14:02:56+00:00,237.35
2023-06-04 14:02:56+00:00,237.35
2023-06-04 14:02:56+00:00,237.35
2023-06-04 14:07:48+00:00,237.45
2023-06-04 14:12:42+00:00,237.24
2023-06-04 14:17:45+00:00,237.41
2023-06-04 14:17:45+00:00,237.41
2023-06-04 14:17:45+00:00,237.41
2023-06-04 14:17:45+00:00,237.41
2023-06-04 14:22:54+00:00,237.34
2023-06-04 14:22:54+00:00,237.34
2023-06-04 14:22:54+00:00,237.34
2023-06-04 14:28:20+00:00,237.42
2023-06-04 14:28:20+00:00,237.42
2023-06-04 14:28:20+00:00,237.42
2023-06-04 14:33:43+00:00,237.3
2023-06-04 14:33:43+00:00,237.3
2023-06-04 14:33:43+00:00,237.3
2023-06-04 14:33:43+00:00,237.3
2023-06-04 14:39:26+00:00,237.37
2023-06-04 14:45:16+00:00,237.33
2023-06-04 14:45:16+00:00,237.33
2023-06-04 14:45:16+00:00,237.33
2023-06-04 14:45:16+00:00,237.33
2023-06-04 14:50:59+00:00,237.42
2023-06-04 14:56:55+00:00,237.42
2023-06-04 15:02:49+00:00,237.44
2023-06-04 15:02:49+00:00,237.44
2023-06-04 15:02:49+00:00,237.44
2023-06-04 15:08:59+00:00,237.4
2023-06-04 15:08:59+00:00,237.4
2023-06-04 15:08:59+00:00,237.4
2023-06-04 15:08:59+00:00,237.4
2023-06-04 15:15:04+00:00,237.45
2023-06-04 15:15:04+00:00,237.45
2023-06-04 15:15:04+00:00,237.45
2023-06-04 15:15:04+00:00,237.45
2023-06-04 15:15:04+00:00,237.45
2023-06-04 15:21:33+00:00,237.44
2023-06-04 15:21:33+00:00,237.44
2023-06-04 15:27:57+00:00,237.46
2023-06-04 15:27:57+00:00,237.46
2023-06-04 15:27:57+00:00,237.46
2023-06-04 15:34:22+00:00,237.42
2023-06-04 15:34:22+00:00,237.42
2023-06-04 15:34:22+00:00,237.42
2023-06-04 15:34:22+00:00,237.42
2023-06-04 15:40:50+00:00,237.51
2023-06-04 15:40:50+00:00,237.51
2023-06-04 15:40:50+00:00,237.51
2023-06-04 15:54:10+00:00,237.48
2023-06-04 15:54:10+00:00,237.48
2023-06-04 16:00:59+00:00,237.42
2023-06-04 16:00:59+00:00,237.42
2023-06-04 16:00:59+00:00,237.42
2023-06-04 16:00:59+00:00,237.42
2023-06-04 16:00:59+00:00,237.42
2023-06-04 16:07:57+00:00,237.51
2023-06-04 16:15:04+00:00,237.44
2023-06-04 16:15:04+00:00,237.44
2023-06-04 16:22:11+00:00,237.4
2023-06-04 16:22:11+00:00,237.4
2023-06-04 16:22:11+00:00,237.4
2023-06-04 16:29:26+00:00,237.5
2023-06-04 16:29:26+00:00,237.5
2023-06-04 16:36:55+00:00,237.34
2023-06-04 16:36:55+00:00,237.34
2023-06-04 16:36:55+00:00,237.34
2023-06-04 16:36:55+00:00,237.34
2023-06-04 16:51:58+00:00,237.44
2023-06-04 16:51:58+00:00,237.44
2023-06-04 16:51:58+00:00,237.44
2023-06-04 16:51:58+00:00,237.44
2023-06-04 16:51:58+00:00,237.44
2023-06-04 16:59:39+00:00,237.45
2023-06-04 16:59:39+00:00,237.45
2023-06-04 16:59:39+00:00,237.45
2023-06-04 16:59:39+00:00,237.45
2023-06-04 17:07:37+00:00,237.46
2023-06-04 17:07:37+00:00,237.46
2023-06-04 17:07:37+00:00,237.46
2023-06-04 17:07:37+00:00,237.46
2023-06-04 17:07:37+00:00,237.46
2023-06-04 17:07:37+00:00,237.46
2023-06-04 17:15:25+00:00,237.49
2023-06-04 17:31:20+00:00,237.38
2023-06-04 17:31:20+00:00,237.38
2023-06-04 17:31:20+00:00,237.38
2023-06-04 17:39:39+00:00,237.37
2023-06-04 17:39:39+00:00,237.37
2023-06-04 17:39:39+00:00,237.37
2023-06-04 17:48:00+00:00,237.44
2023-06-04 17:48:00+00:00,237.44
2023-06-04 17:48:00+00:00,237.44
2023-06-04 17:56:17+00:00,237.38
2023-06-04 17:56:17+00:00,237.38
2023-06-04 18:13:10+00:00,237.39
2023-06-04 18:13:10+00:00,237.39
2023-06-04 18:21:41+00:00,237.4
2023-06-04 18:21:41+00:00,237.4
2023-06-04 18:30:28+00:00,237.42
2023-06-04 18:30:28+00:00,237.42
2023-06-04 18:30:28+00:00,237.42
2023-06-04 18:49:10+00:00,237.31
2023-06-04 18:49:10+00:00,237.31
2023-06-04 18:58:09+00:00,237.45
2023-06-04 18:58:09+00:00,237.45
2023-06-04 18:58:09+00:00,237.45
2023-06-04 19:07:21+00:00,237.35
2023-06-04 19:07:21+00:00,237.35
2023-06-04 19:07:21+00:00,237.35
2023-06-04 19:16:41+00:00,237.45
2023-06-04 19:26:01+00:00,237.45
2023-06-04 19:26:01+00:00,237.45
2023-06-04 19:26:01+00:00,237.45
2023-06-04 19:35:25+00:00,237.39
2023-06-04 19:35:25+00:00,237.39
2023-06-04 19:35:25+00:00,237.39
2023-06-04 19:35:25+00:00,237.39
2023-06-04 19:35:25+00:00,237.39
2023-06-04 19:44:59+00:00,237.38
2023-06-04 19:54:38+00:00,237.35
2023-06-04 19:54:38+00:00,237.35
2023-06-04 19:54:38+00:00,237.35
2023-06-04 19:54:38+00:00,237.35
2023-06-04 20:04:30+00:00,237.26
2023-06-04 20:04:30+00:00,237.26
2023-06-04 20:14:28+00:00,237.39
2023-06-04 20:24:35+00:00,237.33
2023-06-04 20:24:35+00:00,237.33
2023-06-04 20:24:35+00:00,237.33
2023-06-04 20:24:35+00:00,237.33
2023-06-04 20:34:36+00:00,237.47
2023-06-04 20:34:36+00:00,237.47
2023-06-04 20:34:36+00:00,237.47
2023-06-04 20:34:36+00:00,237.47
2023-06-04 20:34:36+00:00,237.47
2023-06-04 20:34:36+00:00,237.47
2023-06-04 20:44:49+00:00,237.39
2023-06-04 20:44:49+00:00,237.39
2023-06-04 20:55:10+00:00,237.45
2023-06-04 20:55:10+00:00,237.45
2023-06-04 21:05:33+00:00,237.36
2023-06-04 21:16:01+00:00,237.39
2023-06-04 21:16:01+00:00,237.39
2023-06-04 21:16:01+00:00,237.39
2023-06-04 21:26:34+00:00,237.42
2023-06-04 21:37:17+00:00,237.43
2023-06-04 21:59:01+00:00,237.36
2023-06-04 21:59:01+00:00,237.36
2023-06-04 21:59:01+00:00,237.36
2023-06-04 21:59:01+00:00,237.36
2023-06-04 21:59:01+00:00,237.36
2023-06-04 22:32:32+00:00,237.3
2023-06-04 22:32:32+00:00,237.3
2023-06-04 22:44:02+00:00,237.31
2023-06-04 22:55:41+00:00,237.31
2023-06-04 23:07:25+00:00,237.26
2023-06-04 23:18:58+00:00,237.41
2023-06-04 23:30:38+00:00,237.35
2023-06-04 23:42:26+00:00,237.33
2023-06-04 23:42:26+00:00,237.33
2023-06-04 23:42:26+00:00,237.33
2023-06-04 23:42:26+00:00,237.33
2023-06-04 23:54:21+00:00,237.32
2023-06-04 23:54:21+00:00,237.32
2023-06-05 00:06:37+00:00,237.28
2023-06-05 00:06:37+00:00,237.28
2023-06-05 00:06:37+00:00,237.28
2023-06-05 00:06:37+00:00,237.28
2023-06-05 00:18:41+00:00,237.32
2023-06-05 00:18:41+00:00,237.32
2023-06-05 00:18:41+00:00,237.32
2023-06-05 00:18:41+00:00,237.32
2023-06-05 00:30:54+00:00,237.35
2023-06-05 00:30:54+00:00,237.35
2023-06-05 00:30:54+00:00,237.35
2023-06-05 00:43:20+00:00,237.44
2023-06-05 00:43:20+00:00,237.44
2023-06-05 00:43:20+00:00,237.44
2023-06-05 01:21:31+00:00,237.31
2023-06-05 01:21:31+00:00,237.31
2023-06-05 01:34:26+00:00,237.32
2023-06-05 01:34:26+00:00,237.32
2023-06-05 01:34:26+00:00,237.32
2023-06-05 01:47:20+00:00,237.36
2023-06-05 01:47:20+00:00,237.36
2023-06-05 01:47:20+00:00,237.36
2023-06-05 01:47:20+00:00,237.36
2023-06-05 02:00:33+00:00,237.36
2023-06-05 02:13:40+00:00,237.4
2023-06-05 02:13:40+00:00,237.4
2023-06-05 02:13:40+00:00,237.4
2023-06-05 02:13:40+00:00,237.4
2023-06-05 02:13:40+00:00,237.4
2023-06-05 02:13:40+00:00,237.4
2023-06-05 02:27:02+00:00,237.34
2023-06-05 02:27:02+00:00,237.34
2023-06-05 02:40:18+00:00,237.36
2023-06-05 02:54:20+00:00,237.34
2023-06-05 02:54:20+00:00,237.34
2023-06-05 03:07:50+00:00,237.32
2023-06-05 03:07:50+00:00,237.32
2023-06-05 03:21:28+00:00,237.35
2023-06-05 03:34:57+00:00,237.38
2023-06-05 03:34:57+00:00,237.38
2023-06-05 03:34:57+00:00,237.38
2023-06-05 03:34:57+00:00,237.38
2023-06-05 03:34:57+00:00,237.38
2023-06-05 03:34:57+00:00,237.38
2023-06-05 04:16:15+00:00,237.47
2023-06-05 04:16:15+00:00,237.47
2023-06-05 04:16:15+00:00,237.47
2023-06-05 04:16:15+00:00,237.47
2023-06-05 04:30:21+00:00,237.49
2023-06-05 04:30:21+00:00,237.49
2023-06-05 04:30:21+00:00,237.49
2023-06-05 04:30:21+00:00,237.49
2023-06-05 04:30:21+00:00,237.49
2023-06-05 05:13:50+00:00,237.59
2023-06-05 05:13:50+00:00,237.59
2023-06-05 05:43:07+00:00,237.29
2023-06-05 05:57:39+00:00,237.32
2023-06-05 05:57:39+00:00,237.32
2023-06-05 06:12:33+00:00,237.37
2023-06-05 06:12:33+00:00,237.37
2023-06-05 06:27:25+00:00,237.3
2023-06-05 06:27:25+00:00,237.3
2023-06-05 06:42:17+00:00,237.21
2023-06-05 06:57:33+00:00,237.45
2023-06-05 06:57:33+00:00,237.45
2023-06-05 06:57:33+00:00,237.45
2023-06-05 07:13:21+00:00,237.54
2023-06-05 07:13:21+00:00,237.54
2023-06-05 07:13:21+00:00,237.54
2023-06-05 07:44:00+00:00,237.36
2023-06-05 07:59:31+00:00,237.43
2023-06-05 08:15:27+00:00,237.49
2023-06-05 08:46:59+00:00,237.46
2023-06-05 09:03:02+00:00,237.49
2023-06-05 09:03:02+00:00,237.49
2023-06-05 09:19:02+00:00,237.53
2023-06-05 09:19:02+00:00,237.53
2023-06-05 09:35:03+00:00,237.46
2023-06-05 09:35:03+00:00,237.46
2023-06-05 10:07:36+00:00,237.55
2023-06-05 10:07:36+00:00,237.55
2023-06-05 10:07:36+00:00,237.55
2023-06-05 10:40:54+00:00,237.45
2023-06-05 10:40:54+00:00,237.45
2023-06-05 10:57:43+00:00,237.42
2023-06-05 11:14:23+00:00,237.44
2023-06-05 11:14:23+00:00,237.44
2023-06-05 11:31:01+00:00,237.49
2023-06-05 11:31:01+00:00,237.49
2023-06-05 11:47:50+00:00,237.45
2023-06-05 12:04:38+00:00,237.52
2023-06-05 12:04:38+00:00,237.52
2023-06-05 12:21:45+00:00,237.44
2023-06-05 12:21:45+00:00,237.44
2023-06-05 12:38:50+00:00,237.42
2023-06-05 12:56:13+00:00,237.51
2023-06-05 13:13:24+00:00,237.64
2023-06-05 13:13:24+00:00,237.64
2023-06-05 13:30:44+00:00,237.62
2023-06-05 13:30:44+00:00,237.62
2023-06-05 13:30:44+00:00,237.62
2023-06-05 13:48:32+00:00,237.63
2023-06-05 13:48:32+00:00,237.63
2023-06-05 13:48:32+00:00,237.63
2023-06-05 13:48:32+00:00,237.63
2023-06-05 14:06:05+00:00,237.67
2023-06-05 14:23:54+00:00,237.69
2023-06-05 14:23:54+00:00,237.69
2023-06-05 14:23:54+00:00,237.69
2023-06-05 14:42:06+00:00,237.63
2023-06-05 14:42:06+00:00,237.63
2023-06-05 15:00:21+00:00,237.64
2023-06-05 15:00:21+00:00,237.64
2023-06-05 15:36:43+00:00,237.71
2023-06-05 15:36:43+00:00,237.71
2023-06-05 15:55:05+00:00,237.6
2023-06-05 15:55:05+00:00,237.6
2023-06-05 15:55:05+00:00,237.6
2023-06-05 16:51:16+00:00,237.62
2023-06-05 16:51:16+00:00,237.62
2023-06-05 16:51:16+00:00,237.62
2023-06-05 17:29:06+00:00,237.58
2023-06-05 17:48:28+00:00,237.6
2023-06-05 17:48:28+00:00,237.6
2023-06-05 18:07:39+00:00,237.6
2023-06-05 18:27:01+00:00,237.59
2023-06-05 18:27:01+00:00,237.59
2023-06-05 18:46:27+00:00,237.61
2023-06-05 19:05:59+00:00,237.58
2023-06-05 19:05:59+00:00,237.58
2023-06-05 19:45:31+00:00,237.62
2023-06-05 20:05:38+00:00,237.59
2023-06-05 20:05:38+00:00,237.59
2023-06-05 20:05:38+00:00,237.59
2023-06-05 20:25:23+00:00,237.64
2023-06-05 20:45:40+00:00,237.55
2023-06-05 20:45:40+00:00,237.55
2023-06-05 20:45:40+00:00,237.55
2023-06-05 21:05:52+00:00,237.57
2023-06-05 21:05:52+00:00,237.57
2023-06-05 21:26:29+00:00,237.49
2023-06-05 21:26:29+00:00,237.49
2023-06-05 21:46:54+00:00,237.56
2023-06-05 21:46:54+00:00,237.56
2023-06-05 21:46:54+00:00,237.56
2023-06-05 22:07:16+00:00,237.5
2023-06-05 22:47:59+00:00,237.38
2023-06-05 23:29:32+00:00,237.54
2023-06-05 23:29:32+00:00,237.54
2023-06-05 23:50:41+00:00,237.4
2023-06-06 00:53:53+00:00,237.52
2023-06-06 01:15:23+00:00,237.56
2023-06-06 01:59:14+00:00,237.34
2023-06-06 02:42:44+00:00,237.43
2023-06-06 02:42:44+00:00,237.43
2023-06-06 03:48:37+00:00,237.43
2023-06-06 04:10:37+00:00,237.4
2023-06-06 04:10:37+00:00,237.4
2023-06-06 04:10:37+00:00,237.4
2023-06-06 04:32:59+00:00,237.46
2023-06-06 04:55:21+00:00,237.48
2023-06-06 04:55:21+00:00,237.48
2023-06-06 05:18:02+00:00,237.42
2023-06-06 05:41:08+00:00,237.62
2023-06-06 06:03:35+00:00,237.58
2023-06-06 06:26:46+00:00,237.61
2023-06-06 06:26:46+00:00,237.61
2023-06-06 06:26:46+00:00,237.61
2023-06-06 06:26:46+00:00,237.61
2023-06-06 06:50:07+00:00,237.64
2023-06-06 07:36:15+00:00,237.58
2023-06-06 08:23:20+00:00,237.66
2023-06-06 08:23:20+00:00,237.66
2023-06-06 08:46:59+00:00,237.74
2023-06-06 09:10:41+00:00,237.74
2023-06-06 09:34:17+00:00,237.68
2023-06-06 10:47:00+00:00,237.77
2023-06-06 10:47:00+00:00,237.77
2023-06-06 11:12:02+00:00,237.79
2023-06-06 11:36:24+00:00,237.6
2023-06-06 11:36:24+00:00,237.6
2023-06-06 14:07:50+00:00,237.79
2023-06-06 15:23:10+00:00,237.69
2023-06-06 16:13:38+00:00,237.7
2023-06-06 16:38:47+00:00,237.7
2023-06-06 17:29:27+00:00,237.69
2023-06-06 18:47:09+00:00,237.69
2023-06-06 19:13:12+00:00,237.69
2023-06-06 20:04:44+00:00,237.63
2023-06-06 20:31:07+00:00,237.58
2023-06-06 21:23:43+00:00,237.66
2023-06-06 21:23:43+00:00,237.66
2023-06-06 22:43:38+00:00,237.56
2023-06-06 22:43:38+00:00,237.56
2023-06-07 00:32:08+00:00,237.54
2023-06-07 00:59:44+00:00,237.58
2023-06-07 01:54:53+00:00,237.47
2023-06-07 01:54:53+00:00,237.47
2023-06-07 03:18:42+00:00,237.58
2023-06-07 03:46:31+00:00,237.65
2023-06-07 04:14:45+00:00,237.63
2023-06-07 04:14:45+00:00,237.63
2023-06-07 04:14:45+00:00,237.63
2023-06-07 04:42:46+00:00,237.67
2023-06-07 05:11:05+00:00,237.63
2023-06-07 05:39:57+00:00,237.64
2023-06-07 07:06:33+00:00,237.45
2023-06-07 08:04:14+00:00,237.67
2023-06-07 08:33:31+00:00,237.7
2023-06-07 09:02:30+00:00,237.62
2023-06-07 09:02:30+00:00,237.62
2023-06-07 10:32:06+00:00,237.77
2023-06-07 10:32:06+00:00,237.77
2023-06-07 11:31:39+00:00,237.72
2023-06-07 12:31:01+00:00,237.72
2023-06-07 13:00:33+00:00,237.76
2023-06-07 13:30:29+00:00,237.73
2023-06-07 14:31:34+00:00,237.68
2023-06-07 17:35:00+00:00,237.67
2023-06-07 19:09:07+00:00,237.69
2023-06-07 22:17:59+00:00,237.51
2023-06-07 23:22:40+00:00,237.5
2023-06-07 23:27:02+00:00,237.47
2023-06-07 23:28:32+00:00,237.56
2023-06-07 23:33:16+00:00,237.49
2023-06-07 23:39:21+00:00,237.51
2023-06-07 23:57:50+00:00,237.46
2023-06-08 00:07:14+00:00,237.4
2023-06-08 00:17:23+00:00,237.6
2023-06-08 00:36:30+00:00,237.58
2023-06-08 00:59:43+00:00,237.26
2023-06-08 00:59:43+00:00,237.26
2023-06-08 00:59:43+00:00,237.26
2023-06-08 01:01:21+00:00,237.37
2023-06-08 01:01:21+00:00,237.37
2023-06-08 01:01:21+00:00,237.37
2023-06-08 01:01:21+00:00,237.37
2023-06-08 01:02:39+00:00,237.4
2023-06-08 01:02:39+00:00,237.4
2023-06-08 01:02:39+00:00,237.4
2023-06-08 01:04:04+00:00,237.42
2023-06-08 01:04:04+00:00,237.42
2023-06-08 01:05:36+00:00,237.5
2023-06-08 01:05:36+00:00,237.5
2023-06-08 01:05:36+00:00,237.5
2023-06-08 01:05:36+00:00,237.5
2023-06-08 01:05:36+00:00,237.5
2023-06-08 01:07:12+00:00,237.48
2023-06-08 01:07:12+00:00,237.48
2023-06-08 01:08:32+00:00,237.48
2023-06-08 01:08:32+00:00,237.48
2023-06-08 01:08:32+00:00,237.48
2023-06-08 01:08:32+00:00,237.48
2023-06-08 01:10:24+00:00,237.41
2023-06-08 01:10:24+00:00,237.41
2023-06-08 01:10:24+00:00,237.41
2023-06-08 01:10:24+00:00,237.41
2023-06-08 01:12:19+00:00,237.4
2023-06-08 01:12:19+00:00,237.4
2023-06-08 01:12:19+00:00,237.4
2023-06-08 01:14:22+00:00,237.43
2023-06-08 01:14:22+00:00,237.43
2023-06-08 01:14:22+00:00,237.43
2023-06-08 01:16:32+00:00,237.39
2023-06-08 01:18:47+00:00,237.44
2023-06-08 01:18:47+00:00,237.44
2023-06-08 01:18:47+00:00,237.44
2023-06-08 01:18:47+00:00,237.44
2023-06-08 01:18:47+00:00,237.44
2023-06-08 01:21:07+00:00,237.5
2023-06-08 01:21:07+00:00,237.5
2023-06-08 01:21:07+00:00,237.5
2023-06-08 01:23:33+00:00,237.49
2023-06-08 01:23:33+00:00,237.49
2023-06-08 01:23:33+00:00,237.49
2023-06-08 01:23:33+00:00,237.49
2023-06-08 01:23:33+00:00,237.49
2023-06-08 01:23:33+00:00,237.49
2023-06-08 01:23:33+00:00,237.49
2023-06-08 01:26:10+00:00,237.51
2023-06-08 01:26:10+00:00,237.51
2023-06-08 01:26:10+00:00,237.51
2023-06-08 01:28:49+00:00,237.44
2023-06-08 01:28:49+00:00,237.44
2023-06-08 01:31:37+00:00,237.53
2023-06-08 01:31:37+00:00,237.53
2023-06-08 01:34:34+00:00,237.5
2023-06-08 01:34:34+00:00,237.5
2023-06-08 01:37:30+00:00,237.38
2023-06-08 01:37:30+00:00,237.38
2023-06-08 01:40:34+00:00,237.44
2023-06-08 01:40:34+00:00,237.44
2023-06-08 01:40:34+00:00,237.44
2023-06-08 01:40:34+00:00,237.44
2023-06-08 01:43:40+00:00,237.56
2023-06-08 01:43:40+00:00,237.56
2023-06-08 01:47:00+00:00,237.41
2023-06-08 01:47:00+00:00,237.41
2023-06-08 01:47:00+00:00,237.41
2023-06-08 01:47:00+00:00,237.41
2023-06-08 01:50:23+00:00,237.36
2023-06-08 01:50:23+00:00,237.36
2023-06-08 01:50:23+00:00,237.36
2023-06-08 01:53:49+00:00,237.51
2023-06-08 01:57:27+00:00,237.42
2023-06-08 01:57:27+00:00,237.42
2023-06-08 01:57:27+00:00,237.42
2023-06-08 01:57:27+00:00,237.42
2023-06-08 01:57:27+00:00,237.42
2023-06-08 02:01:13+00:00,237.48
2023-06-08 02:01:13+00:00,237.48
2023-06-08 02:01:13+00:00,237.48
2023-06-08 02:08:54+00:00,237.43
2023-06-08 02:08:54+00:00,237.43
2023-06-08 02:08:54+00:00,237.43
2023-06-08 02:08:54+00:00,237.43
2023-06-08 02:12:49+00:00,237.39
2023-06-08 02:17:01+00:00,237.43
2023-06-08 02:17:01+00:00,237.43
2023-06-08 02:17:01+00:00,237.43
2023-06-08 02:21:16+00:00,237.46
2023-06-08 02:21:16+00:00,237.46
2023-06-08 02:21:16+00:00,237.46
2023-06-08 02:25:41+00:00,237.38
2023-06-08 02:25:41+00:00,237.38
2023-06-08 02:25:41+00:00,237.38
2023-06-08 02:25:41+00:00,237.38
2023-06-08 02:25:41+00:00,237.38
2023-06-08 02:30:04+00:00,237.5
2023-06-08 02:30:04+00:00,237.5
2023-06-08 02:30:04+00:00,237.5
2023-06-08 02:30:04+00:00,237.5
2023-06-08 02:34:33+00:00,237.56
2023-06-08 02:34:33+00:00,237.56
2023-06-08 02:34:33+00:00,237.56
2023-06-08 02:34:33+00:00,237.56
2023-06-08 02:34:33+00:00,237.56
2023-06-08 02:39:03+00:00,237.48
2023-06-08 02:39:03+00:00,237.48
2023-06-08 02:39:03+00:00,237.48
2023-06-08 02:39:03+00:00,237.48
2023-06-08 02:43:48+00:00,237.58
2023-06-08 02:43:48+00:00,237.58
2023-06-08 02:43:48+00:00,237.58
2023-06-08 02:48:38+00:00,237.52
2023-06-08 02:48:38+00:00,237.52
2023-06-08 02:53:30+00:00,237.56
2023-06-08 02:53:30+00:00,237.56
2023-06-08 02:53:30+00:00,237.56
2023-06-08 02:53:30+00:00,237.56
2023-06-08 02:53:30+00:00,237.56
2023-06-08 02:58:33+00:00,237.53
2023-06-08 02:58:33+00:00,237.53
2023-06-08 03:08:52+00:00,237.62
2023-06-08 03:08:52+00:00,237.62
2023-06-08 03:14:22+00:00,237.55
2023-06-08 03:14:22+00:00,237.55
2023-06-08 03:14:22+00:00,237.55
2023-06-08 03:19:44+00:00,237.59
2023-06-08 03:19:44+00:00,237.59
2023-06-08 03:19:44+00:00,237.59
2023-06-08 03:19:44+00:00,237.59
2023-06-08 03:25:13+00:00,237.48
2023-06-08 03:25:13+00:00,237.48
2023-06-08 03:25:13+00:00,237.48
2023-06-08 03:36:31+00:00,237.52
2023-06-08 03:36:31+00:00,237.52
2023-06-08 03:36:31+00:00,237.52
2023-06-08 03:36:31+00:00,237.52
2023-06-08 03:42:21+00:00,237.58
2023-06-08 03:42:21+00:00,237.58
2023-06-08 03:42:21+00:00,237.58
2023-06-08 03:48:15+00:00,237.71
2023-06-08 03:54:15+00:00,237.6
2023-06-08 03:54:15+00:00,237.6
2023-06-08 04:00:20+00:00,237.46
2023-06-08 04:06:30+00:00,237.5
2023-06-08 04:12:53+00:00,237.57
2023-06-08 04:19:14+00:00,237.47
2023-06-08 04:19:14+00:00,237.47
2023-06-08 04:26:11+00:00,237.5
2023-06-08 04:32:59+00:00,237.54
2023-06-08 04:46:52+00:00,237.52
2023-06-08 04:46:52+00:00,237.52
2023-06-08 04:53:51+00:00,237.56
2023-06-08 04:53:51+00:00,237.56
2023-06-08 04:53:51+00:00,237.56
2023-06-08 05:00:47+00:00,237.57
2023-06-08 05:00:47+00:00,237.57
2023-06-08 05:00:47+00:00,237.57
2023-06-08 05:00:47+00:00,237.57
2023-06-08 05:00:47+00:00,237.57
2023-06-08 05:07:55+00:00,237.4
2023-06-08 05:07:55+00:00,237.4
2023-06-08 05:07:55+00:00,237.4
2023-06-08 05:22:31+00:00,237.46
2023-06-08 05:22:31+00:00,237.46
2023-06-08 05:22:31+00:00,237.46
2023-06-08 05:22:31+00:00,237.46
2023-06-08 05:30:00+00:00,237.48
2023-06-08 05:30:00+00:00,237.48
2023-06-08 05:30:00+00:00,237.48
2023-06-08 05:37:38+00:00,237.5
2023-06-08 05:45:19+00:00,237.56
2023-06-08 05:45:19+00:00,237.56
2023-06-08 05:45:19+00:00,237.56
2023-06-08 05:53:12+00:00,237.55
2023-06-08 05:53:12+00:00,237.55
2023-06-08 05:53:12+00:00,237.55
2023-06-08 05:53:12+00:00,237.55
2023-06-08 06:01:07+00:00,237.52
2023-06-08 06:01:07+00:00,237.52
2023-06-08 06:01:07+00:00,237.52
2023-06-08 06:09:14+00:00,237.66
2023-06-08 06:09:14+00:00,237.66
2023-06-08 06:17:40+00:00,237.57
2023-06-08 06:17:40+00:00,237.57
2023-06-08 06:17:40+00:00,237.57
2023-06-08 06:25:50+00:00,237.59
2023-06-08 06:25:50+00:00,237.59
2023-06-08 06:34:22+00:00,237.57
2023-06-08 06:34:22+00:00,237.57
2023-06-08 06:34:22+00:00,237.57
2023-06-08 06:42:50+00:00,237.6
2023-06-08 06:42:50+00:00,237.6
2023-06-08 06:42:50+00:00,237.6
2023-06-08 06:42:50+00:00,237.6
2023-06-08 06:42:50+00:00,237.6
2023-06-08 06:51:22+00:00,237.58
2023-06-08 06:51:22+00:00,237.58
2023-06-08 06:59:58+00:00,237.57
2023-06-08 06:59:58+00:00,237.57
2023-06-08 06:59:58+00:00,237.57
2023-06-08 06:59:58+00:00,237.57
2023-06-08 07:08:46+00:00,237.63
2023-06-08 07:26:49+00:00,237.68
2023-06-08 07:26:49+00:00,237.68
2023-06-08 07:44:53+00:00,237.62
2023-06-08 07:44:53+00:00,237.62
2023-06-08 07:44:53+00:00,237.62
2023-06-08 08:03:35+00:00,237.69
2023-06-08 08:03:35+00:00,237.69
2023-06-08 08:03:35+00:00,237.69
2023-06-08 08:12:59+00:00,237.75
2023-06-08 08:12:59+00:00,237.75
2023-06-08 08:12:59+00:00,237.75
2023-06-08 08:22:32+00:00,237.69
2023-06-08 08:22:32+00:00,237.69
2023-06-08 08:22:32+00:00,237.69
2023-06-08 08:22:32+00:00,237.69
2023-06-08 08:22:32+00:00,237.69
2023-06-08 08:42:06+00:00,237.76
2023-06-08 08:42:06+00:00,237.76
2023-06-08 08:42:06+00:00,237.76
2023-06-08 08:52:01+00:00,237.71
2023-06-08 08:52:01+00:00,237.71
2023-06-08 08:52:01+00:00,237.71
2023-06-08 09:02:08+00:00,237.69
2023-06-08 09:12:12+00:00,237.75
2023-06-08 09:22:20+00:00,237.76
2023-06-08 09:22:20+00:00,237.76
2023-06-08 09:32:35+00:00,237.74
2023-06-08 09:32:35+00:00,237.74
2023-06-08 09:42:57+00:00,237.87
2023-06-08 09:42:57+00:00,237.87
2023-06-08 09:42:57+00:00,237.87
2023-06-08 09:53:26+00:00,237.75
2023-06-08 10:04:17+00:00,237.73
2023-06-08 10:15:06+00:00,237.7
2023-06-08 10:15:06+00:00,237.7
2023-06-08 10:15:06+00:00,237.7
2023-06-08 10:26:07+00:00,237.81
2023-06-08 10:37:21+00:00,237.74
2023-06-08 10:48:24+00:00,237.7
2023-06-08 10:48:24+00:00,237.7
2023-06-08 10:59:20+00:00,237.73
2023-06-08 10:59:20+00:00,237.73
2023-06-08 10:59:20+00:00,237.73
2023-06-08 10:59:20+00:00,237.73
2023-06-08 11:10:37+00:00,237.73
2023-06-08 11:21:54+00:00,237.79
2023-06-08 11:21:54+00:00,237.79
2023-06-08 11:21:54+00:00,237.79
2023-06-08 11:21:54+00:00,237.79
2023-06-08 11:33:28+00:00,237.72
2023-06-08 11:33:28+00:00,237.72
2023-06-08 11:33:28+00:00,237.72
2023-06-08 11:33:28+00:00,237.72
2023-06-08 11:44:56+00:00,237.77
2023-06-08 11:44:56+00:00,237.77
2023-06-08 11:56:30+00:00,237.86
2023-06-08 12:08:15+00:00,237.78
2023-06-08 12:08:15+00:00,237.78
2023-06-08 12:08:15+00:00,237.78
2023-06-08 12:31:53+00:00,237.83
2023-06-08 12:31:53+00:00,237.83
2023-06-08 12:31:53+00:00,237.83
2023-06-08 12:43:53+00:00,237.8
2023-06-08 12:43:53+00:00,237.8
2023-06-08 12:55:50+00:00,237.85
2023-06-08 12:55:50+00:00,237.85
2023-06-08 13:08:09+00:00,237.87
2023-06-08 13:08:09+00:00,237.87
2023-06-08 13:08:09+00:00,237.87
2023-06-08 13:20:28+00:00,237.87
2023-06-08 13:20:28+00:00,237.87
2023-06-08 13:20:28+00:00,237.87
2023-06-08 13:32:44+00:00,237.89
2023-06-08 13:32:44+00:00,237.89
2023-06-08 13:32:44+00:00,237.89
2023-06-08 13:45:26+00:00,237.88
2023-06-08 13:45:26+00:00,237.88
2023-06-08 13:45:26+00:00,237.88
2023-06-08 13:45:26+00:00,237.88
2023-06-08 13:57:52+00:00,237.86
2023-06-08 13:57:52+00:00,237.86
2023-06-08 14:10:17+00:00,237.82
2023-06-08 14:10:17+00:00,237.82
2023-06-08 14:23:14+00:00,237.86
2023-06-08 14:23:14+00:00,237.86
2023-06-08 14:23:14+00:00,237.86
2023-06-08 14:23:14+00:00,237.86
2023-06-08 14:49:12+00:00,237.91
2023-06-08 15:02:11+00:00,237.9
2023-06-08 15:02:11+00:00,237.9
2023-06-08 15:02:11+00:00,237.9
2023-06-08 15:15:23+00:00,237.89
2023-06-08 15:28:45+00:00,237.86
2023-06-08 15:28:45+00:00,237.86
2023-06-08 15:42:19+00:00,237.9
2023-06-08 15:42:19+00:00,237.9
2023-06-08 15:55:54+00:00,237.88
2023-06-08 15:55:54+00:00,237.88
2023-06-08 15:55:54+00:00,237.88
2023-06-08 16:09:35+00:00,237.86
2023-06-08 16:09:35+00:00,237.86
2023-06-08 16:51:10+00:00,237.92
2023-06-08 16:51:10+00:00,237.92
2023-06-08 17:04:55+00:00,237.9
2023-06-08 17:04:55+00:00,237.9
2023-06-08 17:18:43+00:00,237.9
2023-06-08 17:18:43+00:00,237.9
2023-06-08 17:18:43+00:00,237.9
2023-06-08 17:18:43+00:00,237.9
2023-06-08 17:18:43+00:00,237.9
2023-06-08 17:18:43+00:00,237.9
2023-06-08 17:33:02+00:00,237.92
2023-06-08 17:33:02+00:00,237.92
2023-06-08 17:47:29+00:00,237.89
2023-06-08 17:47:29+00:00,237.89
2023-06-08 17:47:29+00:00,237.89
2023-06-08 17:47:29+00:00,237.89
2023-06-08 17:47:29+00:00,237.89
2023-06-08 18:02:05+00:00,237.86
2023-06-08 18:02:05+00:00,237.86
2023-06-08 18:02:05+00:00,237.86
2023-06-08 18:46:06+00:00,237.89
2023-06-08 18:46:06+00:00,237.89
2023-06-08 18:46:06+00:00,237.89
2023-06-08 18:46:06+00:00,237.89
2023-06-08 19:01:14+00:00,237.94
2023-06-08 19:01:14+00:00,237.94
2023-06-08 19:16:18+00:00,237.86
2023-06-08 19:31:19+00:00,237.87
2023-06-08 19:31:19+00:00,237.87
2023-06-08 19:31:19+00:00,237.87
2023-06-08 19:46:28+00:00,237.85
2023-06-08 20:16:51+00:00,237.83
2023-06-08 20:32:12+00:00,237.87
2023-06-08 21:03:32+00:00,237.84
2023-06-08 21:03:32+00:00,237.84
2023-06-08 21:19:21+00:00,237.84
2023-06-08 21:51:14+00:00,237.82
2023-06-08 21:51:14+00:00,237.82
2023-06-08 22:07:33+00:00,237.82
2023-06-08 22:23:42+00:00,237.78
2023-06-08 22:23:42+00:00,237.78
2023-06-08 23:13:00+00:00,237.78
2023-06-08 23:13:00+00:00,237.78
2023-06-09 00:03:20+00:00,237.74
2023-06-09 00:20:19+00:00,237.73
2023-06-09 00:20:19+00:00,237.73
2023-06-09 00:37:54+00:00,237.71
2023-06-09 00:37:54+00:00,237.71
2023-06-09 00:37:54+00:00,237.71
2023-06-09 01:12:20+00:00,237.94
2023-06-09 01:29:50+00:00,237.61
2023-06-09 02:04:53+00:00,237.69
2023-06-09 02:04:53+00:00,237.69
2023-06-09 02:22:35+00:00,237.79
2023-06-09 02:22:35+00:00,237.79
2023-06-09 02:22:35+00:00,237.79
2023-06-09 02:40:34+00:00,237.74
2023-06-09 02:40:34+00:00,237.74
2023-06-09 03:16:43+00:00,237.75
2023-06-09 03:34:48+00:00,237.68
2023-06-09 03:52:53+00:00,237.74
2023-06-09 04:11:14+00:00,237.75
2023-06-09 04:11:14+00:00,237.75
2023-06-09 04:11:14+00:00,237.75
2023-06-09 04:11:14+00:00,237.75
2023-06-09 04:48:08+00:00,237.62
2023-06-09 05:44:39+00:00,237.73
2023-06-09 06:03:25+00:00,237.68
2023-06-09 06:41:50+00:00,237.63
2023-06-09 07:01:02+00:00,237.45
2023-06-09 07:01:02+00:00,237.45
2023-06-09 07:20:08+00:00,237.6
2023-06-09 07:39:30+00:00,237.68
2023-06-09 07:39:30+00:00,237.68
2023-06-09 07:39:30+00:00,237.68
2023-06-09 07:58:58+00:00,237.69
2023-06-09 07:58:58+00:00,237.69
2023-06-09 08:38:27+00:00,237.78
2023-06-09 08:38:27+00:00,237.78
2023-06-09 08:58:18+00:00,237.7
2023-06-09 09:38:25+00:00,237.73
2023-06-09 09:38:25+00:00,237.73
2023-06-09 09:38:25+00:00,237.73
2023-06-09 10:18:24+00:00,237.83
2023-06-09 10:38:17+00:00,237.8
2023-06-09 10:38:17+00:00,237.8
2023-06-09 10:38:17+00:00,237.8
2023-06-09 10:58:42+00:00,237.81
2023-06-09 11:39:24+00:00,237.84
2023-06-09 11:39:24+00:00,237.84
2023-06-09 12:00:11+00:00,237.87
2023-06-09 13:22:42+00:00,237.92
2023-06-09 13:22:42+00:00,237.92
2023-06-09 13:43:46+00:00,237.9
2023-06-09 13:43:46+00:00,237.9
2023-06-19 07:31:57+00:00,237.75
2023-06-19 07:33:47+00:00,237.74
2023-06-19 07:57:25+00:00,237.84
2023-06-19 08:20:35+00:00,237.85
2023-06-19 08:20:35+00:00,237.85
2023-06-19 09:07:08+00:00,237.83
2023-06-19 09:31:14+00:00,237.84
2023-06-19 09:55:17+00:00,237.92
2023-06-19 09:55:17+00:00,237.92
2023-06-19 09:55:17+00:00,237.92
2023-06-19 10:41:55+00:00,237.91
2023-06-19 11:26:11+00:00,237.86
2023-06-19 11:48:38+00:00,237.88
2023-06-19 11:48:38+00:00,237.88
2023-06-19 12:11:04+00:00,237.86
2023-06-19 13:43:05+00:00,237.94
2023-06-19 14:06:20+00:00,237.93
2023-06-19 14:29:41+00:00,237.88
2023-06-19 14:52:58+00:00,237.92
2023-06-19 15:16:28+00:00,237.92
2023-06-19 15:40:01+00:00,237.88
2023-06-19 15:40:01+00:00,237.88
2023-06-19 16:04:39+00:00,237.91
2023-06-19 16:04:39+00:00,237.91
2023-06-19 16:28:34+00:00,237.93
2023-06-19 16:53:04+00:00,237.94
2023-06-19 17:17:01+00:00,237.89
2023-06-19 17:41:13+00:00,237.92
2023-06-19 17:41:13+00:00,237.92
2023-06-19 18:06:16+00:00,237.92
2023-06-19 18:06:16+00:00,237.92
2023-06-19 18:06:16+00:00,237.92
2023-06-19 18:55:49+00:00,237.88
2023-06-19 18:55:49+00:00,237.88
2023-06-19 18:55:49+00:00,237.88
2023-06-19 19:20:54+00:00,237.9
2023-06-19 20:11:26+00:00,237.89
2023-06-19 20:11:26+00:00,237.89
2023-06-19 21:27:37+00:00,237.87
2023-06-19 22:18:17+00:00,237.84
2023-06-19 22:44:02+00:00,237.82
2023-06-20 00:27:36+00:00,237.82
2023-06-20 00:53:57+00:00,237.84
2023-06-20 03:33:34+00:00,237.7
2023-06-20 04:54:28+00:00,237.72
2023-06-20 04:54:28+00:00,237.72
2023-06-20 06:43:28+00:00,237.85
2023-06-20 08:06:53+00:00,237.85
2023-06-20 10:00:12+00:00,237.88
2023-06-20 12:21:49+00:00,237.77
2023-06-20 21:19:36+00:00,237.82
2023-06-20 21:19:36+00:00,237.82
2023-06-20 22:29:38+00:00,237.67
2023-06-20 22:29:38+00:00,237.67
2023-06-20 22:31:16+00:00,237.76
2023-06-20 22:31:16+00:00,237.76
2023-06-20 22:31:16+00:00,237.76
2023-06-20 22:31:16+00:00,237.76
2023-06-20 22:31:16+00:00,237.76
2023-06-20 22:32:35+00:00,237.78
2023-06-20 22:35:33+00:00,237.82
2023-06-20 22:37:10+00:00,237.82
2023-06-20 22:37:10+00:00,237.82
2023-06-20 22:37:10+00:00,237.82
2023-06-20 22:37:10+00:00,237.82
2023-06-20 22:37:10+00:00,237.82
2023-06-20 22:37:10+00:00,237.82
2023-06-20 22:37:10+00:00,237.82
2023-06-20 22:38:28+00:00,237.82
2023-06-20 22:38:28+00:00,237.82
2023-06-20 22:42:15+00:00,237.77
2023-06-20 22:42:15+00:00,237.77
2023-06-20 22:42:15+00:00,237.77
2023-06-20 22:44:21+00:00,237.81
2023-06-20 22:44:21+00:00,237.81
2023-06-20 22:44:21+00:00,237.81
2023-06-20 22:44:21+00:00,237.81
2023-06-20 22:44:21+00:00,237.81
2023-06-20 22:44:21+00:00,237.81
2023-06-20 22:44:21+00:00,237.81
2023-06-20 22:46:29+00:00,237.72
2023-06-20 22:46:29+00:00,237.72
2023-06-20 22:48:45+00:00,237.83
2023-06-20 22:48:45+00:00,237.83
2023-06-20 22:48:45+00:00,237.83
2023-06-20 22:51:08+00:00,237.69
2023-06-20 22:51:08+00:00,237.69
2023-06-20 22:53:40+00:00,237.8
2023-06-20 22:56:10+00:00,237.91
2023-06-20 22:56:10+00:00,237.91
2023-06-20 23:01:41+00:00,237.81
2023-06-20 23:04:34+00:00,237.77
2023-06-20 23:04:34+00:00,237.77
2023-06-20 23:07:31+00:00,237.85
2023-06-20 23:10:36+00:00,237.72
2023-06-20 23:10:36+00:00,237.72
2023-06-20 23:10:36+00:00,237.72
2023-06-20 23:10:36+00:00,237.72
2023-06-20 23:13:52+00:00,237.79
2023-06-20 23:17:09+00:00,237.77
2023-06-20 23:24:14+00:00,237.78
2023-06-20 23:24:14+00:00,237.78
2023-06-20 23:27:53+00:00,237.82
2023-06-20 23:27:53+00:00,237.82
2023-06-20 23:27:53+00:00,237.82
2023-06-20 23:31:38+00:00,237.74
2023-06-20 23:31:38+00:00,237.74
2023-06-20 23:31:38+00:00,237.74
2023-06-20 23:35:37+00:00,237.8
2023-06-20 23:39:36+00:00,237.8
2023-06-20 23:39:36+00:00,237.8
2023-06-20 23:47:46+00:00,237.81
2023-06-20 23:47:46+00:00,237.81
2023-06-20 23:51:59+00:00,237.79
2023-06-20 23:51:59+00:00,237.79
2023-06-20 23:51:59+00:00,237.79
2023-06-20 23:57:02+00:00,237.78
2023-06-20 23:57:02+00:00,237.78
2023-06-21 00:01:32+00:00,237.78
2023-06-21 00:01:32+00:00,237.78
2023-06-21 00:06:01+00:00,237.76
2023-06-21 00:06:01+00:00,237.76
2023-06-21 00:15:25+00:00,237.72
2023-06-21 00:15:25+00:00,237.72
2023-06-21 00:15:25+00:00,237.72
2023-06-21 00:15:25+00:00,237.72
2023-06-21 00:15:25+00:00,237.72
2023-06-21 00:20:12+00:00,237.83
2023-06-21 00:25:08+00:00,237.76
2023-06-21 00:30:14+00:00,237.79
2023-06-21 00:35:25+00:00,237.72
2023-06-21 00:35:25+00:00,237.72
2023-06-21 00:35:25+00:00,237.72
2023-06-21 00:35:25+00:00,237.72
2023-06-21 00:35:25+00:00,237.72
2023-06-21 00:40:41+00:00,237.8
2023-06-21 00:40:41+00:00,237.8
2023-06-21 00:40:41+00:00,237.8
2023-06-21 00:40:41+00:00,237.8
2023-06-21 00:40:41+00:00,237.8
2023-06-21 00:40:41+00:00,237.8
2023-06-21 00:46:05+00:00,237.71
2023-06-21 00:51:37+00:00,237.77
2023-06-21 01:02:43+00:00,237.71
2023-06-21 01:08:35+00:00,237.76
2023-06-21 01:14:30+00:00,237.8
2023-06-21 01:20:31+00:00,237.74
2023-06-21 01:26:40+00:00,237.74
2023-06-21 01:39:09+00:00,237.75
2023-06-21 01:39:09+00:00,237.75
2023-06-21 01:39:09+00:00,237.75
2023-06-21 01:45:40+00:00,237.76
2023-06-21 01:45:40+00:00,237.76
2023-06-21 01:45:40+00:00,237.76
2023-06-21 01:45:40+00:00,237.76
2023-06-21 01:45:40+00:00,237.76
2023-06-21 01:52:14+00:00,237.75
2023-06-21 01:58:49+00:00,237.78
2023-06-21 02:05:32+00:00,237.71
2023-06-21 02:19:25+00:00,237.77
2023-06-21 02:19:25+00:00,237.77
2023-06-21 02:33:40+00:00,237.75
2023-06-21 02:33:40+00:00,237.75
2023-06-21 02:48:14+00:00,237.79
2023-06-21 03:03:01+00:00,237.93
2023-06-21 03:03:01+00:00,237.93
2023-06-21 03:10:41+00:00,237.77
2023-06-21 03:26:16+00:00,237.8
2023-06-21 03:34:23+00:00,237.84
2023-06-21 03:42:40+00:00,237.78
2023-06-21 03:51:01+00:00,237.7
2023-06-21 03:51:01+00:00,237.7
2023-06-21 03:51:01+00:00,237.7
2023-06-21 04:07:45+00:00,237.79
2023-06-21 04:07:45+00:00,237.79
2023-06-21 04:07:45+00:00,237.79
2023-06-21 04:16:03+00:00,237.72
2023-06-21 04:33:11+00:00,237.81
2023-06-21 04:33:11+00:00,237.81
2023-06-21 04:33:11+00:00,237.81
2023-06-21 04:42:01+00:00,237.82
2023-06-21 04:42:01+00:00,237.82
2023-06-21 04:51:02+00:00,237.84
2023-06-21 04:51:02+00:00,237.84
2023-06-21 04:51:02+00:00,237.84
2023-06-21 04:51:02+00:00,237.84
2023-06-21 04:51:02+00:00,237.84
2023-06-21 05:00:06+00:00,237.82
2023-06-21 05:09:10+00:00,237.81
2023-06-21 05:09:10+00:00,237.81
2023-06-21 05:46:35+00:00,237.76
2023-06-21 05:56:29+00:00,237.78
2023-06-21 06:06:09+00:00,237.86
2023-06-21 06:16:00+00:00,237.89
2023-06-21 06:36:18+00:00,237.77
2023-06-21 06:36:18+00:00,237.77
2023-06-21 06:46:48+00:00,237.87
2023-06-21 07:07:43+00:00,237.85
2023-06-21 07:07:43+00:00,237.85
2023-06-21 07:18:15+00:00,237.86
2023-06-21 07:18:15+00:00,237.86
2023-06-21 07:29:07+00:00,237.86
2023-06-21 07:29:07+00:00,237.86
2023-06-21 07:29:07+00:00,237.86
2023-06-21 07:39:54+00:00,237.88
2023-06-21 07:39:54+00:00,237.88
2023-06-21 07:39:54+00:00,237.88
2023-06-21 07:39:54+00:00,237.88
2023-06-21 07:50:41+00:00,237.9
2023-06-21 07:50:41+00:00,237.9
2023-06-21 08:01:42+00:00,237.86
2023-06-21 08:01:42+00:00,237.86
2023-06-21 08:35:32+00:00,237.88
2023-06-21 08:35:32+00:00,237.88
2023-06-21 08:35:32+00:00,237.88
2023-06-21 08:47:03+00:00,237.89
2023-06-21 08:47:03+00:00,237.89
2023-06-21 08:58:31+00:00,237.86
2023-06-21 08:58:31+00:00,237.86
2023-06-21 09:10:22+00:00,237.82
2023-06-21 09:10:22+00:00,237.82
2023-06-21 09:22:06+00:00,237.89
2023-06-21 09:22:06+00:00,237.89
2023-06-21 09:22:06+00:00,237.89
2023-06-21 09:45:46+00:00,237.9
2023-06-21 09:58:01+00:00,237.89
2023-06-21 09:58:01+00:00,237.89
2023-06-21 09:58:01+00:00,237.89
2023-06-21 09:58:01+00:00,237.89
2023-06-21 10:10:17+00:00,237.83
2023-06-21 10:10:17+00:00,237.83
2023-06-21 10:10:17+00:00,237.83
2023-06-21 10:22:30+00:00,237.9
2023-06-21 10:34:55+00:00,237.87
2023-06-21 10:34:55+00:00,237.87
2023-06-21 10:47:23+00:00,237.86
2023-06-21 12:05:35+00:00,237.81
2023-06-21 12:18:51+00:00,237.76
2023-06-21 12:45:19+00:00,237.95
2023-06-21 13:26:44+00:00,237.87
2023-06-21 13:26:44+00:00,237.87
2023-06-21 13:26:44+00:00,237.87
2023-06-21 14:07:56+00:00,237.86
2023-06-21 14:36:07+00:00,237.84
2023-06-21 14:36:07+00:00,237.84
2023-06-21 14:50:51+00:00,237.86
2023-06-21 15:05:24+00:00,237.86
2023-06-21 15:20:06+00:00,237.86
2023-06-21 15:34:37+00:00,237.85
2023-06-21 16:34:25+00:00,237.88
2023-06-21 16:49:35+00:00,237.83
2023-06-21 17:04:40+00:00,237.85
2023-06-21 17:04:40+00:00,237.85
2023-06-21 17:20:15+00:00,237.94
2023-06-21 17:20:15+00:00,237.94
2023-06-21 17:20:15+00:00,237.94
2023-06-21 18:54:17+00:00,237.7
2023-06-21 19:42:33+00:00,237.83
2023-06-21 19:42:33+00:00,237.83
2023-06-21 20:15:41+00:00,237.78
2023-06-21 21:05:24+00:00,237.81
2023-06-21 21:22:34+00:00,237.8
2023-06-21 21:57:16+00:00,237.79
2023-06-21 22:49:13+00:00,237.74
2023-06-21 23:24:16+00:00,237.79
2023-06-22 01:12:00+00:00,237.68
2023-06-22 01:48:43+00:00,237.52
2023-06-22 02:45:33+00:00,237.49
2023-06-22 03:23:29+00:00,237.37
2023-06-22 04:01:38+00:00,237.39
2023-06-22 04:20:53+00:00,237.62
2023-06-22 04:40:48+00:00,237.63
2023-06-22 05:39:13+00:00,237.64
2023-06-22 07:39:16+00:00,237.71
2023-06-22 07:59:39+00:00,237.72
2023-06-22 08:19:58+00:00,237.74
2023-06-22 09:01:13+00:00,237.76
2023-06-22 11:08:35+00:00,237.67
2023-06-22 12:25:31+00:00,237.82
2023-06-22 12:25:31+00:00,237.82
2023-06-22 12:25:31+00:00,237.82
2023-06-22 12:25:31+00:00,237.82
2023-06-22 12:27:09+00:00,237.85
2023-06-22 12:27:09+00:00,237.85
2023-06-22 12:27:09+00:00,237.85
2023-06-22 12:27:09+00:00,237.85
2023-06-22 12:28:28+00:00,237.92
2023-06-22 12:28:28+00:00,237.92
2023-06-22 12:28:28+00:00,237.92
2023-06-22 12:28:28+00:00,237.92
2023-06-22 12:28:28+00:00,237.92
2023-06-22 12:28:28+00:00,237.92
2023-06-22 12:28:28+00:00,237.92
2023-06-22 12:29:53+00:00,237.91
2023-06-22 12:29:53+00:00,237.91
2023-06-22 12:29:53+00:00,237.91
2023-06-22 12:29:53+00:00,237.91
2023-06-22 12:29:53+00:00,237.91
2023-06-22 12:29:53+00:00,237.91
2023-06-22 12:31:25+00:00,237.91
2023-06-22 12:31:25+00:00,237.91
2023-06-22 12:31:25+00:00,237.91
2023-06-22 12:33:02+00:00,237.91
2023-06-22 12:33:02+00:00,237.91
2023-06-22 12:33:02+00:00,237.91
2023-06-22 12:33:02+00:00,237.91
2023-06-22 12:34:20+00:00,237.97
2023-06-22 12:34:20+00:00,237.97
2023-06-22 12:34:20+00:00,237.97
2023-06-22 12:34:20+00:00,237.97
2023-06-22 12:36:10+00:00,237.89
2023-06-22 12:36:10+00:00,237.89
2023-06-22 12:38:06+00:00,237.8
2023-06-22 12:40:12+00:00,237.9
2023-06-22 12:42:20+00:00,237.88
2023-06-22 12:44:35+00:00,237.89
2023-06-22 12:46:55+00:00,237.91
2023-06-22 12:46:55+00:00,237.91
2023-06-22 12:46:55+00:00,237.91
2023-06-22 12:46:55+00:00,237.91
2023-06-22 12:46:55+00:00,237.91
2023-06-22 12:46:55+00:00,237.91
2023-06-22 12:46:55+00:00,237.91
2023-06-22 12:46:55+00:00,237.91
2023-06-22 12:49:23+00:00,237.91
2023-06-22 12:49:23+00:00,237.91
2023-06-22 12:51:55+00:00,237.96
2023-06-22 12:51:55+00:00,237.96
2023-06-22 12:51:55+00:00,237.96
2023-06-22 12:54:36+00:00,237.92
2023-06-22 12:54:36+00:00,237.92
2023-06-22 12:54:36+00:00,237.92
2023-06-22 12:54:36+00:00,237.92
2023-06-22 12:57:18+00:00,237.88
2023-06-22 12:57:18+00:00,237.88
2023-06-22 13:00:08+00:00,237.94
2023-06-22 13:00:08+00:00,237.94
2023-06-22 13:00:08+00:00,237.94
2023-06-22 13:03:03+00:00,237.91
2023-06-22 13:06:04+00:00,238.01
2023-06-22 13:06:04+00:00,238.01
2023-06-22 13:06:04+00:00,238.01
2023-06-22 13:06:04+00:00,238.01
2023-06-22 13:09:16+00:00,237.97
2023-06-22 13:09:16+00:00,237.97
2023-06-22 13:12:32+00:00,237.93
2023-06-22 13:12:32+00:00,237.93
2023-06-22 13:12:32+00:00,237.93
2023-06-22 13:12:32+00:00,237.93
2023-06-22 13:12:32+00:00,237.93
2023-06-22 13:12:32+00:00,237.93
2023-06-22 13:12:32+00:00,237.93
2023-06-22 13:12:32+00:00,237.93
2023-06-22 13:19:29+00:00,237.94
2023-06-22 13:19:29+00:00,237.94
2023-06-22 13:19:29+00:00,237.94
2023-06-22 13:19:29+00:00,237.94
2023-06-22 13:19:29+00:00,237.94
2023-06-22 13:19:29+00:00,237.94
2023-06-22 13:23:03+00:00,238.02
2023-06-22 13:23:03+00:00,238.02
2023-06-22 13:26:42+00:00,237.95
2023-06-22 13:26:42+00:00,237.95
2023-06-22 13:30:32+00:00,238.02
2023-06-22 13:30:32+00:00,238.02
2023-06-22 13:30:32+00:00,238.02
2023-06-22 13:34:31+00:00,237.94
2023-06-22 13:34:31+00:00,237.94
2023-06-22 13:38:29+00:00,238.0
2023-06-22 13:38:29+00:00,238.0
2023-06-22 13:38:29+00:00,238.0
2023-06-22 13:38:29+00:00,238.0
2023-06-22 13:42:33+00:00,237.98
2023-06-22 13:42:33+00:00,237.98
2023-06-22 13:42:33+00:00,237.98
2023-06-22 13:42:33+00:00,237.98
2023-06-22 13:42:33+00:00,237.98
2023-06-22 13:46:50+00:00,238.03
2023-06-22 13:46:50+00:00,238.03
2023-06-22 13:46:50+00:00,238.03
2023-06-22 13:51:03+00:00,238.03
2023-06-22 13:51:03+00:00,238.03
2023-06-22 13:51:03+00:00,238.03
2023-06-22 13:55:33+00:00,238.05
2023-06-22 13:55:33+00:00,238.05
2023-06-22 13:55:33+00:00,238.05
2023-06-22 13:55:33+00:00,238.05
2023-06-22 14:00:02+00:00,237.97
2023-06-22 14:00:02+00:00,237.97
2023-06-22 14:00:02+00:00,237.97
2023-06-22 14:04:38+00:00,238.06
2023-06-22 14:14:13+00:00,237.93
2023-06-22 14:14:13+00:00,237.93
2023-06-22 14:19:05+00:00,238.08
2023-06-22 14:19:05+00:00,238.08
2023-06-22 14:19:05+00:00,238.08
2023-06-22 14:19:05+00:00,238.08
2023-06-22 14:24:07+00:00,238.02
2023-06-22 14:24:07+00:00,238.02
2023-06-22 14:24:07+00:00,238.02
2023-06-22 14:29:22+00:00,238.04
2023-06-22 14:29:22+00:00,238.04
2023-06-22 14:29:22+00:00,238.04
2023-06-22 14:29:22+00:00,238.04
2023-06-22 14:29:22+00:00,238.04
2023-06-22 14:34:36+00:00,238.04
2023-06-22 14:34:36+00:00,238.04
2023-06-22 14:34:36+00:00,238.04
2023-06-22 14:34:36+00:00,238.04
2023-06-22 14:34:36+00:00,238.04
2023-06-22 14:34:36+00:00,238.04
2023-06-22 14:34:36+00:00,238.04
2023-06-22 14:39:49+00:00,238.03
2023-06-22 14:45:32+00:00,237.98
2023-06-22 14:45:32+00:00,237.98
2023-06-22 14:45:32+00:00,237.98
2023-06-22 14:51:02+00:00,238.01
2023-06-22 14:51:02+00:00,238.01
2023-06-22 14:56:54+00:00,238.07
2023-06-22 14:56:54+00:00,238.07
2023-06-22 14:56:54+00:00,238.07
2023-06-22 14:56:54+00:00,238.07
2023-06-22 15:02:45+00:00,238.06
2023-06-22 15:08:37+00:00,238.03
2023-06-22 15:14:34+00:00,237.85
2023-06-22 15:14:34+00:00,237.85
2023-06-22 15:14:34+00:00,237.85
2023-06-22 15:14:34+00:00,237.85
2023-06-22 15:14:34+00:00,237.85
2023-06-22 15:20:37+00:00,238.03
2023-06-22 15:20:37+00:00,238.03
2023-06-22 15:20:37+00:00,238.03
2023-06-22 15:26:49+00:00,238.01
2023-06-22 15:26:49+00:00,238.01
2023-06-22 15:26:49+00:00,238.01
2023-06-22 15:33:08+00:00,237.92
2023-06-22 15:33:08+00:00,237.92
2023-06-22 15:33:08+00:00,237.92
2023-06-22 15:39:38+00:00,237.96
2023-06-22 15:46:35+00:00,238.06
2023-06-22 15:46:35+00:00,238.06
2023-06-22 15:46:35+00:00,238.06
2023-06-22 15:53:22+00:00,238.0
2023-06-22 15:53:22+00:00,238.0
2023-06-22 15:53:22+00:00,238.0
2023-06-22 15:53:22+00:00,238.0
2023-06-22 16:00:18+00:00,238.0
2023-06-22 16:07:13+00:00,237.93
2023-06-22 16:14:04+00:00,237.93
2023-06-22 16:14:04+00:00,237.93
2023-06-22 16:14:04+00:00,237.93
2023-06-22 16:21:02+00:00,238.0
2023-06-22 16:21:02+00:00,238.0
2023-06-22 16:21:02+00:00,238.0
2023-06-22 16:21:02+00:00,238.0
2023-06-22 16:28:13+00:00,237.94
2023-06-22 16:28:13+00:00,237.94
2023-06-22 16:28:13+00:00,237.94
2023-06-22 16:28:13+00:00,237.94
2023-06-22 16:42:57+00:00,237.93
2023-06-22 16:42:57+00:00,237.93
2023-06-22 16:42:57+00:00,237.93
2023-06-22 16:42:57+00:00,237.93
2023-06-22 16:50:22+00:00,237.92
2023-06-22 16:50:22+00:00,237.92
2023-06-22 16:50:22+00:00,237.92
2023-06-22 16:57:56+00:00,237.91
2023-06-22 16:57:56+00:00,237.91
2023-06-22 17:05:32+00:00,237.93
2023-06-22 17:05:32+00:00,237.93
2023-06-22 17:05:32+00:00,237.93
2023-06-22 17:13:18+00:00,238.01
2023-06-22 17:13:18+00:00,238.01
2023-06-22 17:21:17+00:00,237.94
2023-06-22 17:21:17+00:00,237.94
2023-06-22 17:29:28+00:00,237.96
2023-06-22 17:37:35+00:00,238.02
2023-06-22 17:45:44+00:00,238.0
2023-06-22 17:45:44+00:00,238.0
2023-06-22 17:53:56+00:00,238.05
2023-06-22 17:53:56+00:00,238.05
2023-06-22 17:53:56+00:00,238.05
2023-06-22 17:53:56+00:00,238.05
2023-06-22 17:53:56+00:00,238.05
2023-06-22 18:02:18+00:00,238.13
2023-06-22 18:02:18+00:00,238.13
2023-06-22 18:10:40+00:00,237.87
2023-06-22 18:10:40+00:00,237.87
2023-06-22 18:10:40+00:00,237.87
2023-06-22 18:10:40+00:00,237.87
2023-06-22 18:10:40+00:00,237.87
2023-06-22 18:10:40+00:00,237.87
2023-06-22 18:19:14+00:00,238.03
2023-06-22 18:19:14+00:00,238.03
2023-06-22 18:19:14+00:00,238.03
2023-06-22 18:28:25+00:00,237.95
2023-06-22 18:28:25+00:00,237.95
2023-06-22 18:28:25+00:00,237.95
2023-06-22 18:28:25+00:00,237.95
2023-06-22 18:37:28+00:00,238.04
2023-06-22 18:46:31+00:00,238.04
2023-06-22 18:46:31+00:00,238.04
2023-06-22 18:46:31+00:00,238.04
2023-06-22 18:55:31+00:00,237.97
2023-06-22 19:04:35+00:00,238.05
2023-06-22 19:04:35+00:00,238.05
2023-06-22 19:13:53+00:00,238.0
2023-06-22 19:13:53+00:00,238.0
2023-06-22 19:13:53+00:00,238.0
2023-06-22 19:23:12+00:00,237.88
2023-06-22 19:23:12+00:00,237.88
2023-06-22 19:23:12+00:00,237.88
2023-06-22 19:23:12+00:00,237.88
2023-06-22 19:33:07+00:00,238.01
2023-06-22 19:42:56+00:00,237.97
2023-06-22 19:52:32+00:00,238.01
2023-06-22 19:52:32+00:00,238.01
2023-06-22 20:02:17+00:00,237.96
2023-06-22 20:12:06+00:00,237.99
2023-06-22 20:12:06+00:00,237.99
2023-06-22 20:22:14+00:00,238.03
2023-06-22 20:22:14+00:00,238.03
2023-06-22 20:22:14+00:00,238.03
2023-06-22 20:22:14+00:00,238.03
2023-06-22 20:32:16+00:00,237.97
2023-06-22 20:32:16+00:00,237.97
2023-06-22 20:52:33+00:00,238.0
2023-06-22 20:52:33+00:00,238.0
2023-06-22 20:52:33+00:00,238.0
2023-06-22 21:03:07+00:00,238.0
2023-06-22 21:03:07+00:00,238.0
2023-06-22 21:03:07+00:00,238.0
2023-06-22 21:03:07+00:00,238.0
2023-06-22 21:13:28+00:00,238.0
2023-06-22 21:24:09+00:00,238.01
2023-06-22 21:35:11+00:00,237.91
2023-06-22 21:35:11+00:00,237.91
2023-06-22 21:45:46+00:00,237.91
2023-06-22 21:45:46+00:00,237.91
2023-06-22 21:56:23+00:00,237.8
2023-06-22 22:07:25+00:00,237.98
2023-06-22 22:18:30+00:00,237.93
2023-06-22 22:29:30+00:00,237.88
2023-06-22 22:29:30+00:00,237.88
2023-06-22 22:40:54+00:00,237.94
2023-06-22 22:40:54+00:00,237.94
2023-06-22 22:40:54+00:00,237.94
2023-06-22 22:40:54+00:00,237.94
2023-06-22 22:40:54+00:00,237.94
2023-06-22 22:40:54+00:00,237.94
2023-06-22 22:40:54+00:00,237.94
2023-06-22 22:40:54+00:00,237.94
2023-06-22 22:40:54+00:00,237.94
2023-06-22 22:52:12+00:00,237.9
2023-06-22 22:52:12+00:00,237.9
2023-06-22 22:52:12+00:00,237.9
2023-06-22 22:52:12+00:00,237.9
2023-06-22 23:03:50+00:00,237.94
2023-06-22 23:15:21+00:00,237.94
2023-06-22 23:15:21+00:00,237.94
2023-06-22 23:27:04+00:00,237.91
2023-06-22 23:51:21+00:00,237.89
2023-06-22 23:51:21+00:00,237.89
2023-06-23 00:03:44+00:00,237.84
2023-06-23 00:03:44+00:00,237.84
2023-06-23 00:15:56+00:00,237.9
2023-06-23 00:15:56+00:00,237.9
2023-06-23 00:28:12+00:00,237.92
2023-06-23 00:28:12+00:00,237.92
2023-06-23 00:28:12+00:00,237.92
2023-06-23 00:28:12+00:00,237.92
2023-06-23 00:40:57+00:00,237.88
2023-06-23 00:40:57+00:00,237.88
2023-06-23 00:53:29+00:00,237.98
2023-06-23 00:53:29+00:00,237.98
2023-06-23 00:53:29+00:00,237.98
2023-06-23 01:06:11+00:00,237.95
2023-06-23 01:06:11+00:00,237.95
2023-06-23 01:31:55+00:00,237.91
2023-06-23 01:44:44+00:00,237.86
2023-06-23 01:44:44+00:00,237.86
2023-06-23 01:57:50+00:00,237.95
2023-06-23 01:57:50+00:00,237.95
2023-06-23 01:57:50+00:00,237.95
2023-06-23 01:57:50+00:00,237.95
2023-06-23 02:10:51+00:00,237.93
2023-06-23 02:10:51+00:00,237.93
2023-06-23 02:10:51+00:00,237.93
2023-06-23 02:24:31+00:00,237.94
2023-06-23 02:38:17+00:00,237.86
2023-06-23 02:38:17+00:00,237.86
2023-06-23 02:38:17+00:00,237.86
2023-06-23 02:38:17+00:00,237.86
2023-06-23 02:38:17+00:00,237.86
2023-06-23 02:51:59+00:00,237.87
2023-06-23 02:51:59+00:00,237.87
2023-06-23 02:51:59+00:00,237.87
2023-06-23 02:51:59+00:00,237.87
2023-06-23 03:05:51+00:00,237.77
2023-06-23 03:05:51+00:00,237.77
2023-06-23 03:05:51+00:00,237.77
2023-06-23 03:19:47+00:00,237.84
2023-06-23 03:33:41+00:00,237.83
2023-06-23 03:47:35+00:00,237.81
2023-06-23 03:47:35+00:00,237.81
2023-06-23 04:01:26+00:00,237.7
2023-06-23 04:15:35+00:00,237.81
2023-06-23 04:15:35+00:00,237.81
2023-06-23 04:29:37+00:00,237.82
2023-06-23 04:29:37+00:00,237.82
2023-06-23 04:29:37+00:00,237.82
2023-06-23 04:43:45+00:00,237.85
2023-06-23 04:43:45+00:00,237.85
2023-06-23 04:58:07+00:00,237.79
2023-06-23 05:12:48+00:00,237.83
2023-06-23 05:12:48+00:00,237.83
2023-06-23 05:12:48+00:00,237.83
2023-06-23 05:27:31+00:00,237.81
2023-06-23 05:27:31+00:00,237.81
2023-06-23 05:42:07+00:00,237.88
2023-06-23 05:42:07+00:00,237.88
2023-06-23 05:56:51+00:00,237.76
2023-06-23 06:11:37+00:00,237.87
2023-06-23 06:11:37+00:00,237.87
2023-06-23 06:26:31+00:00,237.87
2023-06-23 06:26:31+00:00,237.87
2023-06-23 06:26:31+00:00,237.87
2023-06-23 06:41:29+00:00,237.9
2023-06-23 06:41:29+00:00,237.9
2023-06-23 06:41:29+00:00,237.9
2023-06-23 06:56:24+00:00,237.88
2023-06-23 06:56:24+00:00,237.88
2023-06-23 07:12:12+00:00,237.86
2023-06-23 07:27:43+00:00,238.02
2023-06-23 07:27:43+00:00,238.02
2023-06-23 07:27:43+00:00,238.02
2023-06-23 07:58:59+00:00,237.92
2023-06-23 08:16:15+00:00,237.93
2023-06-23 08:16:15+00:00,237.93
2023-06-23 08:16:15+00:00,237.93
2023-06-23 08:16:15+00:00,237.93
2023-06-23 08:16:15+00:00,237.93
2023-06-23 08:32:50+00:00,237.77
2023-06-23 08:48:57+00:00,237.95
2023-06-23 09:05:01+00:00,237.91
2023-06-23 09:05:01+00:00,237.91
2023-06-23 09:38:14+00:00,237.91
2023-06-23 09:38:14+00:00,237.91
2023-06-23 09:38:14+00:00,237.91
2023-06-23 09:55:00+00:00,237.94
2023-06-23 10:11:35+00:00,237.91
2023-06-23 10:11:35+00:00,237.91
2023-06-23 10:11:35+00:00,237.91
2023-06-23 10:11:35+00:00,237.91
2023-06-23 10:29:10+00:00,237.88
2023-06-23 10:46:15+00:00,237.91
2023-06-23 10:46:15+00:00,237.91
2023-06-23 10:46:15+00:00,237.91
2023-06-23 11:03:05+00:00,237.87
2023-06-23 11:03:05+00:00,237.87
2023-06-23 11:20:31+00:00,237.86
2023-06-23 11:37:22+00:00,238.04
2023-06-23 12:12:03+00:00,238.07
2023-06-23 12:12:03+00:00,238.07
2023-06-23 12:29:39+00:00,238.06
2023-06-23 12:29:39+00:00,238.06
2023-06-23 12:46:45+00:00,237.99
2023-06-23 13:22:00+00:00,238.07
2023-06-23 13:22:00+00:00,238.07
2023-06-23 13:57:15+00:00,238.01
2023-06-23 13:57:15+00:00,238.01
2023-06-23 15:09:13+00:00,238.0
2023-06-23 15:27:23+00:00,237.93
2023-06-23 15:27:23+00:00,237.93
2023-06-23 15:27:23+00:00,237.93
2023-06-23 15:27:23+00:00,237.93
2023-06-23 15:45:39+00:00,237.84
2023-06-23 15:45:39+00:00,237.84
2023-06-23 16:04:00+00:00,237.98
2023-06-23 16:04:00+00:00,237.98
2023-06-23 16:23:11+00:00,238.07
2023-06-23 16:42:15+00:00,237.96
2023-06-23 17:01:24+00:00,237.96
2023-06-23 17:01:24+00:00,237.96
2023-06-23 17:20:36+00:00,237.92
2023-06-23 17:39:55+00:00,237.97
2023-06-23 17:39:55+00:00,237.97
2023-06-23 17:39:55+00:00,237.97
2023-06-23 17:59:11+00:00,237.9
2023-06-23 18:18:29+00:00,237.89
2023-06-23 18:38:10+00:00,237.9
2023-06-23 18:57:47+00:00,237.83
2023-06-23 19:37:02+00:00,237.83
2023-06-23 19:37:02+00:00,237.83
2023-06-23 20:17:18+00:00,237.88
2023-06-23 20:37:29+00:00,237.86
2023-06-23 20:37:29+00:00,237.86
2023-06-23 20:57:48+00:00,237.83
2023-06-23 20:57:48+00:00,237.83
2023-06-23 20:57:48+00:00,237.83
2023-06-23 21:18:29+00:00,237.84
2023-06-23 21:18:29+00:00,237.84
2023-06-23 21:18:29+00:00,237.84
2023-06-23 21:18:29+00:00,237.84
2023-06-23 21:39:23+00:00,237.84
2023-06-23 21:39:23+00:00,237.84
2023-06-23 22:41:44+00:00,237.9
2023-06-23 23:02:34+00:00,237.87
2023-06-23 23:23:23+00:00,237.86
2023-06-23 23:23:23+00:00,237.86
2023-06-23 23:44:29+00:00,237.82
2023-06-24 00:48:05+00:00,237.89
2023-06-24 00:48:05+00:00,237.89
2023-06-24 00:48:05+00:00,237.89
2023-06-24 00:48:05+00:00,237.89
2023-06-24 01:09:44+00:00,237.9
2023-06-24 01:09:44+00:00,237.9
2023-06-24 01:09:44+00:00,237.9
2023-06-24 01:09:44+00:00,237.9
2023-06-24 01:30:53+00:00,237.99
2023-06-24 01:52:27+00:00,237.88
2023-06-24 02:14:20+00:00,237.87
2023-06-24 02:57:56+00:00,237.89
2023-06-24 03:42:07+00:00,237.86
2023-06-24 04:04:21+00:00,237.83
2023-06-24 04:48:30+00:00,237.9
2023-06-24 04:48:30+00:00,237.9
2023-06-24 04:48:30+00:00,237.9
2023-06-24 05:13:44+00:00,237.87
2023-06-24 05:13:44+00:00,237.87
2023-06-24 06:49:21+00:00,237.86
2023-06-24 07:12:13+00:00,237.87
2023-06-24 07:58:49+00:00,237.77
2023-06-24 07:58:49+00:00,237.77
2023-06-24 08:22:10+00:00,237.87
2023-06-24 08:22:10+00:00,237.87
2023-06-24 08:45:48+00:00,237.89
2023-06-24 09:09:52+00:00,237.86
2023-06-24 09:58:28+00:00,237.87
2023-06-24 10:46:48+00:00,237.88
2023-06-24 11:11:11+00:00,237.9
2023-06-24 11:11:11+00:00,237.9
2023-06-24 11:11:11+00:00,237.9
2023-06-24 11:35:34+00:00,237.89
2023-06-24 12:25:44+00:00,237.96
2023-06-24 12:25:44+00:00,237.96
2023-06-24 12:25:44+00:00,237.96
2023-06-24 12:50:12+00:00,238.12
2023-06-24 13:14:53+00:00,238.12
2023-06-24 14:04:18+00:00,238.06
2023-06-24 14:04:18+00:00,238.06
2023-06-24 14:29:42+00:00,238.09
2023-06-24 14:55:19+00:00,238.15
2023-06-24 14:55:19+00:00,238.15
2023-06-24 15:20:24+00:00,237.91
2023-06-24 16:36:53+00:00,237.97
2023-06-24 16:36:53+00:00,237.97
2023-06-24 17:02:33+00:00,238.05
2023-06-24 17:28:22+00:00,238.02
2023-06-24 17:28:22+00:00,238.02
2023-06-24 17:28:22+00:00,238.02
2023-06-24 17:54:22+00:00,238.04
2023-06-24 18:46:35+00:00,238.02
2023-06-24 19:12:33+00:00,237.9
2023-06-24 19:12:33+00:00,237.9
2023-06-24 20:05:37+00:00,237.83
2023-06-24 20:05:37+00:00,237.83
2023-06-24 21:53:11+00:00,237.94
2023-06-24 21:53:11+00:00,237.94
2023-06-24 22:20:35+00:00,238.01
2023-06-24 22:47:40+00:00,237.95
2023-06-24 23:14:59+00:00,237.96
2023-06-25 01:04:19+00:00,238.0
2023-06-25 01:31:35+00:00,237.91
2023-06-25 03:23:12+00:00,237.9
2023-06-25 04:48:03+00:00,238.08
2023-06-25 05:51:25+00:00,237.91
2023-06-25 08:16:42+00:00,237.97
2023-06-25 08:16:42+00:00,237.97
2023-06-25 12:44:51+00:00,238.08
2023-06-25 13:45:40+00:00,238.26
2023-06-25 16:19:28+00:00,238.11
2023-06-25 16:50:54+00:00,238.07
2023-06-25 17:52:58+00:00,238.08
2023-06-26 00:17:29+00:00,238.06
2023-06-26 01:23:16+00:00,238.05
2023-06-26 01:23:16+00:00,238.05
2023-06-26 01:23:16+00:00,238.05
2023-06-26 01:26:14+00:00,238.09
2023-06-26 01:27:39+00:00,238.09
2023-06-26 01:27:39+00:00,238.09
2023-06-26 01:27:39+00:00,238.09
2023-06-26 01:27:39+00:00,238.09
2023-06-26 01:27:39+00:00,238.09
2023-06-26 01:27:39+00:00,238.09
2023-06-26 01:29:11+00:00,238.0
2023-06-26 01:29:11+00:00,238.0
2023-06-26 01:29:11+00:00,238.0
2023-06-26 01:29:11+00:00,238.0
2023-06-26 01:30:48+00:00,238.02
2023-06-26 01:30:48+00:00,238.02
2023-06-26 01:30:48+00:00,238.02
2023-06-26 01:30:48+00:00,238.02
2023-06-26 01:30:48+00:00,238.02
2023-06-26 01:32:08+00:00,238.08
2023-06-26 01:32:08+00:00,238.08
2023-06-26 01:32:08+00:00,238.08
2023-06-26 01:32:08+00:00,238.08
2023-06-26 01:32:08+00:00,238.08
2023-06-26 01:33:59+00:00,238.01
2023-06-26 01:33:59+00:00,238.01
2023-06-26 01:33:59+00:00,238.01
2023-06-26 01:35:54+00:00,238.07
2023-06-26 01:35:54+00:00,238.07
2023-06-26 01:37:57+00:00,238.03
2023-06-26 01:40:09+00:00,238.03
2023-06-26 01:40:09+00:00,238.03
2023-06-26 01:40:09+00:00,238.03
2023-06-26 01:42:25+00:00,237.97
2023-06-26 01:42:25+00:00,237.97
2023-06-26 01:42:25+00:00,237.97
2023-06-26 01:47:15+00:00,237.94
2023-06-26 01:47:15+00:00,237.94
2023-06-26 01:47:15+00:00,237.94
2023-06-26 01:49:50+00:00,237.98
2023-06-26 01:49:50+00:00,237.98
2023-06-26 01:49:50+00:00,237.98
2023-06-26 01:49:50+00:00,237.98
2023-06-26 01:52:36+00:00,237.91
2023-06-26 01:52:36+00:00,237.91
2023-06-26 01:55:21+00:00,238.0
2023-06-26 01:55:21+00:00,238.0
2023-06-26 01:55:21+00:00,238.0
2023-06-26 01:55:21+00:00,238.0
2023-06-26 01:55:21+00:00,238.0
2023-06-26 01:55:21+00:00,238.0
2023-06-26 01:58:13+00:00,238.05
2023-06-26 01:58:13+00:00,238.05
2023-06-26 02:01:11+00:00,238.07
2023-06-26 02:01:11+00:00,238.07
2023-06-26 02:01:11+00:00,238.07
2023-06-26 02:04:16+00:00,238.14
2023-06-26 02:04:16+00:00,238.14
2023-06-26 02:04:16+00:00,238.14
2023-06-26 02:07:26+00:00,238.1
2023-06-26 02:07:26+00:00,238.1
2023-06-26 02:07:26+00:00,238.1
2023-06-26 02:07:26+00:00,238.1
2023-06-26 02:07:26+00:00,238.1
2023-06-26 02:07:26+00:00,238.1
2023-06-26 02:10:45+00:00,238.13
2023-06-26 02:10:45+00:00,238.13
2023-06-26 02:10:45+00:00,238.13
2023-06-26 02:14:07+00:00,238.06
2023-06-26 02:17:38+00:00,238.09
2023-06-26 02:17:38+00:00,238.09
2023-06-26 02:21:12+00:00,238.02
2023-06-26 02:21:12+00:00,238.02
2023-06-26 02:24:56+00:00,238.07
2023-06-26 02:24:56+00:00,238.07
2023-06-26 02:28:48+00:00,238.05
2023-06-26 02:28:48+00:00,238.05
2023-06-26 02:32:44+00:00,237.98
2023-06-26 02:32:44+00:00,237.98
2023-06-26 02:32:44+00:00,237.98
2023-06-26 02:32:44+00:00,237.98
2023-06-26 02:32:44+00:00,237.98
2023-06-26 02:32:44+00:00,237.98
2023-06-26 02:36:41+00:00,238.09
2023-06-26 02:36:41+00:00,238.09
2023-06-26 02:40:49+00:00,238.01
2023-06-26 02:45:04+00:00,237.96
2023-06-26 02:45:04+00:00,237.96
2023-06-26 02:49:28+00:00,238.01
2023-06-26 02:49:28+00:00,238.01
2023-06-26 02:53:55+00:00,238.04
2023-06-26 02:53:55+00:00,238.04
2023-06-26 02:53:55+00:00,238.04
2023-06-26 02:53:55+00:00,238.04
2023-06-26 02:58:28+00:00,238.09
2023-06-26 03:03:07+00:00,238.06
2023-06-26 03:03:07+00:00,238.06
2023-06-26 03:03:07+00:00,238.06
2023-06-26 03:07:53+00:00,238.09
2023-06-26 03:07:53+00:00,238.09
2023-06-26 03:07:53+00:00,238.09
2023-06-26 03:12:51+00:00,238.1
2023-06-26 03:12:51+00:00,238.1
2023-06-26 03:12:51+00:00,238.1
2023-06-26 03:12:51+00:00,238.1
2023-06-26 03:17:49+00:00,238.0
2023-06-26 03:17:49+00:00,238.0
2023-06-26 03:23:07+00:00,238.07
2023-06-26 03:23:07+00:00,238.07
2023-06-26 03:23:07+00:00,238.07
2023-06-26 03:28:16+00:00,238.03
2023-06-26 03:28:16+00:00,238.03
2023-06-26 03:28:16+00:00,238.03
2023-06-26 03:33:40+00:00,238.07
2023-06-26 03:33:40+00:00,238.07
2023-06-26 03:33:40+00:00,238.07
2023-06-26 03:39:00+00:00,238.1
2023-06-26 03:39:00+00:00,238.1
2023-06-26 03:39:00+00:00,238.1
2023-06-26 03:39:00+00:00,238.1
2023-06-26 03:44:32+00:00,238.04
2023-06-26 03:44:32+00:00,238.04
2023-06-26 03:50:07+00:00,238.11
2023-06-26 03:50:07+00:00,238.11
2023-06-26 03:50:07+00:00,238.11
2023-06-26 03:50:07+00:00,238.11
2023-06-26 03:50:07+00:00,238.11
2023-06-26 03:55:50+00:00,238.05
2023-06-26 04:01:37+00:00,237.95
2023-06-26 04:01:37+00:00,237.95
2023-06-26 04:01:37+00:00,237.95
2023-06-26 04:01:37+00:00,237.95
2023-06-26 04:01:37+00:00,237.95
2023-06-26 04:07:25+00:00,238.01
2023-06-26 04:07:25+00:00,238.01
2023-06-26 04:13:26+00:00,238.08
2023-06-26 04:13:26+00:00,238.08
2023-06-26 04:13:26+00:00,238.08
2023-06-26 04:13:26+00:00,238.08
2023-06-26 04:13:26+00:00,238.08
2023-06-26 04:13:26+00:00,238.08
2023-06-26 04:19:31+00:00,237.99
2023-06-26 04:19:31+00:00,237.99
2023-06-26 04:19:31+00:00,237.99
2023-06-26 04:19:31+00:00,237.99
2023-06-26 04:19:31+00:00,237.99
2023-06-26 04:19:31+00:00,237.99
2023-06-26 04:25:39+00:00,237.96
2023-06-26 04:25:39+00:00,237.96
2023-06-26 04:31:54+00:00,238.04
2023-06-26 04:31:54+00:00,238.04
2023-06-26 04:31:54+00:00,238.04
2023-06-26 04:31:54+00:00,238.04
2023-06-26 04:31:54+00:00,238.04
2023-06-26 04:31:54+00:00,238.04
2023-06-26 04:38:14+00:00,238.05
2023-06-26 04:38:14+00:00,238.05
2023-06-26 04:38:14+00:00,238.05
2023-06-26 04:38:14+00:00,238.05
2023-06-26 04:38:14+00:00,238.05
2023-06-26 04:38:14+00:00,238.05
2023-06-26 04:44:44+00:00,238.02
2023-06-26 04:51:20+00:00,237.98
2023-06-26 04:51:20+00:00,237.98
2023-06-26 04:51:20+00:00,237.98
2023-06-26 04:57:56+00:00,238.04
2023-06-26 04:57:56+00:00,238.04
2023-06-26 04:57:56+00:00,238.04
2023-06-26 04:57:56+00:00,238.04
2023-06-26 04:57:56+00:00,238.04
2023-06-26 05:04:32+00:00,238.0
2023-06-26 05:04:32+00:00,238.0
2023-06-26 05:04:32+00:00,238.0
2023-06-26 05:04:32+00:00,238.0
2023-06-26 05:04:32+00:00,238.0
2023-06-26 05:04:32+00:00,238.0
2023-06-26 05:11:30+00:00,238.04
2023-06-26 05:11:30+00:00,238.04
2023-06-26 05:18:28+00:00,238.05
2023-06-26 05:18:28+00:00,238.05
2023-06-26 05:25:31+00:00,238.02
2023-06-26 05:25:31+00:00,238.02
2023-06-26 05:25:31+00:00,238.02
2023-06-26 05:25:31+00:00,238.02
2023-06-26 05:32:52+00:00,238.04
2023-06-26 05:32:52+00:00,238.04
2023-06-26 05:40:24+00:00,238.06
2023-06-26 05:47:53+00:00,237.94
2023-06-26 05:47:53+00:00,237.94
2023-06-26 05:55:33+00:00,238.03
2023-06-26 05:55:33+00:00,238.03
2023-06-26 06:03:10+00:00,237.93
2023-06-26 06:03:10+00:00,237.93
2023-06-26 06:03:10+00:00,237.93
2023-06-26 06:03:10+00:00,237.93
2023-06-26 06:10:49+00:00,238.08
2023-06-26 06:10:49+00:00,238.08
2023-06-26 06:10:49+00:00,238.08
2023-06-26 06:10:49+00:00,238.08
2023-06-26 06:18:41+00:00,238.07
2023-06-26 06:18:41+00:00,238.07
2023-06-26 06:18:41+00:00,238.07
2023-06-26 06:26:38+00:00,238.03
2023-06-26 06:26:38+00:00,238.03
2023-06-26 06:34:36+00:00,237.98
2023-06-26 06:34:36+00:00,237.98
2023-06-26 06:34:36+00:00,237.98
2023-06-26 06:43:04+00:00,238.11
2023-06-26 06:51:20+00:00,237.97
2023-06-26 06:59:58+00:00,238.09
2023-06-26 06:59:58+00:00,238.09
2023-06-26 06:59:58+00:00,238.09
2023-06-26 06:59:58+00:00,238.09
2023-06-26 07:09:29+00:00,238.06
2023-06-26 07:09:29+00:00,238.06
2023-06-26 07:09:29+00:00,238.06
2023-06-26 07:09:29+00:00,238.06
2023-06-26 07:09:29+00:00,238.06
2023-06-26 07:18:05+00:00,238.13
2023-06-26 07:26:56+00:00,238.07
2023-06-26 07:26:56+00:00,238.07
2023-06-26 07:45:21+00:00,238.11
2023-06-26 08:13:56+00:00,238.09
2023-06-26 08:13:56+00:00,238.09
2023-06-26 08:24:08+00:00,238.09
2023-06-26 08:33:50+00:00,238.14
2023-06-26 08:33:50+00:00,238.14
2023-06-26 08:33:50+00:00,238.14
2023-06-26 08:53:41+00:00,238.13
2023-06-26 09:03:41+00:00,238.16
2023-06-26 09:03:41+00:00,238.16
2023-06-26 09:03:41+00:00,238.16
2023-06-26 09:13:55+00:00,238.12
2023-06-26 09:23:53+00:00,238.12
2023-06-26 09:33:57+00:00,238.14
2023-06-26 09:44:05+00:00,238.08
2023-06-26 09:44:05+00:00,238.08
2023-06-26 09:44:05+00:00,238.08
2023-06-26 09:44:05+00:00,238.08
2023-06-26 09:54:25+00:00,238.08
2023-06-26 09:54:25+00:00,238.08
2023-06-26 09:54:25+00:00,238.08
2023-06-26 09:54:25+00:00,238.08
2023-06-26 09:54:25+00:00,238.08
2023-06-26 10:25:59+00:00,238.01
2023-06-26 10:36:38+00:00,238.11
2023-06-26 10:47:27+00:00,238.03
2023-06-26 10:47:27+00:00,238.03
2023-06-26 10:47:27+00:00,238.03
2023-06-26 11:09:17+00:00,237.98
2023-06-26 11:20:20+00:00,238.05
2023-06-26 11:31:19+00:00,238.12
2023-06-26 11:31:19+00:00,238.12
2023-06-26 11:31:19+00:00,238.12
2023-06-26 11:42:51+00:00,238.04
2023-06-26 11:54:23+00:00,237.95
2023-06-26 11:54:23+00:00,237.95
2023-06-26 11:54:23+00:00,237.95
2023-06-26 11:54:23+00:00,237.95
2023-06-26 12:05:52+00:00,238.11
2023-06-26 12:05:52+00:00,238.11
2023-06-26 12:05:52+00:00,238.11
2023-06-26 12:17:40+00:00,238.01
2023-06-26 12:17:40+00:00,238.01
2023-06-26 12:17:40+00:00,238.01
2023-06-26 12:17:40+00:00,238.01
2023-06-26 12:29:19+00:00,238.01
2023-06-26 12:29:19+00:00,238.01
2023-06-26 12:29:19+00:00,238.01
2023-06-26 12:41:18+00:00,238.14
2023-06-26 12:41:18+00:00,238.14
2023-06-26 12:41:18+00:00,238.14
2023-06-26 12:53:11+00:00,238.08
2023-06-26 13:16:55+00:00,238.26
2023-06-26 13:16:55+00:00,238.26
2023-06-26 13:16:55+00:00,238.26
2023-06-26 13:30:49+00:00,238.19
2023-06-26 13:30:49+00:00,238.19
2023-06-26 13:45:18+00:00,238.23
2023-06-26 13:57:26+00:00,238.19
2023-06-26 14:09:48+00:00,238.23
2023-06-26 14:09:48+00:00,238.23
2023-06-26 14:09:48+00:00,238.23
2023-06-26 14:22:24+00:00,238.21
2023-06-26 14:22:24+00:00,238.21
2023-06-26 14:22:24+00:00,238.21
2023-06-26 14:35:14+00:00,238.14
2023-06-26 14:35:14+00:00,238.14
2023-06-26 15:01:19+00:00,238.22
2023-06-26 15:01:19+00:00,238.22
2023-06-26 15:14:37+00:00,238.2
2023-06-26 15:14:37+00:00,238.2
2023-06-26 15:27:38+00:00,238.18
2023-06-26 15:27:38+00:00,238.18
2023-06-26 15:27:38+00:00,238.18
2023-06-26 15:27:38+00:00,238.18
2023-06-26 15:27:38+00:00,238.18
2023-06-26 15:54:05+00:00,238.17
2023-06-26 16:07:47+00:00,238.13
2023-06-26 16:21:27+00:00,238.16
2023-06-26 16:35:07+00:00,238.13
2023-06-26 16:35:07+00:00,238.13
2023-06-26 16:35:07+00:00,238.13
2023-06-26 16:35:07+00:00,238.13
2023-06-26 16:49:04+00:00,238.15
2023-06-26 16:49:04+00:00,238.15
2023-06-26 16:49:04+00:00,238.15
2023-06-26 17:03:07+00:00,238.18
2023-06-26 17:17:01+00:00,238.2
2023-06-26 17:31:20+00:00,238.23
2023-06-26 17:31:20+00:00,238.23
2023-06-26 17:46:19+00:00,238.28
2023-06-26 18:15:16+00:00,238.23
2023-06-26 18:15:16+00:00,238.23
2023-06-26 18:15:16+00:00,238.23
2023-06-26 18:15:16+00:00,238.23
2023-06-26 18:29:34+00:00,238.16
2023-06-26 18:29:34+00:00,238.16
2023-06-26 18:59:03+00:00,238.16
2023-06-26 18:59:03+00:00,238.16
2023-06-26 18:59:03+00:00,238.16
2023-06-26 19:14:02+00:00,238.19
2023-06-26 19:14:02+00:00,238.19
2023-06-26 19:14:02+00:00,238.19
2023-06-26 19:14:02+00:00,238.19
2023-06-26 19:29:03+00:00,238.11
2023-06-26 19:44:07+00:00,238.15
2023-06-26 19:44:07+00:00,238.15
2023-06-26 19:59:14+00:00,238.12
2023-06-26 20:14:36+00:00,238.18
2023-06-26 20:14:36+00:00,238.18
2023-06-26 20:14:36+00:00,238.18
2023-06-26 20:14:36+00:00,238.18
2023-06-26 20:30:02+00:00,238.2
2023-06-26 20:30:02+00:00,238.2
2023-06-26 20:45:45+00:00,238.18
2023-06-26 21:01:31+00:00,238.08
2023-06-26 21:17:08+00:00,238.2
2023-06-26 21:17:08+00:00,238.2
2023-06-26 21:32:51+00:00,238.1
2023-06-26 21:48:48+00:00,238.12
2023-06-26 21:48:48+00:00,238.12
2023-06-26 21:48:48+00:00,238.12
2023-06-26 21:48:48+00:00,238.12
2023-06-26 21:48:48+00:00,238.12
2023-06-26 21:48:48+00:00,238.12
2023-06-26 22:04:43+00:00,238.13
2023-06-26 22:04:43+00:00,238.13
2023-06-26 22:20:53+00:00,238.16
2023-06-26 22:20:53+00:00,238.16
2023-06-26 22:20:53+00:00,238.16
2023-06-26 22:37:00+00:00,238.01
2023-06-26 22:37:00+00:00,238.01
2023-06-26 22:37:00+00:00,238.01
2023-06-26 22:53:25+00:00,238.12
2023-06-26 23:09:39+00:00,238.18
2023-06-26 23:26:03+00:00,238.13
2023-06-26 23:26:03+00:00,238.13
2023-06-26 23:26:03+00:00,238.13
2023-06-26 23:42:31+00:00,238.14
2023-06-26 23:59:28+00:00,238.14
2023-06-26 23:59:28+00:00,238.14
2023-06-26 23:59:28+00:00,238.14
2023-06-27 00:16:23+00:00,238.1
2023-06-27 00:33:29+00:00,238.02
2023-06-27 00:33:29+00:00,238.02
2023-06-27 00:50:48+00:00,238.07
2023-06-27 00:50:48+00:00,238.07
2023-06-27 01:07:58+00:00,238.11
2023-06-27 01:07:58+00:00,238.11
2023-06-27 01:43:06+00:00,238.11
2023-06-27 01:43:06+00:00,238.11
2023-06-27 01:43:06+00:00,238.11
2023-06-27 01:43:06+00:00,238.11
2023-06-27 01:43:06+00:00,238.11
2023-06-27 02:00:36+00:00,238.09
2023-06-27 02:18:14+00:00,238.07
2023-06-27 02:53:35+00:00,238.02
2023-06-27 03:29:36+00:00,237.98
2023-06-27 04:06:07+00:00,237.93
2023-06-27 04:06:07+00:00,237.93
2023-06-27 04:24:38+00:00,237.96
2023-06-27 04:24:38+00:00,237.96
2023-06-27 04:24:38+00:00,237.96
2023-06-27 04:24:38+00:00,237.96
2023-06-27 05:02:43+00:00,238.09
2023-06-27 05:21:19+00:00,238.02
2023-06-27 05:21:19+00:00,238.02
2023-06-27 05:21:19+00:00,238.02
2023-06-27 05:21:19+00:00,238.02
2023-06-27 05:21:19+00:00,238.02
2023-06-27 05:40:11+00:00,238.02
2023-06-27 05:40:11+00:00,238.02
2023-06-27 06:56:38+00:00,238.05
2023-06-27 08:34:15+00:00,238.11
2023-06-27 08:54:07+00:00,238.07
2023-06-27 09:54:42+00:00,238.16
2023-06-27 09:54:42+00:00,238.16
2023-06-27 09:54:42+00:00,238.16
2023-06-27 09:54:42+00:00,238.16
2023-06-27 10:15:15+00:00,238.1
2023-06-27 10:15:15+00:00,238.1
2023-06-27 10:15:15+00:00,238.1
2023-06-27 11:37:15+00:00,238.12
2023-06-27 11:58:10+00:00,238.05
2023-06-27 12:19:17+00:00,238.12
2023-06-27 13:01:51+00:00,238.12
2023-06-27 13:01:51+00:00,238.12
2023-06-27 13:22:58+00:00,238.16
2023-06-27 13:44:54+00:00,238.18
2023-06-27 14:06:06+00:00,238.07
2023-06-27 14:49:21+00:00,238.11
2023-06-27 14:49:21+00:00,238.11
2023-06-27 14:49:21+00:00,238.11
2023-06-27 15:11:01+00:00,238.1
2023-06-27 15:32:40+00:00,238.05
2023-06-27 15:32:40+00:00,238.05
2023-06-27 16:16:17+00:00,238.01
2023-06-27 16:16:17+00:00,238.01
2023-06-27 16:38:24+00:00,238.07
2023-06-27 16:38:24+00:00,238.07
2023-06-27 16:38:24+00:00,238.07
2023-06-27 17:45:46+00:00,237.97
2023-06-27 18:07:58+00:00,238.03
2023-06-27 18:07:58+00:00,238.03
2023-06-27 18:30:42+00:00,237.96
2023-06-27 18:53:36+00:00,238.01
2023-06-27 19:39:27+00:00,237.97
2023-06-27 20:02:31+00:00,237.91
2023-06-27 21:36:18+00:00,238.0
2023-06-27 21:59:52+00:00,238.04
2023-06-27 22:23:37+00:00,238.01
2023-06-27 22:47:21+00:00,238.0
2023-06-27 22:47:21+00:00,238.0
2023-06-27 22:47:21+00:00,238.0
2023-06-27 23:11:16+00:00,238.01
2023-06-27 23:59:25+00:00,237.95
2023-06-28 00:23:31+00:00,237.96
2023-06-28 00:48:16+00:00,237.93
2023-06-28 01:13:17+00:00,237.94
2023-06-28 02:27:18+00:00,238.06
2023-06-28 04:33:50+00:00,238.09
2023-06-28 04:33:50+00:00,238.09
2023-06-28 04:33:50+00:00,238.09
2023-06-28 05:24:42+00:00,238.08
2023-06-28 05:50:44+00:00,238.11
2023-06-28 05:50:44+00:00,238.11
2023-06-28 06:42:58+00:00,238.11
2023-06-28 07:08:49+00:00,238.06
2023-06-28 07:08:49+00:00,238.06
2023-06-28 07:35:01+00:00,238.05
2023-06-28 07:35:01+00:00,238.05
2023-06-28 08:01:14+00:00,238.08
2023-06-28 08:27:24+00:00,238.04
2023-06-28 09:25:47+00:00,238.15
2023-06-28 10:18:53+00:00,238.16
2023-06-28 10:45:31+00:00,238.23
2023-06-28 11:39:19+00:00,238.17
2023-06-28 12:06:58+00:00,238.13
2023-06-28 12:06:58+00:00,238.13
2023-06-28 13:02:40+00:00,238.33
2023-06-28 14:52:32+00:00,238.25
2023-06-28 17:42:05+00:00,238.21
2023-06-28 18:39:18+00:00,238.23
2023-06-28 23:04:09+00:00,237.95
2023-06-29 03:08:32+00:00,238.03
2023-06-29 05:14:44+00:00,238.15
